{
    "__comment": "Model generated using MrCrayfish's Model Creator (http://mrcrayfish.com/modelcreator/)",
    "textures": {
        "0": "blocks/shield",
        "1": "blocks/anvil_base",
        "2": "blocks/glass"
    },
    "elements": [
        {
            "name": "Cube",
            "from": [ 0.0, -11.0, 0.0 ], 
            "to": [ 12.0, 6.0, 1.0 ], 
            "faces": {
                "north": { "texture": "#0", "uv": [ 0.0, 0.0, 12.0, 16.0 ] },
                "east": { "texture": "#0", "uv": [ 0.0, 0.0, 1.0, 16.0 ] },
                "south": { "texture": "#0", "uv": [ 0.0, 0.0, 12.0, 16.0 ] },
                "west": { "texture": "#0", "uv": [ 0.0, 0.0, 1.0, 16.0 ] },
                "up": { "texture": "#0", "uv": [ 0.0, 0.0, 12.0, 1.0 ] },
                "down": { "texture": "#0", "uv": [ 0.0, 0.0, 12.0, 1.0 ] }
            }
        },
        {
            "name": "Cube",
            "from": [ 3.0, 0.0, -1.0 ], 
            "to": [ 9.0, 2.0, -0.10000000149011612 ], 
            "faces": {
                "north": { "texture": "#1", "uv": [ 0.0, 0.0, 6.0, 2.0 ] },
                "east": { "texture": "#1", "uv": [ 0.0, 0.0, 0.8999999985098839, 2.0 ] },
                "south": { "texture": "#1", "uv": [ 0.0, 0.0, 6.0, 2.0 ] },
                "west": { "texture": "#1", "uv": [ 0.0, 0.0, 0.8999999985098839, 2.0 ] },
                "up": { "texture": "#1", "uv": [ 0.0, 0.0, 6.0, 0.8999999985098839 ] },
                "down": { "texture": "#1", "uv": [ 0.0, 0.0, 6.0, 0.8999999985098839 ] }
            }
        },
        {
            "name": "Cube",
            "from": [ 0.0, 6.0, 0.0 ], 
            "to": [ 2.0, 11.0, 1.0 ], 
            "faces": {
                "north": { "texture": "#0", "uv": [ 0.0, 0.0, 2.0999999999999996, 5.0 ] },
                "east": { "texture": "#0", "uv": [ 0.0, 0.0, 1.0, 5.0 ] },
                "south": { "texture": "#0", "uv": [ 0.0, 0.0, 2.0, 5.0 ] },
                "west": { "texture": "#0", "uv": [ 0.0, 0.0, 1.0, 5.0 ] },
                "up": { "texture": "#0", "uv": [ 0.0, 0.0, 2.0, 1.0 ] },
                "down": { "texture": "#0", "uv": [ 0.0, 0.0, 2.0, 3.0 ] }
            }
        },
        {
            "name": "Cube",
            "from": [ 10.0, 5.0, 0.0 ], 
            "to": [ 12.0, 11.0, 1.0 ], 
            "faces": {
                "north": { "texture": "#0", "uv": [ 0.0, 0.0, 2.9, 6.0 ] },
                "east": { "texture": "#0", "uv": [ 0.0, 0.0, 1.0, 6.0 ] },
                "south": { "texture": "#0", "uv": [ 0.0, 0.0, 2.0, 6.0 ] },
                "west": { "texture": "#0", "uv": [ 0.0, 0.0, 1.0, 6.0 ] },
                "up": { "texture": "#0", "uv": [ 0.0, 0.0, 2.0, 1.0 ] },
                "down": { "texture": "#0", "uv": [ 0.0, 0.0, 2.0, 1.0 ] }
            }
        },
        {
            "name": "Cube",
            "from": [ 2.0, 9.0, 0.0 ], 
            "to": [ 10.0, 11.0, 0.9999999925494194 ], 
            "faces": {
                "north": { "texture": "#0", "uv": [ 0.0, 0.0, 8.0, 2.0 ] },
                "east": { "texture": "#0", "uv": [ 0.0, 0.0, 0.9999999925494194, 2.0 ] },
                "south": { "texture": "#0", "uv": [ 0.0, 0.0, 8.0, 2.0 ] },
                "west": { "texture": "#0", "uv": [ 0.0, 0.0, 0.9999999925494194, 2.0 ] },
                "up": { "texture": "#0", "uv": [ 0.0, 0.0, 8.0, 0.9999999925494194 ] },
                "down": { "texture": "#0", "uv": [ 0.0, 0.0, 8.0, 0.9999999925494194 ] }
            }
        },
        {
            "name": "Cube",
            "from": [ 1.8999999985098839, 5.899999998509884, 0.3999999910593033 ], 
            "to": [ 10.100000001490116, 9.100000016391277, 0.699999988079071 ], 
            "faces": {
                "north": { "texture": "#2", "uv": [ 1.0, 1.0, 13.0, 6.000000014901161 ] },
                "east": { "texture": "#2", "uv": [ 1.0, 1.0, 1.2999999970197678, 4.200000017881393 ] },
                "south": { "texture": "#2", "uv": [ 1.0, 1.0, 13.0, 6.000000014901161 ] },
                "west": { "texture": "#2", "uv": [ 0.0, 0.0, 0.29999999701976776, 3.2000000178813934 ] },
                "up": { "texture": "#2", "uv": [ 0.0, 0.0, 3.2000000029802322, 1.2999999970197678 ] },
                "down": { "texture": "#2", "uv": [ 0.0, 0.0, 8.200000002980232, 0.29999999701976776 ] }
            }
        }
    ]
}