{
    "parent": "guns/fn_scar",
    "display": {
         "thirdperson_righthand": {
            "rotation": [ 180, 270, 180 ],
            "translation": [ -2.5, 2.3, -2.7],
            "scale": [ 0.6, 0.6, 0.6 ]
        },
        "firstperson_righthand": {
            "rotation": [ 0, -87, 0 ],
            "translation": [ 5, 0, -30],
            "scale": [ 2.3, 2.3, 2.3 ]
        },
        "thirdperson_lefthand": {
            "rotation": [180, 90, 180 ],
            "translation": [ -2.5, 2.3, -2.7],
            "scale": [ 0.6, 0.6, 0.6 ]
        },
        "firstperson_lefthand": {
            "rotation": [ 0, 93, 0 ],
            "translation": [ 5, 0, -30],
            "scale": [ 2.3, 2.3, 2.3 ]
        },
        "gui": {
          "rotation": [ 0, 170, -50 ],
          "translation": [ -2, 3, -0 ],
          "scale": [ 0.6, 0.5, 0.6 ]
        },
        "ground": {
          "rotation": [ 0, 0, 0 ],
          "translation": [ 0, 6, 0 ],
          "scale": [ 0.8, 0.8, 0.8 ]
        },
        "fixed": {
          "rotation": [-0, 0, -45 ],
          "translation": [ 0, 2, -0 ],
          "scale": [ 1.7, 1.5, 1.7 ]

        }
    }
}