{
    "parent": "guns/leeenfield",
    "display": {
         "thirdperson_righthand": {
            "rotation": [ 180, 270, 180 ],
            "translation": [ -2.5, 2, -2],
            "scale": [ 0.57, 0.7, 0.7 ]
        },
        "firstperson_righthand": {
            "rotation": [ 0, -90, 0 ],
            "translation": [ -4, 5, -10],
            "scale": [ 1.35, 1.3, 1.15 ]
        },
        "thirdperson_lefthand": {
            "rotation": [180, 90, 180 ],
             "translation": [ -2.5, 2, -2],
            "scale": [ 0.57, 0.7, 0.7 ]
        },
        "firstperson_lefthand": {
            "rotation": [ 0, 90, 0 ],
           "translation": [ -4, 5, -10],
            "scale": [ 1.35, 1.3, 1.15 ]
        },
        "gui": {
          "rotation": [ 0, 170, -50 ],
          "translation": [ 0, 3, 0 ],          
	   "scale": [ 0.6, 0.75, 0.75 ]
        },
        "ground": {
          "rotation": [ 0, 0, 0 ],
          "translation": [ 0, 5, 0 ],
          "scale": [ 1, 1, 1 ]
        },
        "fixed": {
          "rotation": [-0, 0, -45 ],
          "translation": [ -3, 7, 0 ],
          "scale": [ 2, 2.1, 2 ]
        }
    }
}