{
    "parent": "guns/m1903",
    "display": {
        "thirdperson_righthand": {
            "rotation": [ 180, 270, 180 ],
            "translation": [ -2, 3, -2],
            "scale": [ 0.5, 0.6, 0.6 ]
        },
        "firstperson_righthand": {
            "rotation": [ 0, -90, 0 ],
            "translation": [ 0, 4, -30],
            "scale": [ 2.3, 2.3, 2.3 ]
        },
        "thirdperson_lefthand": {
            "rotation": [180, 90, 180 ],
            "translation": [ -2, 3, -2],
            "scale": [ 0.5, 0.6, 0.6 ]
        },
        "firstperson_lefthand": {
            "rotation": [ 0, 93, 0 ],
            "translation": [ 3, 4, -30],
            "scale": [ 2.3, 2.3, 2.3 ]
        },
        "gui": {
          "rotation": [ 0, 170, -50 ],
          "translation": [ -2, 3, -0 ],
          "scale": [ 0.6, 0.7, 0.7 ]
        },
        "ground": {
          "rotation": [ 0, 0, 0 ],
          "translation": [ 0, 4, 0 ],
          "scale": [ 1.2, 1.2, 1.2 ]
        },
        "fixed": {
          "rotation": [-0, 0, -45 ],
          "translation": [ 0, 10, -0 ],
          "scale": [ 2.1, 2.1, 2.1 ]

        }
    }
}