{
    "parent": "guns/m21",
    "display": {
         "thirdperson_righthand": {
            "rotation": [ 180, 270, 180 ],
            "translation": [ -3, 4.5, -0.7],
            "scale": [ 0.8, 1, 1 ]
        },
        "firstperson_righthand": {
            "rotation": [ 0, -87, 0 ],
            "translation": [ 0, 6, -15],
            "scale": [ 2.6, 2.6, 2.6 ]
        },
        "thirdperson_lefthand": {
            "rotation": [180, 90, 180 ],
            "translation": [ -2, 3.5, -0.7],
            "scale": [ 0.8, 1, 1 ]
        },
        "firstperson_lefthand": {
            "rotation": [ 0, 93, 0 ],
             "translation": [ 5, 6, -15],
            "scale": [ 2.6, 2.6, 2.6 ]
        },
        "gui": {
          "rotation": [ 0, 170, -50 ],
          "translation": [ -2, 1, 0 ],          
	   "scale": [ 0.76, 0.76, 0.76 ]
        },
        "ground": {
          "rotation": [ 0, 0, 0 ],
          "translation": [ 0, 5, 0 ],
          "scale": [ 1.2, 1.2, 1.2 ]
        },
        "fixed": {
          "rotation": [-0, 0, -45 ],
           "translation": [ 5, 3, 0 ],
          "scale": [ 2.3, 2.3, 2.3 ]
        }
    }
}