{
    "parent": "missiles/conventionalmissile",
      "display": {
        "gui": {
            "rotation": [ 15, 0, -45 ],
            "translation": [ 1, 0, 0 ],
            "scale": [ 0.625, 0.625, 0.625 ]
        },
        "ground": {
            "rotation": [ 0, 0, 90 ],
            "translation": [ 0, 3, 0 ],
            "scale": [ 0.5, 0.5, 0.5 ]
        },
        "fixed": {
            "rotation": [ 0, 0, 0 ],
            "translation": [ 0, 0, 0 ],
            "scale": [ 0.7, 0.7, 0.7 ]
        },
        "thirdperson_righthand": {
            "rotation": [ 0, 0, 0 ],
            "translation": [ 0, 0, 0 ],
            "scale": [ 0.4, 0.4, 0.4 ]
        },
        "thirdperson_lefthand": {
             "rotation": [ 0, 0, 0 ],
            "translation": [ 0, 0, 0 ],
            "scale": [ 0.4, 0.4, 0.4 ]
        },
        "firstperson_righthand": {
            "rotation": [ 0, 0, 10 ],
            "translation": [ 0, 3.5, 0 ],
            "scale": [ 0.4, 0.4, 0.4 ]
        },
        "firstperson_lefthand": {
            "rotation": [ 0, 0, 10 ],
            "translation": [ 0, 3.5, 0 ],
            "scale": [ 0.4, 0.4, 0.4 ]
        },
        "head": {
            "rotation": [ 0, 45, 0 ],
            "translation": [ 0, 15, 0 ],
            "scale": [ 3, 3, 3 ]
        }
    }
}