{
    "parent": "guns/mosinnagant",
    "display": {
         "thirdperson_righthand": {
            "rotation": [ 180, 270, 180 ],
            "translation": [ -2.5, 3, -1],
            "scale": [ 0.8, 1, 1 ]
        },
        "firstperson_righthand": {
            "rotation": [ 0, -90, 0 ],
            "translation": [ -2, 7, -9],
            "scale": [ 2, 2.3, 2.3 ]
        },
        "thirdperson_lefthand": {
            "rotation": [180, 90, 180 ],
            "translation": [ -1.5, 3, -1],
            "scale": [ 0.8, 1, 1 ]
        },
        "firstperson_lefthand": {
            "rotation": [ 0, 90, 0 ],
           "translation": [ 0, 7, -9],
            "scale": [ 2, 2.3, 2.3 ]
        },
        "gui": {
          "rotation": [ 0, 170, -50 ],
          "translation": [ -3, 0, 0 ],          
	   "scale": [ 0.8, 0.9, 0.9 ]
        },
        "ground": {
          "rotation": [ 0, 0, 0 ],
          "translation": [ 0, 5, 0 ],
          "scale": [ 1.3, 1.5, 1.5 ]
        },
        "fixed": {
          "rotation": [-0, 0, -45 ],
          "translation": [ 10, 0.9, 0 ],
          "scale": [ 2.5, 2.5, 2.5 ]
        }
    }
}