{
    "parent": "guns/mp40",
    "display": {
         "thirdperson_righthand": {
            "rotation": [ 180, 270, 180 ],
            "translation": [ -2.3, 0.5, -3.3],
            "scale": [ 0.54, 0.6, 0.6 ]
        },
        "firstperson_righthand": {
            "rotation": [ 0, -89, 0 ],
            "translation": [ 0, 0, -23],
            "scale": [ 2.3, 2.3, 2.3 ]
        },
        "thirdperson_lefthand": {
            "rotation": [ 180, 90, 180 ],
            "translation": [ -1.3, 0.5, -3.3],
            "scale": [ 0.54, 0.6, 0.6 ]
        },
        "firstperson_lefthand": {
            "rotation": [ 0, 91, 0 ],
            "translation": [ 3, 0, -23],
            "scale": [ 2.3, 2.3, 2.3 ]
        },
        "gui": {
          "rotation": [ 0, 170, -50 ],
          "translation": [ 0, 2, 0 ],          
	   "scale": [ 0.7, 0.6, 0.7 ]
        },
        "ground": {
          "rotation": [ 0, 0, 0 ],
          "translation": [ 0, 5, 0 ],
          "scale": [ 1, 1, 1 ]
        },
        "fixed": {
          "rotation": [-0, 0, -45 ],
          "translation": [ -1, 8, 0 ],
          "scale": [ 1.7, 1.7, 1.7 ]
        }
    }
}