{
    "parent": "guns/mp5",
    "display": {
        "thirdperson_righthand": {
            "rotation": [ 180, -90, 180 ],
            "translation": [ -2.5, 1, 5],
            "scale": [ 0.55, 0.55, 0.55 ]
        },
        "firstperson_righthand": {
            "rotation": [ 0, -90, 0 ],
            "translation": [ 3, -3, -5],
            "scale": [ 2, 2, 2 ]
        },
        "thirdperson_lefthand": {
             "rotation": [ 180, 90, 180 ],
              "translation": [ -2.5, 1, 5],
            "scale": [ 0.55, 0.55, 0.55 ]
        },
        "firstperson_lefthand": {
            "rotation": [ 0, 93, 0 ],
           "translation": [ 4, -3, -5],
            "scale": [ 2, 2, 2 ]
        },
        "gui": {
          "rotation": [ 0, -180, -50 ],
          "translation": [ -2, -2, 0 ],          
	   "scale": [ 0.8, 0.8, 0.8 ]
        },
        "ground": {
          "rotation": [ 0, 0, 0 ],
          "translation": [ 0, 5, 0 ],
          "scale": [ 0.8, 0.8, 0.8 ]
        },
        "fixed": {
          "rotation": [-0, 0, -45 ],
          "translation": [ 14, -7, 0 ],
          "scale": [ 2, 2, 2 ]
        }
    }
}