{
    "__comment": "Model generated using MrCrayfish's Model Creator (http://mrcrayfish.com/modelcreator/)",
    "textures": {
        "0": "blocks/anvil_base",
        "1": "blocks/hardened_clay_stained_gray",
        "2": "blocks/stone",
        "3": "blocks/planks_big_oak"
    },
    "elements": [
        {
            "name": "Cube",
            "from": [ -15.899999998509884, 5.200000002980232, 7.0 ], 
            "to": [ 6.000000014901161, 6.100000001490116, 7.899999998509884 ], 
            "faces": {
                "north": { "texture": "#0", "uv": [ 0.0, 0.0, 0.1, 0.1 ] },
                "east": { "texture": "#0", "uv": [ 0.0, 0.0, 0.8999999985098839, 0.8999999985098839 ] },
                "south": { "texture": "#0", "uv": [ 0.0, 0.0, 0.1, 0.1 ] },
                "west": { "texture": "#0", "uv": [ 0.0, 0.0, 0.1, 0.1 ] },
                "up": { "texture": "#0", "uv": [ 0.0, 0.0, 0.1, 0.1 ] },
                "down": { "texture": "#0", "uv": [ 0.0, 0.0, 0.1, 0.1 ] }
            }
        },
        {
            "name": "Cube",
            "from": [ -10.0, 4.0, 7.0 ], 
            "to": [ 4.200000002980232, 4.899999998509884, 7.899999998509884 ], 
            "faces": {
                "north": { "texture": "#0", "uv": [ 0.0, 0.0, 0.1, 0.1 ] },
                "east": { "texture": "#0", "uv": [ 0.0, 0.0, 0.6999999955296516, 0.8999999985098839 ] },
                "south": { "texture": "#0", "uv": [ 0.0, 0.0, 0.1, 0.1 ] },
                "west": { "texture": "#0", "uv": [ 0.0, 0.0, 0.6999999955296516, 0.8999999985098839 ] },
                "up": { "texture": "#0", "uv": [ 0.0, 0.0, 0.1, 0.1 ] },
                "down": { "texture": "#0", "uv": [ 0.0, 0.0, 0.1, 0.1 ] }
            }
        },
        {
            "name": "Cube",
            "from": [ 6.0, 2.6999999955296516, 6.5999999940395355 ], 
            "to": [ 15.599999994039536, 6.200000002980232, 8.200000002980232 ], 
            "faces": {
                "north": { "texture": "#1", "uv": [ 0.0, 0.0, 0.1, 0.1 ] },
                "east": { "texture": "#1", "uv": [ 0.0, 0.0, 0.1, 0.1 ] },
                "south": { "texture": "#1", "uv": [ 0.0, 0.0, 9.599999994039536, 3.5000000074505806 ] },
                "west": { "texture": "#1", "uv": [ 0.0, 0.0, 0.1, 0.1 ] },
                "up": { "texture": "#1", "uv": [ 0.0, 0.0, 0.1, 0.1 ] },
                "down": { "texture": "#1", "uv": [ 0.0, 0.0, 0.1, 0.1 ] }
            }
        },
        {
            "name": "Cube",
            "from": [ 6.0, 3.3000000044703484, 6.100000001490116 ], 
            "to": [ 7.5999999940395355, 5.600000008940697, 8.699999995529652 ], 
            "faces": {
                "north": { "texture": "#1", "uv": [ 0.0, 0.0, 0.1, 0.1 ] },
                "east": { "texture": "#1", "uv": [ 0.0, 0.0, 2.5999999940395355, 2.3000000044703484 ] },
                "south": { "texture": "#1", "uv": [ 0.0, 0.0, 0.1, 0.1 ] },
                "west": { "texture": "#1", "uv": [ 0.0, 0.0, 0.1, 0.1 ] },
                "up": { "texture": "#1", "uv": [ 0.0, 0.0, 1.5999999940395355, 2.5999999940395355 ] },
                "down": { "texture": "#1", "uv": [ 0.0, 0.0, 1.5999999940395355, 2.5999999940395355 ] }
            }
        },
        {
            "name": "Cube",
            "from": [ 6.0, 5.300000004470348, 5.899999998509884 ], 
            "to": [ 7.5999999940395355, 6.100000001490116, 7.899999998509884 ], 
            "shade": false,
            "rotation": { "origin": [ 7.899999998509884, 6.499999977648258, 7.899999998509884 ], "axis": "x", "angle": -45.0 },
            "faces": {
                "north": { "texture": "#1", "uv": [ 0.0, 0.0, 0.5999999940395355, 0.7999999970197678 ] },
                "east": { "texture": "#1", "uv": [ 0.0, 0.0, 2.0, 0.7999999970197678 ] },
                "south": { "texture": "#1", "uv": [ 0.0, 0.0, 0.1, 0.7999999970197678 ] },
                "west": { "texture": "#1", "uv": [ 0.0, 0.0, 2.0, 0.7999999970197678 ] },
                "up": { "texture": "#1", "uv": [ 0.0, 0.0, 1.5999999940395355, 2.0 ] },
                "down": { "texture": "#1", "uv": [ 0.0, 0.0, 1.5999999940395355, 2.0 ] }
            }
        },
        {
            "name": "Cube",
            "from": [ 6.0, 5.300000004470348, 7.100000001490116 ], 
            "to": [ 7.5999999940395355, 6.100000001490116, 7.880000001490116 ], 
            "shade": false,
            "rotation": { "origin": [ 7.899999998509884, 4.599999979138374, 7.100000016391277 ], "axis": "x", "angle": -45.0 },
            "faces": {
                "north": { "texture": "#1", "uv": [ 0.0, 0.0, 0.1, 0.7999999970197678 ] },
                "east": { "texture": "#1", "uv": [ 0.0, 0.0, 0.78, 0.7999999970197678 ] },
                "south": { "texture": "#1", "uv": [ 0.0, 0.0, 1.5999999940395355, 0.7999999970197678 ] },
                "west": { "texture": "#1", "uv": [ 0.0, 0.0, 0.78, 0.7999999970197678 ] },
                "up": { "texture": "#1", "uv": [ 0.0, 0.0, 1.5999999940395355, 0.78 ] },
                "down": { "texture": "#1", "uv": [ 0.0, 0.0, 1.5999999940395355, 0.78 ] }
            }
        },
        {
            "name": "Cube",
            "from": [ 6.0, 5.300000004470348, 5.899999998509884 ], 
            "to": [ 15.599999994039536, 6.100000001490116, 7.899999998509884 ], 
            "shade": false,
            "rotation": { "origin": [ 8.0, 3.6999999955296516, 4.899999998509884 ], "axis": "x", "angle": 45.0 },
            "faces": {
                "north": { "texture": "#1", "uv": [ 0.0, 0.0, 0.1, 0.1 ] },
                "east": { "texture": "#1", "uv": [ 0.0, 0.0, 0.1, 0.1 ] },
                "south": { "texture": "#1", "uv": [ 0.0, 0.0, 0.1, 0.1 ] },
                "west": { "texture": "#1", "uv": [ 0.0, 0.0, 0.1, 0.1 ] },
                "up": { "texture": "#1", "uv": [ 0.0, 0.0, 0.1, 0.1 ] },
                "down": { "texture": "#1", "uv": [ 0.0, 0.0, 0.1, 0.1 ] }
            }
        },
        {
            "name": "Cube",
            "from": [ 6.0, 5.300000004470348, 5.899999998509884 ], 
            "to": [ 15.599999994039536, 6.100000001490116, 7.899999998509884 ], 
            "shade": false,
            "rotation": { "origin": [ 8.0, 4.899999998509884, 9.399999991059303 ], "axis": "x", "angle": -45.0 },
            "faces": {
                "north": { "texture": "#1", "uv": [ 0.0, 0.0, 0.1, 0.1 ] },
                "east": { "texture": "#1", "uv": [ 0.0, 0.0, 0.1, 0.1 ] },
                "south": { "texture": "#1", "uv": [ 0.0, 0.0, 9.599999994039536, 0.7999999970197678 ] },
                "west": { "texture": "#1", "uv": [ 0.0, 0.0, 0.1, 0.1 ] },
                "up": { "texture": "#1", "uv": [ 0.0, 0.0, 0.1, 0.1 ] },
                "down": { "texture": "#1", "uv": [ 0.0, 0.0, 0.1, 0.1 ] }
            }
        },
        {
            "name": "Cube",
            "from": [ 7.5999999940395355, 3.3000000044703484, 6.1 ], 
            "to": [ 10.599999994039536, 5.100000001490116, 8.7 ], 
            "faces": {
                "north": { "texture": "#1", "uv": [ 0.0, 0.0, 0.1, 0.1 ] },
                "east": { "texture": "#1", "uv": [ 0.0, 0.0, 2.6, 1.7999999970197678 ] },
                "south": { "texture": "#1", "uv": [ 0.0, 0.0, 0.1, 0.1 ] },
                "west": { "texture": "#1", "uv": [ 0.0, 0.0, 2.6, 1.7999999970197678 ] },
                "up": { "texture": "#1", "uv": [ 0.0, 0.0, 0.1, 0.1 ] },
                "down": { "texture": "#1", "uv": [ 0.0, 0.0, 3.0, 2.6 ] }
            }
        },
        {
            "name": "Cube",
            "from": [ 10.599999994039536, 3.3000000044703484, 6.100000001490116 ], 
            "to": [ 15.599999994039536, 6.200000002980232, 8.699999995529652 ], 
            "faces": {
                "north": { "texture": "#1", "uv": [ 0.0, 0.0, 0.1, 0.1 ] },
                "east": { "texture": "#1", "uv": [ 0.0, 0.0, 0.1, 0.1 ] },
                "south": { "texture": "#1", "uv": [ 0.0, 0.0, 0.1, 0.1 ] },
                "west": { "texture": "#1", "uv": [ 0.0, 0.0, 0.1, 0.1 ] },
                "up": { "texture": "#1", "uv": [ 0.0, 0.0, 0.1, 0.1 ] },
                "down": { "texture": "#1", "uv": [ 0.0, 0.0, 0.1, 0.1 ] }
            }
        },
        {
            "name": "Cube",
            "from": [ 7.499999992549419, 5.300000004470348, 7.300000004470348 ], 
            "to": [ 10.599999994039536, 5.899999998509884, 7.9800000029802325 ], 
            "rotation": { "origin": [ 7.899999998509884, 4.599999979138374, 7.100000016391277 ], "axis": "x", "angle": -45.0 },
            "faces": {
                "north": { "texture": "#2", "uv": [ 0.0, 0.0, 3.100000001490116, 0.6999999955296516 ] },
                "east": { "texture": "#2", "uv": [ 0.0, 0.0, 0.6799999985098839, 0.6999999955296516 ] },
                "south": { "texture": "#2", "uv": [ 0.0, 0.0, 3.100000001490116, 0.6999999955296516 ] },
                "west": { "texture": "#2", "uv": [ 0.0, 0.0, 0.6799999985098839, 0.6999999955296516 ] },
                "up": { "texture": "#2", "uv": [ 0.0, 0.0, 0.10000000149011612, 0.6799999985098839 ] },
                "down": { "texture": "#2", "uv": [ 0.0, 0.0, 0.1, 0.1 ] }
            }
        },
        {
            "name": "Cube",
            "from": [ 7.499999992549419, 5.100000001490116, 6.300000004470348 ], 
            "to": [ 10.599999994039536, 5.699999995529652, 6.9800000029802325 ], 
            "faces": {
                "north": { "texture": "#2", "uv": [ 0.0, 0.0, 0.1, 0.1 ] },
                "east": { "texture": "#2", "uv": [ 0.0, 0.0, 0.6799999985098839, 0.5999999940395355 ] },
                "south": { "texture": "#2", "uv": [ 0.0, 0.0, 3.100000001490116, 0.5999999940395355 ] },
                "west": { "texture": "#2", "uv": [ 0.0, 0.0, 0.6799999985098839, 0.5999999940395355 ] },
                "up": { "texture": "#2", "uv": [ 0.0, 0.0, 0.1, 0.1 ] },
                "down": { "texture": "#2", "uv": [ 0.0, 0.0, 3.100000001490116, 0.6799999985098839 ] }
            }
        },
        {
            "name": "Cube",
            "from": [ 15.0, 3.4000000059604645, 6.5999999940395355 ], 
            "to": [ 19.599999994039536, 5.500000007450581, 8.200000002980232 ], 
            "rotation": { "origin": [ 16.0, 6.0, 8.0 ], "axis": "z", "angle": -22.5 },
            "faces": {
                "north": { "texture": "#3", "uv": [ 0.0, 0.0, 0.1, 0.1 ] },
                "east": { "texture": "#3", "uv": [ 0.0, 0.0, 0.1, 0.1 ] },
                "south": { "texture": "#3", "uv": [ 0.0, 0.0, 0.1, 0.1 ] },
                "west": { "texture": "#3", "uv": [ 0.0, 0.0, 0.1, 0.1 ] },
                "up": { "texture": "#3", "uv": [ 0.0, 0.0, 0.1, 0.1 ] },
                "down": { "texture": "#3", "uv": [ 0.0, 0.0, 0.1, 0.1 ] }
            }
        },
        {
            "name": "Cube",
            "from": [ 15.0, 3.4000000059604645, 6.5999999940395355 ], 
            "to": [ 17.599999994039536, 5.500000007450581, 8.200000002980232 ], 
            "rotation": { "origin": [ 19.600000023841858, 11.0, 8.0 ], "axis": "z", "angle": 22.5 },
            "faces": {
                "north": { "texture": "#3", "uv": [ 0.0, 0.0, 0.1, 0.1 ] },
                "east": { "texture": "#3", "uv": [ 0.0, 0.0, 1.6000000089406967, 2.100000001490116 ] },
                "south": { "texture": "#3", "uv": [ 0.0, 0.0, 0.1, 0.11 ] },
                "west": { "texture": "#3", "uv": [ 0.0, 0.0, 1.6000000089406967, 2.100000001490116 ] },
                "up": { "texture": "#3", "uv": [ 0.0, 0.0, 0.1, 0.1 ] },
                "down": { "texture": "#3", "uv": [ 0.0, 0.0, 0.1, 0.1 ] }
            }
        },
        {
            "name": "Cube",
            "from": [ 19.799999997019768, 3.100000001490116, 6.5999999940395355 ], 
            "to": [ 31.099999971687794, 5.200000002980232, 8.200000002980232 ], 
            "faces": {
                "north": { "texture": "#3", "uv": [ 0.0, 0.0, 0.1, 0.1 ] },
                "east": { "texture": "#3", "uv": [ 0.0, 0.0, 0.1, 0.1 ] },
                "south": { "texture": "#3", "uv": [ 0.0, 0.0, 0.1, 0.1 ] },
                "west": { "texture": "#3", "uv": [ 0.0, 0.0, 0.1, 0.1 ] },
                "up": { "texture": "#3", "uv": [ 0.0, 0.0, 0.1, 0.1 ] },
                "down": { "texture": "#3", "uv": [ 0.0, 0.0, 11.299999974668026, 1.6000000089406967 ] }
            }
        },
        {
            "name": "Cube",
            "from": [ 20.49999999254942, 3.100000001490116, 6.5999999940395355 ], 
            "to": [ 31.099999956786633, 5.4000000059604645, 8.200000002980232 ], 
            "rotation": { "origin": [ 20.100000016391277, 3.6999999955296516, 8.0 ], "axis": "z", "angle": -22.5 },
            "faces": {
                "north": { "texture": "#3", "uv": [ 0.0, 0.0, 0.1, 0.1 ] },
                "east": { "texture": "#3", "uv": [ 0.0, 0.0, 0.1, 0.1 ] },
                "south": { "texture": "#3", "uv": [ 0.0, 0.0, 0.1, 0.13 ] },
                "west": { "texture": "#3", "uv": [ 0.0, 0.0, 1.6000000089406967, 2.3000000044703484 ] },
                "up": { "texture": "#3", "uv": [ 0.0, 0.0, 10.599999964237213, 1.6000000089406967 ] },
                "down": { "texture": "#3", "uv": [ 0.0, 0.0, 0.1, 0.1 ] }
            }
        },
        {
            "name": "Cube",
            "from": [ 25.100000001490116, 0.9999999850988388, 6.5999999940395355 ], 
            "to": [ 30.999999970197678, 3.099999986588955, 8.200000002980232 ], 
            "faces": {
                "north": { "texture": "#3", "uv": [ 0.0, 0.0, 0.1, 0.1 ] },
                "east": { "texture": "#3", "uv": [ 0.0, 0.0, 0.1, 0.1 ] },
                "south": { "texture": "#3", "uv": [ 0.0, 0.0, 0.1, 0.1 ] },
                "west": { "texture": "#3", "uv": [ 0.0, 0.0, 1.6000000089406967, 2.100000001490116 ] },
                "up": { "texture": "#3", "uv": [ 0.0, 0.0, 0.1, 0.1 ] },
                "down": { "texture": "#3", "uv": [ 0.0, 0.0, 5.8999999687075615, 1.6000000089406967 ] }
            }
        },
        {
            "name": "Cube",
            "from": [ -0.8000000268220901, 2.899999998509884, 6.899999998509884 ], 
            "to": [ 5.899999983608723, 5.100000016391277, 7.799999997019768 ], 
            "faces": {
                "north": { "texture": "#3", "uv": [ 0.0, 0.0, 0.1, 0.1 ] },
                "east": { "texture": "#3", "uv": [ 0.0, 0.0, 0.8999999985098839, 2.2000000178813934 ] },
                "south": { "texture": "#3", "uv": [ 0.0, 0.0, 0.1, 0.1 ] },
                "west": { "texture": "#3", "uv": [ 0.0, 0.0, 0.8999999985098839, 2.2000000178813934 ] },
                "up": { "texture": "#3", "uv": [ 0.0, 0.0, 0.1, 0.1 ] },
                "down": { "texture": "#3", "uv": [ 0.0, 0.0, 0.1, 0.1 ] }
            }
        },
        {
            "name": "Cube",
            "from": [ -0.800000011920929, 5.300000004470348, 5.899999998509884 ], 
            "to": [ 5.799999982118607, 6.100000001490116, 7.5999999940395355 ], 
            "shade": false,
            "rotation": { "origin": [ 8.0, 3.7999999970197678, 4.799999997019768 ], "axis": "x", "angle": 45.0 },
            "faces": {
                "north": { "texture": "#3", "uv": [ 0.0, 0.0, 6.5999999940395355, 0.7999999970197678 ] },
                "east": { "texture": "#3", "uv": [ 0.0, 0.0, 0.1, 0.1 ] },
                "south": { "texture": "#3", "uv": [ 0.0, 0.0, 0.1, 0.1 ] },
                "west": { "texture": "#3", "uv": [ 0.0, 0.0, 0.1, 0.1 ] },
                "up": { "texture": "#3", "uv": [ 0.0, 0.0, 0.1, 0.1 ] },
                "down": { "texture": "#3", "uv": [ 0.0, 0.0, 0.1, 0.1 ] }
            }
        },
        {
            "name": "Cube",
            "from": [ -0.8000000044703484, 5.300000004470348, 5.899999998509884 ], 
            "to": [ 5.799999989569187, 6.100000001490116, 7.5999999940395355 ], 
            "shade": false,
            "rotation": { "origin": [ 8.0, 5.299999989569187, 9.299999989569187 ], "axis": "x", "angle": -45.0 },
            "faces": {
                "north": { "texture": "#3", "uv": [ 0.0, 0.0, 0.1, 0.1 ] },
                "east": { "texture": "#3", "uv": [ 0.0, 0.0, 0.1, 0.1 ] },
                "south": { "texture": "#3", "uv": [ 0.0, 0.0, 6.5999999940395355, 0.7999999970197678 ] },
                "west": { "texture": "#3", "uv": [ 0.0, 0.0, 0.1, 0.1 ] },
                "up": { "texture": "#3", "uv": [ 0.0, 0.0, 0.1, 0.1 ] },
                "down": { "texture": "#3", "uv": [ 0.0, 0.0, 6.5999999940395355, 1.6999999955296516 ] }
            }
        },
        {
            "name": "Cube",
            "from": [ -0.800000011920929, 3.5000000074505806, 6.299999989569187 ], 
            "to": [ 5.899999998509884, 4.500000022351742, 8.399999991059303 ], 
            "shade": false,
            "faces": {
                "north": { "texture": "#3", "uv": [ 0.0, 0.0, 0.1, 0.1 ] },
                "east": { "texture": "#3", "uv": [ 0.0, 0.0, 0.1, 0.1 ] },
                "south": { "texture": "#3", "uv": [ 0.0, 0.0, 0.1, 0.1 ] },
                "west": { "texture": "#3", "uv": [ 0.0, 0.0, 0.1, 0.1 ] },
                "up": { "texture": "#3", "uv": [ 0.0, 0.0, 0.1, 0.1 ] },
                "down": { "texture": "#3", "uv": [ 0.0, 0.0, 0.1, 0.1 ] }
            }
        },
        {
            "name": "Cube",
            "from": [ -0.800000011920929, 2.499999962747097, 7.900000028312206 ], 
            "to": [ 5.799999982118607, 3.2999999597668648, 9.600000023841858 ], 
            "shade": false,
            "rotation": { "origin": [ 8.0, 5.399999991059303, 9.599999994039536 ], "axis": "x", "angle": 45.0 },
            "faces": {
                "north": { "texture": "#3", "uv": [ 0.0, 0.0, 0.1, 0.1 ] },
                "east": { "texture": "#3", "uv": [ 0.0, 0.0, 0.1, 0.1 ] },
                "south": { "texture": "#3", "uv": [ 0.0, 0.0, 6.5999999940395355, 0.7999999970197678 ] },
                "west": { "texture": "#3", "uv": [ 0.0, 0.0, 0.1, 0.1 ] },
                "up": { "texture": "#3", "uv": [ 0.0, 0.0, 0.1, 0.1 ] },
                "down": { "texture": "#3", "uv": [ 0.0, 0.0, 0.1, 0.1 ] }
            }
        },
        {
            "name": "Cube",
            "from": [ -0.800000011920929, 2.499999962747097, 7.900000028312206 ], 
            "to": [ 5.799999982118607, 3.399999961256981, 9.600000023841858 ], 
            "shade": false,
            "rotation": { "origin": [ 8.0, 2.099999986588955, 6.600000008940697 ], "axis": "x", "angle": -45.0 },
            "faces": {
                "north": { "texture": "#3", "uv": [ 0.0, 0.0, 6.5999999940395355, 0.8999999985098839 ] },
                "east": { "texture": "#3", "uv": [ 0.0, 0.0, 0.1, 0.1 ] },
                "south": { "texture": "#3", "uv": [ 0.0, 0.0, 0.1, 0.1 ] },
                "west": { "texture": "#3", "uv": [ 0.0, 0.0, 0.1, 0.1 ] },
                "up": { "texture": "#3", "uv": [ 0.0, 0.0, 6.5999999940395355, 1.6999999955296516 ] },
                "down": { "texture": "#3", "uv": [ 0.0, 0.0, 0.1, 0.1 ] }
            }
        },
        {
            "name": "Cube",
            "from": [ 7.499999992549419, 5.100000001490116, 8.0 ], 
            "to": [ 10.599999994039536, 6.200000002980232, 8.679999998509883 ], 
            "shade": false,
            "faces": {
                "north": { "texture": "#1", "uv": [ 0.0, 0.0, 3.100000001490116, 1.1000000014901161 ] },
                "east": { "texture": "#1", "uv": [ 0.0, 0.0, 0.1, 1.1000000014901161 ] },
                "south": { "texture": "#1", "uv": [ 0.0, 0.0, 0.1, 0.1 ] },
                "west": { "texture": "#1", "uv": [ 0.0, 0.0, 0.6799999985098839, 1.1000000014901161 ] },
                "up": { "texture": "#1", "uv": [ 0.0, 0.0, 0.1, 0.1 ] },
                "down": { "texture": "#1", "uv": [ 0.0, 0.0, 0.1, 0.1 ] }
            }
        },
        {
            "name": "Cube",
            "from": [ -13.0, -1.0, 6.5999999940395355 ], 
            "to": [ -12.599999994039536, 5.5999999940395355, 6.999999985098839 ], 
            "rotation": { "origin": [ 8.0, 8.0, 8.0 ], "axis": "x", "angle": -22.5 },
            "faces": {
                "north": { "texture": "#2", "uv": [ 0.0, 0.0, 0.4000000059604645, 0.1 ] },
                "east": { "texture": "#2", "uv": [ 0.0, 0.0, 0.3999999910593033, 0.1 ] },
                "south": { "texture": "#2", "uv": [ 0.0, 0.0, 0.4000000059604645, 0.1 ] },
                "west": { "texture": "#2", "uv": [ 0.0, 0.0, 0.3999999910593033, 0.1 ] },
                "up": { "texture": "#2", "uv": [ 0.0, 0.0, 0.4000000059604645, 0.3999999910593033 ] },
                "down": { "texture": "#2", "uv": [ 0.0, 0.0, 0.4000000059604645, 0.3999999910593033 ] }
            }
        },
        {
            "name": "Cube",
            "from": [ -13.0, -1.0, 6.5999999940395355 ], 
            "to": [ -12.599999994039536, 5.5999999940395355, 6.999999985098839 ], 
            "rotation": { "origin": [ 8.0, 4.500000007450581, 6.0 ], "axis": "x", "angle": 22.5 },
            "faces": {
                "north": { "texture": "#2", "uv": [ 0.0, 0.0, 0.4, 0.1 ] },
                "east": { "texture": "#2", "uv": [ 0.0, 0.0, 0.3999999910593033, 0.1 ] },
                "south": { "texture": "#2", "uv": [ 0.0, 0.0, 0.4000000059604645, 0.1 ] },
                "west": { "texture": "#2", "uv": [ 0.0, 0.0, 0.3999999910593033, 0.1 ] },
                "up": { "texture": "#2", "uv": [ 0.0, 0.0, 0.4000000059604645, 0.3999999910593033 ] },
                "down": { "texture": "#2", "uv": [ 0.0, 0.0, 0.4000000059604645, 0.3999999910593033 ] }
            }
        },
        {
            "name": "Cube",
            "from": [ -13.300000004470348, -1.1000000014901161, 6.399999991059303 ], 
            "to": [ -12.399999991059303, -0.800000011920929, 7.199999988079071 ], 
            "rotation": { "origin": [ 8.0, 8.0, 8.0 ], "axis": "x", "angle": -22.5 },
            "faces": {
                "north": { "texture": "#0", "uv": [ 0.0, 0.0, 0.9000000134110451, 0.29999998956918716 ] },
                "east": { "texture": "#0", "uv": [ 0.0, 0.0, 0.7999999970197678, 0.29999998956918716 ] },
                "south": { "texture": "#0", "uv": [ 0.0, 0.0, 0.9000000134110451, 0.29999998956918716 ] },
                "west": { "texture": "#0", "uv": [ 0.0, 0.0, 0.7999999970197678, 0.29999998956918716 ] },
                "up": { "texture": "#0", "uv": [ 0.0, 0.0, 0.9000000134110451, 0.7999999970197678 ] },
                "down": { "texture": "#0", "uv": [ 0.0, 0.0, 0.9000000134110451, 0.7999999970197678 ] }
            }
        },
        {
            "name": "Cube",
            "from": [ -13.300000004470348, -1.1000000014901161, 6.399999991059303 ], 
            "to": [ -12.399999991059303, -0.800000011920929, 7.199999988079071 ], 
            "rotation": { "origin": [ 8.0, 4.500000007450581, 5.899999998509884 ], "axis": "x", "angle": 22.5 },
            "faces": {
                "north": { "texture": "#0", "uv": [ 0.0, 0.0, 0.9000000134110451, 0.29999998956918716 ] },
                "east": { "texture": "#0", "uv": [ 0.0, 0.0, 0.7999999970197678, 0.29999998956918716 ] },
                "south": { "texture": "#0", "uv": [ 0.0, 0.0, 0.9000000134110451, 0.29999998956918716 ] },
                "west": { "texture": "#0", "uv": [ 0.0, 0.0, 0.7999999970197678, 0.29999998956918716 ] },
                "up": { "texture": "#0", "uv": [ 0.0, 0.0, 0.9000000134110451, 0.7999999970197678 ] },
                "down": { "texture": "#0", "uv": [ 0.0, 0.0, 0.9000000134110451, 0.7999999970197678 ] }
            }
        },
        {
            "name": "Cube",
            "from": [ -13.300000004470348, 4.899999998509884, 6.799999997019768 ], 
            "to": [ -12.399999991059303, 6.299999989569187, 8.100000001490116 ], 
            "faces": {
                "north": { "texture": "#0", "uv": [ 0.0, 0.0, 0.9000000134110451, 1.3999999910593033 ] },
                "east": { "texture": "#0", "uv": [ 0.0, 0.0, 1.3000000044703484, 1.3999999910593033 ] },
                "south": { "texture": "#0", "uv": [ 0.0, 0.0, 0.9000000134110451, 1.3999999910593033 ] },
                "west": { "texture": "#0", "uv": [ 0.0, 0.0, 1.3000000044703484, 1.3999999910593033 ] },
                "up": { "texture": "#0", "uv": [ 0.0, 0.0, 0.9000000134110451, 1.3000000044703484 ] },
                "down": { "texture": "#0", "uv": [ 0.0, 0.0, 0.9000000134110451, 1.3000000044703484 ] }
            }
        },
        {
            "name": "Cube",
            "from": [ -13.200000002980232, 1.8999999985098839, 6.499999992549419 ], 
            "to": [ -12.49999999254942, 2.199999988079071, 7.099999986588955 ], 
            "rotation": { "origin": [ 8.0, 4.500000007450581, 5.899999998509884 ], "axis": "x", "angle": 22.5 },
            "faces": {
                "north": { "texture": "#0", "uv": [ 0.0, 0.0, 0.7000000104308128, 0.29999998956918716 ] },
                "east": { "texture": "#0", "uv": [ 0.0, 0.0, 0.5999999940395355, 0.29999998956918716 ] },
                "south": { "texture": "#0", "uv": [ 0.0, 0.0, 0.7000000104308128, 0.29999998956918716 ] },
                "west": { "texture": "#0", "uv": [ 0.0, 0.0, 0.5999999940395355, 0.29999998956918716 ] },
                "up": { "texture": "#0", "uv": [ 0.0, 0.0, 0.7000000104308128, 0.5999999940395355 ] },
                "down": { "texture": "#0", "uv": [ 0.0, 0.0, 0.7000000104308128, 0.5999999940395355 ] }
            }
        },
        {
            "name": "Cube",
            "from": [ -13.200000002980232, 1.7999999970197678, 6.499999992549419 ], 
            "to": [ -12.49999999254942, 2.099999986588955, 7.099999986588955 ], 
            "rotation": { "origin": [ 8.0, 8.0, 8.0 ], "axis": "x", "angle": -22.5 },
            "faces": {
                "north": { "texture": "#0", "uv": [ 0.0, 0.0, 0.7000000104308128, 0.29999998956918716 ] },
                "east": { "texture": "#0", "uv": [ 0.0, 0.0, 0.5999999940395355, 0.29999998956918716 ] },
                "south": { "texture": "#0", "uv": [ 0.0, 0.0, 0.7000000104308128, 0.29999998956918716 ] },
                "west": { "texture": "#0", "uv": [ 0.0, 0.0, 0.5999999940395355, 0.29999998956918716 ] },
                "up": { "texture": "#0", "uv": [ 0.0, 0.0, 0.7000000104308128, 0.5999999940395355 ] },
                "down": { "texture": "#0", "uv": [ 0.0, 0.0, 0.7000000104308128, 0.5999999940395355 ] }
            }
        },
        {
            "name": "Cube",
            "from": [ 1.7999999970197678, 6.799999997019768, 6.5999999940395355 ], 
            "to": [ 2.2000000029802322, 9.099999986588955, 6.999999985098839 ], 
            "rotation": { "origin": [ 8.0, 6.899999983608723, 8.400000005960464 ], "axis": "x", "angle": -45.0 },
            "faces": {
                "north": { "texture": "#0", "uv": [ 0.0, 0.0, 0.4000000059604645, 0.1 ] },
                "east": { "texture": "#0", "uv": [ 0.0, 0.0, 0.3999999910593033, 0.1 ] },
                "south": { "texture": "#0", "uv": [ 0.0, 0.0, 0.4000000059604645, 0.1 ] },
                "west": { "texture": "#0", "uv": [ 0.0, 0.0, 0.3999999910593033, 0.1 ] },
                "up": { "texture": "#0", "uv": [ 0.0, 0.0, 0.4000000059604645, 0.3999999910593033 ] },
                "down": { "texture": "#0", "uv": [ 0.0, 0.0, 0.4000000059604645, 0.3999999910593033 ] }
            }
        },
        {
            "name": "Cube",
            "from": [ 1.3999999910593033, 9.099999986588955, 6.399999991059303 ], 
            "to": [ 4.799999997019768, 9.899999968707561, 7.199999988079071 ], 
            "rotation": { "origin": [ 8.0, 6.899999983608723, 8.400000005960464 ], "axis": "x", "angle": -45.0 },
            "faces": {
                "north": { "texture": "#3", "uv": [ 0.0, 0.0, 0.1, 0.18 ] },
                "east": { "texture": "#3", "uv": [ 0.0, 0.0, 0.1, 0.18 ] },
                "south": { "texture": "#3", "uv": [ 0.0, 0.0, 0.1, 0.7999999821186066 ] },
                "west": { "texture": "#3", "uv": [ 0.0, 0.0, 0.1, 0.18 ] },
                "up": { "texture": "#3", "uv": [ 0.0, 0.0, 0.1, 0.1 ] },
                "down": { "texture": "#3", "uv": [ 0.0, 0.0, 0.1, 0.1 ] }
            }
        },
        {
            "name": "Cube",
            "from": [ 6.700000010430813, 6.399999991059303, 7.0 ], 
            "to": [ 9.300000004470348, 6.499999992549419, 7.800000011920929 ], 
            "faces": {
                "north": { "texture": "#0", "uv": [ 0.0, 0.0, 0.1, 0.10000000149011612 ] },
                "east": { "texture": "#0", "uv": [ 0.0, 0.0, 0.1, 0.10000000149011612 ] },
                "south": { "texture": "#0", "uv": [ 0.0, 0.0, 0.1, 0.10000000149011612 ] },
                "west": { "texture": "#0", "uv": [ 0.0, 0.0, 0.1, 0.10000000149011612 ] },
                "up": { "texture": "#0", "uv": [ 0.0, 0.0, 0.1, 0.1 ] },
                "down": { "texture": "#0", "uv": [ 0.0, 0.0, 0.1, 0.1 ] }
            }
        },
        {
            "name": "Cube",
            "from": [ 6.800000011920929, 6.299999989569187, 6.899999998509884 ], 
            "to": [ 7.200000002980232, 6.5999999940395355, 7.200000002980232 ], 
            "faces": {
                "north": { "texture": "#0", "uv": [ 0.0, 0.0, 0.3999999910593033, 0.30000000447034836 ] },
                "east": { "texture": "#0", "uv": [ 0.0, 0.0, 0.30000000447034836, 0.30000000447034836 ] },
                "south": { "texture": "#0", "uv": [ 0.0, 0.0, 0.3999999910593033, 0.30000000447034836 ] },
                "west": { "texture": "#0", "uv": [ 0.0, 0.0, 0.30000000447034836, 0.30000000447034836 ] },
                "up": { "texture": "#0", "uv": [ 0.0, 0.0, 0.3999999910593033, 0.30000000447034836 ] },
                "down": { "texture": "#0", "uv": [ 0.0, 0.0, 0.3999999910593033, 0.30000000447034836 ] }
            }
        },
        {
            "name": "Cube",
            "from": [ 6.800000011920929, 6.299999989569187, 7.5999999940395355 ], 
            "to": [ 7.200000002980232, 6.5999999940395355, 7.899999998509884 ], 
            "faces": {
                "north": { "texture": "#0", "uv": [ 0.0, 0.0, 0.3999999910593033, 0.30000000447034836 ] },
                "east": { "texture": "#0", "uv": [ 0.0, 0.0, 0.30000000447034836, 0.30000000447034836 ] },
                "south": { "texture": "#0", "uv": [ 0.0, 0.0, 0.3999999910593033, 0.30000000447034836 ] },
                "west": { "texture": "#0", "uv": [ 0.0, 0.0, 0.30000000447034836, 0.30000000447034836 ] },
                "up": { "texture": "#0", "uv": [ 0.0, 0.0, 0.3999999910593033, 0.30000000447034836 ] },
                "down": { "texture": "#0", "uv": [ 0.0, 0.0, 0.3999999910593033, 0.30000000447034836 ] }
            }
        },
        {
            "name": "Cube",
            "from": [ 8.600000008940697, 6.299999989569187, 7.5999999940395355 ], 
            "to": [ 9.0, 6.5999999940395355, 7.899999998509884 ], 
            "faces": {
                "north": { "texture": "#0", "uv": [ 0.0, 0.0, 0.3999999910593033, 0.30000000447034836 ] },
                "east": { "texture": "#0", "uv": [ 0.0, 0.0, 0.30000000447034836, 0.30000000447034836 ] },
                "south": { "texture": "#0", "uv": [ 0.0, 0.0, 0.3999999910593033, 0.30000000447034836 ] },
                "west": { "texture": "#0", "uv": [ 0.0, 0.0, 0.30000000447034836, 0.30000000447034836 ] },
                "up": { "texture": "#0", "uv": [ 0.0, 0.0, 0.3999999910593033, 0.30000000447034836 ] },
                "down": { "texture": "#0", "uv": [ 0.0, 0.0, 0.3999999910593033, 0.30000000447034836 ] }
            }
        },
        {
            "name": "Cube",
            "from": [ 8.600000008940697, 6.299999989569187, 6.899999998509884 ], 
            "to": [ 9.0, 6.5999999940395355, 7.200000002980232 ], 
            "faces": {
                "north": { "texture": "#0", "uv": [ 0.0, 0.0, 0.3999999910593033, 0.30000000447034836 ] },
                "east": { "texture": "#0", "uv": [ 0.0, 0.0, 0.30000000447034836, 0.30000000447034836 ] },
                "south": { "texture": "#0", "uv": [ 0.0, 0.0, 0.3999999910593033, 0.30000000447034836 ] },
                "west": { "texture": "#0", "uv": [ 0.0, 0.0, 0.30000000447034836, 0.30000000447034836 ] },
                "up": { "texture": "#0", "uv": [ 0.0, 0.0, 0.3999999910593033, 0.30000000447034836 ] },
                "down": { "texture": "#0", "uv": [ 0.0, 0.0, 0.3999999910593033, 0.30000000447034836 ] }
            }
        },
        {
            "name": "Cube",
            "from": [ 8.700000010430813, 7.399999991059303, 7.0 ], 
            "to": [ 9.0, 7.499999992549419, 7.3000000193715096 ], 
            "rotation": { "origin": [ 10.200000002980232, 7.600000008940697, 7.899999998509884 ], "axis": "z", "angle": 45.0 },
            "faces": {
                "north": { "texture": "#0", "uv": [ 0.0, 0.0, 2.5999999940395355, 0.10000000149011612 ] },
                "east": { "texture": "#0", "uv": [ 0.0, 0.0, 0.800000011920929, 0.10000000149011612 ] },
                "south": { "texture": "#0", "uv": [ 0.0, 0.0, 2.5999999940395355, 0.10000000149011612 ] },
                "west": { "texture": "#0", "uv": [ 0.0, 0.0, 0.800000011920929, 0.10000000149011612 ] },
                "up": { "texture": "#0", "uv": [ 0.0, 0.0, 2.5999999940395355, 0.800000011920929 ] },
                "down": { "texture": "#0", "uv": [ 0.0, 0.0, 2.5999999940395355, 0.800000011920929 ] }
            }
        },
        {
            "name": "Cube",
            "from": [ 8.700000010430813, 7.399999991059303, 7.500000007450581 ], 
            "to": [ 9.0, 7.499999992549419, 7.80000002682209 ], 
            "rotation": { "origin": [ 10.200000002980232, 7.600000008940697, 7.899999998509884 ], "axis": "z", "angle": 45.0 },
            "faces": {
                "north": { "texture": "#0", "uv": [ 0.0, 0.0, 2.5999999940395355, 0.10000000149011612 ] },
                "east": { "texture": "#0", "uv": [ 0.0, 0.0, 0.800000011920929, 0.10000000149011612 ] },
                "south": { "texture": "#0", "uv": [ 0.0, 0.0, 2.5999999940395355, 0.10000000149011612 ] },
                "west": { "texture": "#0", "uv": [ 0.0, 0.0, 0.800000011920929, 0.10000000149011612 ] },
                "up": { "texture": "#0", "uv": [ 0.0, 0.0, 2.5999999940395355, 0.800000011920929 ] },
                "down": { "texture": "#0", "uv": [ 0.0, 0.0, 2.5999999940395355, 0.800000011920929 ] }
            }
        },
        {
            "name": "Cube",
            "from": [ -13.0, 6.299999989569187, 7.299999989569187 ], 
            "to": [ -12.600000008940697, 6.899999998509884, 7.5999999940395355 ], 
            "faces": {
                "north": { "texture": "#0", "uv": [ 0.0, 0.0, 0.3999999910593033, 0.30000000447034836 ] },
                "east": { "texture": "#0", "uv": [ 0.0, 0.0, 0.30000000447034836, 0.30000000447034836 ] },
                "south": { "texture": "#0", "uv": [ 0.0, 0.0, 0.3999999910593033, 0.30000000447034836 ] },
                "west": { "texture": "#0", "uv": [ 0.0, 0.0, 0.30000000447034836, 0.30000000447034836 ] },
                "up": { "texture": "#0", "uv": [ 0.0, 0.0, 0.3999999910593033, 0.30000000447034836 ] },
                "down": { "texture": "#0", "uv": [ 0.0, 0.0, 0.3999999910593033, 0.30000000447034836 ] }
            }
        },
        {
            "name": "Cube",
            "from": [ -9.0, 3.6999999955296516, 6.899999983608723 ], 
            "to": [ -7.699999995529652, 6.300000004470348, 8.0 ], 
            "faces": {
                "north": { "texture": "#0", "uv": [ 0.0, 0.0, 0.3999999910593033, 0.30000000447034836 ] },
                "east": { "texture": "#0", "uv": [ 0.0, 0.0, 0.30000000447034836, 0.30000000447034836 ] },
                "south": { "texture": "#0", "uv": [ 0.0, 0.0, 0.3999999910593033, 0.30000000447034836 ] },
                "west": { "texture": "#0", "uv": [ 0.0, 0.0, 0.30000000447034836, 0.30000000447034836 ] },
                "up": { "texture": "#0", "uv": [ 0.0, 0.0, 0.3999999910593033, 0.30000000447034836 ] },
                "down": { "texture": "#0", "uv": [ 0.0, 0.0, 0.3999999910593033, 0.30000000447034836 ] }
            }
        },
        {
            "name": "Cube",
            "from": [ 7.499999992549419, -1.8999999985098839, 6.799999982118607 ], 
            "to": [ 11.599999994039536, 3.2000000029802322, 7.97999998807907 ], 
            "shade": false,
            "faces": {
                "north": { "texture": "#0", "uv": [ 0.0, 0.0, 0.1, 0.1 ] },
                "east": { "texture": "#0", "uv": [ 0.0, 0.0, 0.1, 0.1 ] },
                "south": { "texture": "#0", "uv": [ 0.0, 0.0, 0.1, 0.1 ] },
                "west": { "texture": "#0", "uv": [ 0.0, 0.0, 0.1, 0.1 ] },
                "up": { "texture": "#0", "uv": [ 0.0, 0.0, 3.100000001490116, 0.6799999985098839 ] },
                "down": { "texture": "#0", "uv": [ 0.0, 0.0, 0.1, 0.1 ] }
            }
        },
        {
            "name": "Cube",
            "from": [ 11.599999979138374, 1.4000000059604645, 6.999999985098839 ], 
            "to": [ 11.799999982118607, 2.700000010430813, 7.779999999999999 ], 
            "shade": false,
            "faces": {
                "north": { "texture": "#0", "uv": [ 0.0, 0.0, 0.1, 0.1 ] },
                "east": { "texture": "#0", "uv": [ 0.0, 0.0, 0.1, 0.1 ] },
                "south": { "texture": "#0", "uv": [ 0.0, 0.0, 0.1, 0.11 ] },
                "west": { "texture": "#0", "uv": [ 0.0, 0.0, 0.6799999985098839, 1.1000000014901161 ] },
                "up": { "texture": "#0", "uv": [ 0.0, 0.0, 0.1, 0.6799999985098839 ] },
                "down": { "texture": "#0", "uv": [ 0.0, 0.0, 3.100000001490116, 0.6799999985098839 ] }
            }
        },
        {
            "name": "Cube",
            "from": [ 14.199999988079071, 1.4000000059604645, 6.999999985098839 ], 
            "to": [ 14.399999991059303, 2.700000010430813, 7.779999999999999 ], 
            "shade": false,
            "faces": {
                "north": { "texture": "#0", "uv": [ 0.0, 0.0, 0.1, 0.1 ] },
                "east": { "texture": "#0", "uv": [ 0.0, 0.0, 0.17, 0.1 ] },
                "south": { "texture": "#0", "uv": [ 0.0, 0.0, 0.1, 0.1 ] },
                "west": { "texture": "#0", "uv": [ 0.0, 0.0, 0.6799999985098839, 0.1 ] },
                "up": { "texture": "#0", "uv": [ 0.0, 0.0, 3.100000001490116, 0.6799999985098839 ] },
                "down": { "texture": "#0", "uv": [ 0.0, 0.0, 3.100000001490116, 0.6799999985098839 ] }
            }
        },
        {
            "name": "Cube",
            "from": [ 14.199999988079071, 1.4000000059604645, 6.999999985098839 ], 
            "to": [ 14.399999991059303, 1.7000000104308128, 7.779999999999999 ], 
            "shade": false,
            "rotation": { "origin": [ 14.000000014901161, 1.5999999791383743, 8.0 ], "axis": "z", "angle": -45.0 },
            "faces": {
                "north": { "texture": "#0", "uv": [ 0.0, 0.0, 0.10000000149011612, 0.10000000149011612 ] },
                "east": { "texture": "#0", "uv": [ 0.0, 0.0, 0.6799999985098839, 0.10000000149011612 ] },
                "south": { "texture": "#0", "uv": [ 0.0, 0.0, 0.10000000149011612, 0.10000000149011612 ] },
                "west": { "texture": "#0", "uv": [ 0.0, 0.0, 0.6799999985098839, 1.1000000014901161 ] },
                "up": { "texture": "#0", "uv": [ 0.0, 0.0, 3.100000001490116, 0.6799999985098839 ] },
                "down": { "texture": "#0", "uv": [ 0.0, 0.0, 3.100000001490116, 0.6799999985098839 ] }
            }
        },
        {
            "name": "Cube",
            "from": [ 14.199999988079071, 1.4000000059604645, 6.999999985098839 ], 
            "to": [ 14.399999991059303, 1.7000000104308128, 7.779999999999999 ], 
            "shade": false,
            "rotation": { "origin": [ 13.30000001937151, -1.600000023841858, 8.0 ], "axis": "z", "angle": 45.0 },
            "faces": {
                "north": { "texture": "#0", "uv": [ 0.0, 0.0, 0.10000000149011612, 0.10000000149011612 ] },
                "east": { "texture": "#0", "uv": [ 0.0, 0.0, 0.6799999985098839, 1.1000000014901161 ] },
                "south": { "texture": "#0", "uv": [ 0.0, 0.0, 0.10000000149011612, 0.10000000149011612 ] },
                "west": { "texture": "#0", "uv": [ 0.0, 0.0, 0.6799999985098839, 1.1000000014901161 ] },
                "up": { "texture": "#0", "uv": [ 0.0, 0.0, 3.100000001490116, 0.6799999985098839 ] },
                "down": { "texture": "#0", "uv": [ 0.0, 0.0, 3.100000001490116, 0.6799999985098839 ] }
            }
        },
        {
            "name": "Cube",
            "from": [ 11.799999952316284, 1.2000000029802322, 6.999999985098839 ], 
            "to": [ 14.199999958276749, 1.4000000059604645, 7.779999999999999 ], 
            "shade": false,
            "faces": {
                "north": { "texture": "#0", "uv": [ 0.0, 0.0, 0.1, 0.1 ] },
                "east": { "texture": "#0", "uv": [ 0.0, 0.0, 0.1, 0.1 ] },
                "south": { "texture": "#0", "uv": [ 0.0, 0.0, 0.1, 0.1 ] },
                "west": { "texture": "#0", "uv": [ 0.0, 0.0, 0.1, 0.1 ] },
                "up": { "texture": "#0", "uv": [ 0.0, 0.0, 3.100000001490116, 0.6799999985098839 ] },
                "down": { "texture": "#0", "uv": [ 0.0, 0.0, 3.100000001490116, 0.6799999985098839 ] }
            }
        },
        {
            "name": "Cube",
            "from": [ 13.199999988079071, 1.4000000059604645, 6.999999985098839 ], 
            "to": [ 13.399999991059303, 1.800000011920929, 7.779999999999999 ], 
            "shade": false,
            "rotation": { "origin": [ 14.000000014901161, 1.5999999791383743, 8.0 ], "axis": "z", "angle": -22.5 },
            "faces": {
                "north": { "texture": "#0", "uv": [ 0.0, 0.0, 0.1, 0.1 ] },
                "east": { "texture": "#0", "uv": [ 0.0, 0.0, 0.1, 0.1 ] },
                "south": { "texture": "#0", "uv": [ 0.0, 0.0, 0.1, 0.1 ] },
                "west": { "texture": "#0", "uv": [ 0.0, 0.0, 0.1, 0.1 ] },
                "up": { "texture": "#0", "uv": [ 0.0, 0.0, 3.100000001490116, 0.6799999985098839 ] },
                "down": { "texture": "#0", "uv": [ 0.0, 0.0, 3.100000001490116, 0.6799999985098839 ] }
            }
        },
        {
            "name": "Cube",
            "from": [ 13.299999989569187, 2.0, 6.999999985098839 ], 
            "to": [ 13.49999999254942, 2.700000010430813, 7.779999999999999 ], 
            "shade": false,
            "faces": {
                "north": { "texture": "#0", "uv": [ 0.0, 0.0, 0.10000000149011612, 0.10000000149011612 ] },
                "east": { "texture": "#0", "uv": [ 0.0, 0.0, 0.6799999985098839, 0.10000000149011612 ] },
                "south": { "texture": "#0", "uv": [ 0.0, 0.0, 0.10000000149011612, 0.10000000149011612 ] },
                "west": { "texture": "#0", "uv": [ 0.0, 0.0, 0.6799999985098839, 0.10000000149011612 ] },
                "up": { "texture": "#0", "uv": [ 0.0, 0.0, 3.100000001490116, 0.6799999985098839 ] },
                "down": { "texture": "#0", "uv": [ 0.0, 0.0, 3.100000001490116, 0.6799999985098839 ] }
            }
        }
    ]
}