{
    "__comment": "Model generated using MrCrayfish's Model Creator (http://mrcrayfish.com/modelcreator/)",
    "textures": {
        "0": "blocks/colours/chrome",
        "1": "blocks/anvil_base",
        "2": "blocks/wool_colored_black"
    },
    "elements": [
        {
            "name": "Cube",
            "from": [ 0.0, 7.0, 7.200000002980232 ],
            "to": [ 10.0, 8.0, 8.0 ], 
            "faces": {
                "north": { "texture": "#0", "uv": [ 0.0, 0.0, 0.1, 0.1 ] },
                "east": { "texture": "#0", "uv": [ 0.0, 0.0, 0.1, 0.1 ] },
                "south": { "texture": "#0", "uv": [ 0.0, 0.0, 0.1, 0.1 ] },
                "west": { "texture": "#0", "uv": [ 0.0, 0.0, 0.1, 0.1 ] },
                "up": { "texture": "#0", "uv": [ 0.0, 0.0, 0.1, 0.1 ] },
                "down": { "texture": "#0", "uv": [ 0.0, 0.0, 0.1, 0.1 ] }
            }
        },
        {
            "name": "Cube",
            "from": [ 0.0, 6.499999992549419, 7.0 ], 
            "to": [ 10.0, 8.0, 8.0 ], 
            "rotation": { "origin": [ 8.0, 8.0, 8.0 ], "axis": "x", "angle": -22.5 },
            "faces": {
                "north": { "texture": "#0", "uv": [ 0.0, 0.0, 0.1, 0.1 ] },
                "east": { "texture": "#0", "uv": [ 0.0, 0.0, 0.1, 0.1 ] },
                "south": { "texture": "#0", "uv": [ 0.0, 0.0, 0.1, 0.1 ] },
                "west": { "texture": "#0", "uv": [ 0.0, 0.0, 0.1, 0.1 ] },
                "up": { "texture": "#0", "uv": [ 0.0, 0.0, 0.1, 0.1 ] },
                "down": { "texture": "#0", "uv": [ 0.0, 0.0, 0.1, 0.1 ] }
            }
        },
        {
            "name": "Cube",
            "from": [ 0.0, 6.199999988079071, 7.200000002980232 ], 
            "to": [ 10.0, 7.699999995529652, 8.0 ], 
            "rotation": { "origin": [ 8.0, 8.0, 8.0 ], "axis": "x", "angle": 22.5 },
            "faces": {
                "north": { "texture": "#0", "uv": [ 0.0, 0.0, 0.1, 0.1 ] },
                "east": { "texture": "#0", "uv": [ 0.0, 0.0, 0.1, 0.1 ] },
                "south": { "texture": "#0", "uv": [ 0.0, 0.0, 0.1, 0.1 ] },
                "west": { "texture": "#0", "uv": [ 0.0, 0.0, 0.1, 0.1 ] },
                "up": { "texture": "#0", "uv": [ 0.0, 0.0, 0.1, 0.1 ] },
                "down": { "texture": "#0", "uv": [ 0.0, 0.0, 0.1, 0.1 ] }
            }
        },
        {
            "name": "Cube",
            "from": [ 0.0, 5.699999995529652, 6.5999999940395355 ], 
            "to": [ 10.0, 6.699999995529652, 8.49999999254942 ], 
            "faces": {
                "north": { "texture": "#0", "uv": [ 0.0, 0.0, 0.1, 0.1 ] },
                "east": { "texture": "#0", "uv": [ 0.0, 0.0, 0.1, 0.1 ] },
                "south": { "texture": "#0", "uv": [ 0.0, 0.0, 0.1, 0.1 ] },
                "west": { "texture": "#0", "uv": [ 0.0, 0.0, 0.1, 0.1 ] },
                "up": { "texture": "#0", "uv": [ 0.0, 0.0, 0.1, 0.1 ] },
                "down": { "texture": "#0", "uv": [ 0.0, 0.0, 0.1, 0.1 ] }
            }
        },
        {
            "name": "Cube",
            "from": [ 9.999999985098839, 5.699999995529652, 6.5999999940395355 ], 
            "to": [ 13.999999985098839, 8.0, 8.49999999254942 ], 
            "faces": {
                "north": { "texture": "#0", "uv": [ 0.0, 0.0, 0.1, 0.1 ] },
                "east": { "texture": "#0", "uv": [ 0.0, 0.0, 0.1, 0.1 ] },
                "south": { "texture": "#0", "uv": [ 0.0, 0.0, 0.1, 0.1 ] },
                "west": { "texture": "#0", "uv": [ 0.0, 0.0, 0.1, 0.1 ] },
                "up": { "texture": "#0", "uv": [ 0.0, 0.0, 0.1, 0.1 ] },
                "down": { "texture": "#0", "uv": [ 0.0, 0.0, 0.1, 0.1 ] }
            }
        },
        {
            "name": "Cube",
            "from": [ 13.999999985098839, 5.899999998509884, 6.5999999940395355 ], 
            "to": [ 15.69999996572733, 8.0, 8.49999999254942 ], 
            "rotation": { "origin": [ 15.0, 3.700000010430813, 8.0 ], "axis": "z", "angle": 22.5 },
            "faces": {
                "north": { "texture": "#0", "uv": [ 0.0, 0.0, 0.1, 0.1 ] },
                "east": { "texture": "#0", "uv": [ 0.0, 0.0, 0.1, 0.1 ] },
                "south": { "texture": "#0", "uv": [ 0.0, 0.0, 0.1, 0.1 ] },
                "west": { "texture": "#0", "uv": [ 0.0, 0.0, 0.1, 0.1 ] },
                "up": { "texture": "#0", "uv": [ 0.0, 0.0, 0.1, 0.1 ] },
                "down": { "texture": "#0", "uv": [ 0.0, 0.0, 0.1, 0.1 ] }
            }
        },
        {
            "name": "Cube",
            "from": [ 9.599999979138374, 4.400000020861626, 6.899999998509884 ], 
            "to": [ 13.099999971687794, 5.700000025331974, 8.199999988079071 ], 
            "faces": {
                "north": { "texture": "#0", "uv": [ 0.0, 0.0, 0.1, 0.1 ] },
                "east": { "texture": "#0", "uv": [ 0.0, 0.0, 0.1, 0.1 ] },
                "south": { "texture": "#0", "uv": [ 0.0, 0.0, 0.1, 0.1 ] },
                "west": { "texture": "#0", "uv": [ 0.0, 0.0, 0.1, 0.1 ] },
                "up": { "texture": "#0", "uv": [ 0.0, 0.0, 0.1, 0.1 ] },
                "down": { "texture": "#0", "uv": [ 0.0, 0.0, 0.1, 0.1 ] }
            }
        },
        {
            "name": "Cube",
            "from": [ 9.899999983608723, 3.1000000312924385, 6.899999998509884 ], 
            "to": [ 13.399999976158142, 4.400000035762787, 8.199999988079071 ], 
            "faces": {
                "north": { "texture": "#0", "uv": [ 0.0, 0.0, 0.1, 0.1 ] },
                "east": { "texture": "#0", "uv": [ 0.0, 0.0, 0.1, 0.1 ] },
                "south": { "texture": "#0", "uv": [ 0.0, 0.0, 0.1, 0.1 ] },
                "west": { "texture": "#0", "uv": [ 0.0, 0.0, 0.1, 0.1 ] },
                "up": { "texture": "#0", "uv": [ 0.0, 0.0, 0.1, 0.1 ] },
                "down": { "texture": "#0", "uv": [ 0.0, 0.0, 0.1, 0.1 ] }
            }
        },
        {
            "name": "Cube",
            "from": [ 10.199999988079071, 1.8000000268220901, 6.899999998509884 ], 
            "to": [ 13.69999998062849, 3.1000000312924385, 8.199999988079071 ], 
            "faces": {
                "north": { "texture": "#0", "uv": [ 0.0, 0.0, 0.1, 0.1 ] },
                "east": { "texture": "#0", "uv": [ 0.0, 0.0, 0.1, 0.1 ] },
                "south": { "texture": "#0", "uv": [ 0.0, 0.0, 0.1, 0.1 ] },
                "west": { "texture": "#0", "uv": [ 0.0, 0.0, 0.1, 0.1 ] },
                "up": { "texture": "#0", "uv": [ 0.0, 0.0, 0.1, 0.1 ] },
                "down": { "texture": "#0", "uv": [ 0.0, 0.0, 0.1, 0.1 ] }
            }
        },
        {
            "name": "Cube",
            "from": [ 10.49999999254942, 1.3000000342726707, 6.899999998509884 ], 
            "to": [ 13.999999985098839, 1.8000000268220901, 8.199999988079071 ], 
            "faces": {
                "north": { "texture": "#0", "uv": [ 0.0, 0.0, 0.1, 0.1 ] },
                "east": { "texture": "#0", "uv": [ 0.0, 0.0, 0.1, 0.1 ] },
                "south": { "texture": "#0", "uv": [ 0.0, 0.0, 0.1, 0.1 ] },
                "west": { "texture": "#0", "uv": [ 0.0, 0.0, 0.1, 0.1 ] },
                "up": { "texture": "#0", "uv": [ 0.0, 0.0, 0.1, 0.1 ] },
                "down": { "texture": "#0", "uv": [ 0.0, 0.0, 0.1, 0.1 ] }
            }
        },
        {
            "name": "Cube",
            "from": [ 13.099999971687794, 5.300000034272671, 6.5999999940395355 ], 
            "to": [ 14.799999967217445, 6.000000029802322, 8.49999999254942 ], 
            "faces": {
                "north": { "texture": "#0", "uv": [ 0.0, 0.0, 0.1, 0.1 ] },
                "east": { "texture": "#0", "uv": [ 0.0, 0.0, 0.1, 0.1 ] },
                "south": { "texture": "#0", "uv": [ 0.0, 0.0, 0.1, 0.1 ] },
                "west": { "texture": "#0", "uv": [ 0.0, 0.0, 0.1, 0.1 ] },
                "up": { "texture": "#0", "uv": [ 0.0, 0.0, 0.1, 0.1 ] },
                "down": { "texture": "#0", "uv": [ 0.0, 0.0, 0.1, 0.1 ] }
            }
        },
        {
            "name": "Cube",
            "from": [ 11.299999974668026, 2.400000035762787, 7.4000000059604645 ], 
            "to": [ 12.599999964237213, 3.0000000298023224, 7.799999982118607 ], 
            "rotation": { "origin": [ 8.0, 8.0, 8.0 ], "axis": "z", "angle": 45.0 },
            "faces": {
                "north": { "texture": "#1", "uv": [ 0.0, 0.0, 0.1, 0.1 ] },
                "east": { "texture": "#1", "uv": [ 0.0, 0.0, 0.1, 0.1 ] },
                "south": { "texture": "#1", "uv": [ 0.0, 0.0, 0.09999999999999964, -8.9 ] },
                "west": { "texture": "#1", "uv": [ 0.0, 0.0, -8.9, -0.9 ] },
                "up": { "texture": "#1", "uv": [ 0.0, 0.0, 0.1, 0.1 ] },
                "down": { "texture": "#1", "uv": [ 0.0, 0.0, 0.1, 0.1 ] }
            }
        },
        {
            "name": "Cube",
            "from": [ 0.09999997168779373, 5.400000035762787, 6.899999998509884 ], 
            "to": [ 9.599999979138374, 5.700000040233135, 8.199999988079071 ], 
            "faces": {
                "north": { "texture": "#1", "uv": [ 0.0, 0.0, 0.1, 0.1 ] },
                "east": { "texture": "#1", "uv": [ 0.0, 0.0, 0.1, 0.1 ] },
                "south": { "texture": "#1", "uv": [ 0.0, 0.0, 0.1, 0.1 ] },
                "west": { "texture": "#1", "uv": [ 0.0, 0.0, 0.1, 0.1 ] },
                "up": { "texture": "#1", "uv": [ 0.0, 0.0, 0.1, 0.1 ] },
                "down": { "texture": "#1", "uv": [ 0.0, 0.0, 0.1, 0.1 ] }
            }
        },
        {
            "name": "Cube",
            "from": [ 7.099999971687794, 3.3000000342726707, 7.0 ], 
            "to": [ 9.899999983608723, 3.7000000402331352, 8.099999986588955 ], 
            "faces": {
                "north": { "texture": "#1", "uv": [ 0.0, 0.0, 0.1, 0.1 ] },
                "east": { "texture": "#1", "uv": [ 0.0, 0.0, 0.1, 0.1 ] },
                "south": { "texture": "#1", "uv": [ 0.0, 0.0, 0.1, 0.1 ] },
                "west": { "texture": "#1", "uv": [ 0.0, 0.0, 0.1, 0.1 ] },
                "up": { "texture": "#1", "uv": [ 0.0, 0.0, 0.1, 0.1 ] },
                "down": { "texture": "#1", "uv": [ 0.0, 0.0, 0.1, 0.1 ] }
            }
        },
        {
            "name": "Cube",
            "from": [ 6.6999999806284904, 3.7000000402331352, 7.0000000014901165 ], 
            "to": [ 7.099999971687794, 5.60000005364418, 8.099999988079071 ], 
            "faces": {
                "north": { "texture": "#1", "uv": [ 0.0, 0.0, 0.1, 0.1 ] },
                "east": { "texture": "#1", "uv": [ 0.0, 0.0, 0.1, 0.1 ] },
                "south": { "texture": "#1", "uv": [ 0.0, 0.0, 0.1, 0.1 ] },
                "west": { "texture": "#1", "uv": [ 0.0, 0.0, 0.1, 0.1 ] },
                "up": { "texture": "#1", "uv": [ 0.0, 0.0, 0.1, 0.1 ] },
                "down": { "texture": "#1", "uv": [ 0.0, 0.0, 0.1, 0.1 ] }
            }
        },
        {
            "name": "Cube",
            "from": [ 9.100000001490116, 3.7000000402331352, 7.400000007450581 ], 
            "to": [ 10.0, 5.60000005364418, 7.799999983608723 ], 
            "faces": {
                "north": { "texture": "#1", "uv": [ 0.0, 0.0, 0.1, 0.1 ] },
                "east": { "texture": "#1", "uv": [ 0.0, 0.0, 0.1, 0.1 ] },
                "south": { "texture": "#1", "uv": [ 0.0, 0.0, 0.1, 0.1 ] },
                "west": { "texture": "#1", "uv": [ 0.0, 0.0, 0.1, 0.1 ] },
                "up": { "texture": "#1", "uv": [ 0.0, 0.0, 0.1, 0.1 ] },
                "down": { "texture": "#1", "uv": [ 0.0, 0.0, 0.1, 0.1 ] }
            }
        },
        {
            "name": "Cube",
            "from": [ 8.899999998509884, 3.7000000402331352, 7.400000007450581 ], 
            "to": [ 9.799999997019768, 4.300000034272671, 7.799999983608723 ], 
            "faces": {
                "north": { "texture": "#1", "uv": [ 0.0, 0.0, 0.1, 0.1 ] },
                "east": { "texture": "#1", "uv": [ 0.0, 0.0, 0.1, 0.1 ] },
                "south": { "texture": "#1", "uv": [ 0.0, 0.0, 0.1, 0.1 ] },
                "west": { "texture": "#1", "uv": [ 0.0, 0.0, 0.1, 0.1 ] },
                "up": { "texture": "#1", "uv": [ 0.0, 0.0, 0.1, 0.1 ] },
                "down": { "texture": "#1", "uv": [ 0.0, 0.0, 0.1, 0.1 ] }
            }
        },
        {
            "name": "Cube",
            "from": [ 8.899999998509884, 4.900000058114529, 7.400000007450581 ], 
            "to": [ 9.799999997019768, 5.500000052154064, 7.799999983608723 ], 
            "faces": {
                "north": { "texture": "#1", "uv": [ 0.0, 0.0, 0.1, 0.1 ] },
                "east": { "texture": "#1", "uv": [ 0.0, 0.0, 0.1, 0.1 ] },
                "south": { "texture": "#1", "uv": [ 0.0, 0.0, 0.1, 0.1 ] },
                "west": { "texture": "#1", "uv": [ 0.0, 0.0, 0.1, 0.1 ] },
                "up": { "texture": "#1", "uv": [ 0.0, 0.0, 0.1, 0.1 ] },
                "down": { "texture": "#1", "uv": [ 0.0, 0.0, 0.1, 0.1 ] }
            }
        },
        {
            "name": "Cube",
            "from": [ 10.599999994039536, 1.8000000268220901, 6.699999995529652 ], 
            "to": [ 13.399999976158142, 3.1000000312924385, 8.399999976158142 ], 
            "faces": {
                "north": { "texture": "#2", "uv": [ 0.0, 0.0, 0.1, 0.1 ] },
                "east": { "texture": "#2", "uv": [ 0.0, 0.0, 0.1, 0.1 ] },
                "south": { "texture": "#2", "uv": [ 0.0, 0.0, 0.1, 0.1 ] },
                "west": { "texture": "#2", "uv": [ 0.0, 0.0, 0.1, 0.1 ] },
                "up": { "texture": "#2", "uv": [ 0.0, 0.0, 0.1, 0.1 ] },
                "down": { "texture": "#2", "uv": [ 0.0, 0.0, 0.1, 0.1 ] }
            }
        },
        {
            "name": "Cube",
            "from": [ 10.299999989569187, 3.1000000163912773, 6.699999995529652 ], 
            "to": [ 13.099999971687794, 4.400000020861626, 8.399999976158142 ], 
            "faces": {
                "north": { "texture": "#2", "uv": [ 0.0, 0.0, 0.1, 0.1 ] },
                "east": { "texture": "#2", "uv": [ 0.0, 0.0, 0.1, 0.1 ] },
                "south": { "texture": "#2", "uv": [ 0.0, 0.0, 0.1, 0.1 ] },
                "west": { "texture": "#2", "uv": [ 0.0, 0.0, 0.1, 0.1 ] },
                "up": { "texture": "#2", "uv": [ 0.0, 0.0, 0.1, 0.1 ] },
                "down": { "texture": "#2", "uv": [ 0.0, 0.0, 0.1, 0.1 ] }
            }
        },
        {
            "name": "Cube",
            "from": [ 9.999999985098839, 4.400000020861626, 6.699999995529652 ], 
            "to": [ 12.799999967217445, 5.700000025331974, 8.399999976158142 ], 
            "faces": {
                "north": { "texture": "#2", "uv": [ 0.0, 0.0, 0.1, 0.1 ] },
                "east": { "texture": "#2", "uv": [ 0.0, 0.0, 0.1, 0.1 ] },
                "south": { "texture": "#2", "uv": [ 0.0, 0.0, 0.1, 0.1 ] },
                "west": { "texture": "#2", "uv": [ 0.0, 0.0, 0.1, 0.1 ] },
                "up": { "texture": "#2", "uv": [ 0.0, 0.0, 0.1, 0.1 ] },
                "down": { "texture": "#2", "uv": [ 0.0, 0.0, 0.1, 0.1 ] }
            }
        },
        {
            "name": "Cube",
            "from": [ -0.30000001937150955, 6.700000055134296, 7.100000001490116 ], 
            "to": [ 0.9999999850988388, 7.6000000685453415, 8.0 ], 
            "faces": {
                "north": { "texture": "#1", "uv": [ 0.0, 0.0, 0.1, 0.1 ] },
                "east": { "texture": "#1", "uv": [ 0.0, 0.0, 0.1, 0.1 ] },
                "south": { "texture": "#1", "uv": [ 0.0, 0.0, -15.9, 6.1 ] },
                "west": { "texture": "#1", "uv": [ 0.0, 0.0, 0.1, 0.1 ] },
                "up": { "texture": "#1", "uv": [ 0.0, 0.0, 0.1, 0.1 ] },
                "down": { "texture": "#1", "uv": [ 0.0, 0.0, 0.1, 0.1 ] }
            }
        }
    ]
}