{
    "__comment": "Model generated using MrCrayfish's Model Creator (http://mrcrayfish.com/modelcreator/)",
    "textures": {
        "0": "blocks/grenades/flashbang"
    },
    "elements": [
        {
            "name": "Element",
            "from": [ 7.5, 4.0, 6.5 ], 
            "to": [ 8.5, 12.0, 9.5 ], 
            "faces": {
                "north": { "texture": "#0", "uv": [ 0.5, 1.0, 4.0, 16.0 ] },
                "east": { "texture": "#0", "uv": [ 0.5, 1.0, 4.0, 16.0 ] },
                "south": { "texture": "#0", "uv": [ 0.5, 1.0, 4.0, 16.0 ] },
                "west": { "texture": "#0", "uv": [ 0.5, 1.0, 4.0, 16.0 ] },
                "up": { "texture": "#0", "uv": [ 0.5, 1.0, 4.0, 16.0 ] },
                "down": { "texture": "#0", "uv": [ 0.5, 1.0, 4.0, 16.0 ] }
            }
        },
        {
            "name": "Element",
            "from": [ 7.25, 12.0, 6.125 ], 
            "to": [ 8.75, 13.5, 9.875 ], 
            "faces": {
                "north": { "texture": "#0", "uv": [ 0.0, 0.0, 1.5, 1.5 ] },
                "east": { "texture": "#0", "uv": [ 0.0, 0.0, 1.5, 1.5 ] },
                "south": { "texture": "#0", "uv": [ 0.0, 0.0, 1.5, 1.5 ] },
                "west": { "texture": "#0", "uv": [ 0.0, 0.0, 1.5, 1.5 ] },
                "up": { "texture": "#0", "uv": [ 0.0, 0.0, 1.5, 1.5 ] },
                "down": { "texture": "#0", "uv": [ 0.0, 0.0, 1.5, 1.5 ] }
            }
        },
        {
            "name": "Element",
            "from": [ 6.125, 12.0, 7.25 ], 
            "to": [ 9.875, 13.5, 8.75 ], 
            "faces": {
                "north": { "texture": "#0", "uv": [ 0.0, 0.0, 1.5, 1.5 ] },
                "east": { "texture": "#0", "uv": [ 0.0, 0.0, 1.5, 1.5 ] },
                "south": { "texture": "#0", "uv": [ 0.0, 0.0, 1.5, 1.5 ] },
                "west": { "texture": "#0", "uv": [ 0.0, 0.0, 1.5, 1.5 ] },
                "up": { "texture": "#0", "uv": [ 0.0, 0.0, 1.5, 1.5 ] },
                "down": { "texture": "#0", "uv": [ 0.0, 0.0, 1.5, 1.5 ] }
            }
        },
        {
            "name": "Element",
            "from": [ 6.125, 12.0, 7.25 ], 
            "to": [ 7.625, 13.5, 11.0 ], 
            "rotation": { "origin": [ 6.125, 12.0, 7.25 ], "axis": "y", "angle": 45.0 },
            "faces": {
                "north": { "texture": "#0", "uv": [ 0.0, 0.0, 1.5, 1.5 ] },
                "east": { "texture": "#0", "uv": [ 0.0, 0.0, 1.5, 1.5 ] },
                "south": { "texture": "#0", "uv": [ 0.0, 0.0, 1.5, 1.5 ] },
                "west": { "texture": "#0", "uv": [ 0.0, 0.0, 1.5, 1.5 ] },
                "up": { "texture": "#0", "uv": [ 0.0, 0.0, 1.5, 1.5 ] },
                "down": { "texture": "#0", "uv": [ 0.0, 0.0, 1.5, 1.5 ] }
            }
        },
        {
            "name": "Element",
            "from": [ 8.75, 12.0, 6.125 ], 
            "to": [ 10.25, 13.5, 9.875 ], 
            "rotation": { "origin": [ 8.75, 12.0, 6.125 ], "axis": "y", "angle": -45.0 },
            "faces": {
                "north": { "texture": "#0", "uv": [ 0.0, 0.0, 1.5, 1.5 ] },
                "east": { "texture": "#0", "uv": [ 0.0, 0.0, 1.5, 1.5 ] },
                "south": { "texture": "#0", "uv": [ 0.0, 0.0, 1.5, 1.5 ] },
                "west": { "texture": "#0", "uv": [ 0.0, 0.0, 1.5, 1.5 ] },
                "up": { "texture": "#0", "uv": [ 0.0, 0.0, 1.5, 1.5 ] },
                "down": { "texture": "#0", "uv": [ 0.0, 0.0, 1.5, 1.5 ] }
            }
        },
        {
            "name": "Element",
            "from": [ 6.5, 4.0, 7.5 ], 
            "to": [ 9.5, 12.0, 8.5 ], 
            "faces": {
                "north": { "texture": "#0", "uv": [ 0.5, 1.0, 4.0, 16.0 ] },
                "east": { "texture": "#0", "uv": [ 0.5, 1.0, 4.0, 16.0 ] },
                "south": { "texture": "#0", "uv": [ 0.5, 1.0, 4.0, 16.0 ] },
                "west": { "texture": "#0", "uv": [ 0.5, 1.0, 4.0, 16.0 ] },
                "up": { "texture": "#0", "uv": [ 0.5, 1.0, 4.0, 16.0 ] },
                "down": { "texture": "#0", "uv": [ 0.5, 1.0, 4.0, 16.0 ] }
            }
        },
        {
            "name": "Element",
            "from": [ 7.5, 4.0, 6.5 ], 
            "to": [ 10.33, 12.0, 7.9 ], 
            "rotation": { "origin": [ 7.5, 4.0, 6.5 ], "axis": "y", "angle": -45.0 },
            "faces": {
                "north": { "texture": "#0", "uv": [ 0.5, 1.0, 4.0, 16.0 ] },
                "east": { "texture": "#0", "uv": [ 0.5, 1.0, 4.0, 16.0 ] },
                "south": { "texture": "#0", "uv": [ 0.5, 1.0, 4.0, 16.0 ] },
                "west": { "texture": "#0", "uv": [ 0.5, 1.0, 4.0, 16.0 ] },
                "up": { "texture": "#0", "uv": [ 0.5, 1.0, 4.0, 16.0 ] },
                "down": { "texture": "#0", "uv": [ 0.5, 1.0, 4.0, 16.0 ] }
            }
        },
        {
            "name": "Element",
            "from": [ 6.5, 4.0, 8.5 ], 
            "to": [ 9.33, 12.0, 9.9 ], 
            "rotation": { "origin": [ 6.5, 4.0, 8.5 ], "axis": "y", "angle": 45.0 },
            "faces": {
                "north": { "texture": "#0", "uv": [ 0.5, 1.0, 4.0, 16.0 ] },
                "east": { "texture": "#0", "uv": [ 0.5, 1.0, 4.0, 16.0 ] },
                "south": { "texture": "#0", "uv": [ 0.5, 1.0, 4.0, 16.0 ] },
                "west": { "texture": "#0", "uv": [ 0.5, 1.0, 4.0, 16.0 ] },
                "up": { "texture": "#0", "uv": [ 0.5, 1.0, 4.0, 16.0 ] },
                "down": { "texture": "#0", "uv": [ 0.5, 1.0, 4.0, 16.0 ] }
            }
        },
        {
            "name": "Element",
            "from": [ 7.25, 4.0, 6.125 ], 
            "to": [ 8.75, 5.5, 9.875 ], 
            "faces": {
                "north": { "texture": "#0", "uv": [ 0.0, 0.0, 1.5, 1.5 ] },
                "east": { "texture": "#0", "uv": [ 0.0, 0.0, 1.5, 1.5 ] },
                "south": { "texture": "#0", "uv": [ 0.0, 0.0, 1.5, 1.5 ] },
                "west": { "texture": "#0", "uv": [ 0.0, 0.0, 1.5, 1.5 ] },
                "up": { "texture": "#0", "uv": [ 0.0, 0.0, 1.5, 1.5 ] },
                "down": { "texture": "#0", "uv": [ 0.0, 0.0, 1.5, 1.5 ] }
            }
        },
        {
            "name": "Element",
            "from": [ 6.125, 4.0, 7.25 ], 
            "to": [ 9.875, 5.5, 8.75 ], 
            "faces": {
                "north": { "texture": "#0", "uv": [ 0.0, 0.0, 1.5, 1.5 ] },
                "east": { "texture": "#0", "uv": [ 0.0, 0.0, 1.5, 1.5 ] },
                "south": { "texture": "#0", "uv": [ 0.0, 0.0, 1.5, 1.5 ] },
                "west": { "texture": "#0", "uv": [ 0.0, 0.0, 1.5, 1.5 ] },
                "up": { "texture": "#0", "uv": [ 0.0, 0.0, 1.5, 1.5 ] },
                "down": { "texture": "#0", "uv": [ 0.0, 0.0, 1.5, 1.5 ] }
            }
        },
        {
            "name": "Element",
            "from": [ 6.125, 4.0, 7.25 ], 
            "to": [ 7.625, 5.5, 11.0 ], 
            "rotation": { "origin": [ 6.125, 4.0, 7.25 ], "axis": "y", "angle": 45.0 },
            "faces": {
                "north": { "texture": "#0", "uv": [ 0.0, 0.0, 1.5, 1.5 ] },
                "east": { "texture": "#0", "uv": [ 0.0, 0.0, 1.5, 1.5 ] },
                "south": { "texture": "#0", "uv": [ 0.0, 0.0, 1.5, 1.5 ] },
                "west": { "texture": "#0", "uv": [ 0.0, 0.0, 1.5, 1.5 ] },
                "up": { "texture": "#0", "uv": [ 0.0, 0.0, 1.5, 1.5 ] },
                "down": { "texture": "#0", "uv": [ 0.0, 0.0, 1.5, 1.5 ] }
            }
        },
        {
            "name": "Element",
            "from": [ 8.75, 4.0, 6.125 ], 
            "to": [ 10.25, 5.5, 9.875 ], 
            "rotation": { "origin": [ 8.75, 4.0, 6.125 ], "axis": "y", "angle": -45.0 },
            "faces": {
                "north": { "texture": "#0", "uv": [ 0.0, 0.0, 1.5, 1.5 ] },
                "east": { "texture": "#0", "uv": [ 0.0, 0.0, 1.5, 1.5 ] },
                "south": { "texture": "#0", "uv": [ 0.0, 0.0, 1.5, 1.5 ] },
                "west": { "texture": "#0", "uv": [ 0.0, 0.0, 1.5, 1.5 ] },
                "up": { "texture": "#0", "uv": [ 0.0, 0.0, 1.5, 1.5 ] },
                "down": { "texture": "#0", "uv": [ 0.0, 0.0, 1.5, 1.5 ] }
            }
        },
        {
            "name": "Element",
            "from": [ 7.0, 13.5, 7.0 ], 
            "to": [ 9.0, 15.5, 9.0 ], 
            "faces": {
                "north": { "texture": "#0", "uv": [ 7.0, 0.5, 9.0, 2.5 ] },
                "east": { "texture": "#0", "uv": [ 7.0, 0.5, 9.0, 2.5 ] },
                "south": { "texture": "#0", "uv": [ 7.0, 0.5, 9.0, 2.5 ] },
                "west": { "texture": "#0", "uv": [ 7.0, 0.5, 9.0, 2.5 ] },
                "up": { "texture": "#0", "uv": [ 7.0, 7.0, 9.0, 9.0 ] },
                "down": { "texture": "#0", "uv": [ 9.0, 9.0, 7.0, 7.0 ] }
            }
        },
        {
            "name": "Element",
            "from": [ 8.5, 15.0, 7.0 ], 
            "to": [ 9.5, 15.5, 9.0 ], 
            "faces": {
                "north": { "texture": "#0", "uv": [ 6.5, 0.5, 7.5, 1.0 ] },
                "east": { "texture": "#0", "uv": [ 7.0, 0.5, 9.0, 1.0 ] },
                "south": { "texture": "#0", "uv": [ 8.5, 0.5, 9.5, 1.0 ] },
                "west": { "texture": "#0", "uv": [ 7.0, 0.5, 9.0, 1.0 ] },
                "up": { "texture": "#0", "uv": [ 8.5, 7.0, 9.5, 9.0 ] },
                "down": { "texture": "#0", "uv": [ 7.5, 9.0, 6.5, 7.0 ] }
            }
        },
        {
            "name": "Element",
            "from": [ 9.5, 15.0, 7.0 ], 
            "to": [ 12.0, 15.5, 9.0 ], 
            "rotation": { "origin": [ 9.5, 15.5, 7.0 ], "axis": "z", "angle": -45.0 },
            "faces": {
                "north": { "texture": "#0", "uv": [ 10.5, 2.5, 16.0, 3.0 ] },
                "east": { "texture": "#0", "uv": [ 5.5, 0.0, 7.5, 0.5 ] },
                "south": { "texture": "#0", "uv": [ 9.5, 0.0, 15.0, 0.5 ] },
                "west": { "texture": "#0", "uv": [ 9.5, 0.0, 11.5, 0.5 ] },
                "up": { "texture": "#0", "uv": [ 9.5, 9.5, 15.0, 11.5 ] },
                "down": { "texture": "#0", "uv": [ 11.5, 11.5, 6.0, 9.5 ] }
            }
        },
        {
            "name": "Element",
            "from": [ 10.8125, 7.25, 7.5 ], 
            "to": [ 11.3125, 13.75, 8.5 ], 
            "faces": {
                "north": { "texture": "#0", "uv": [ 4.6875, 2.25, 5.1875, 8.75 ] },
                "east": { "texture": "#0", "uv": [ 7.5, 2.25, 8.5, 8.75 ] },
                "south": { "texture": "#0", "uv": [ 10.8125, 2.25, 11.3125, 8.75 ] },
                "west": { "texture": "#0", "uv": [ 7.5, 2.25, 8.5, 8.75 ] },
                "up": { "texture": "#0", "uv": [ 10.8125, 7.5, 11.3125, 8.5 ] },
                "down": { "texture": "#0", "uv": [ 5.1875, 8.5, 4.6875, 7.5 ] }
            }
        },
        {
            "name": "Element",
            "from": [ 9.8125, 7.25, 7.5 ], 
            "to": [ 11.3125, 7.75, 8.5 ], 
            "faces": {
                "north": { "texture": "#0", "uv": [ 4.6875, 8.25, 6.1875, 8.75 ] },
                "east": { "texture": "#0", "uv": [ 7.5, 8.25, 8.5, 8.75 ] },
                "south": { "texture": "#0", "uv": [ 9.8125, 8.25, 11.3125, 8.75 ] },
                "west": { "texture": "#0", "uv": [ 7.5, 8.25, 8.5, 8.75 ] },
                "up": { "texture": "#0", "uv": [ 9.8125, 7.5, 11.3125, 8.5 ] },
                "down": { "texture": "#0", "uv": [ 6.1875, 8.5, 4.6875, 7.5 ] }
            }
        },
        {
            "name": "Element",
            "from": [ 6.5, 15.0, 7.0 ], 
            "to": [ 7.0, 15.5, 9.0 ], 
            "faces": {
                "north": { "texture": "#0", "uv": [ 9.0, 0.5, 9.5, 1.0 ] },
                "east": { "texture": "#0", "uv": [ 7.0, 0.5, 9.0, 1.0 ] },
                "south": { "texture": "#0", "uv": [ 6.5, 0.5, 7.0, 1.0 ] },
                "west": { "texture": "#0", "uv": [ 7.0, 0.5, 9.0, 1.0 ] },
                "up": { "texture": "#0", "uv": [ 6.5, 7.0, 7.0, 9.0 ] },
                "down": { "texture": "#0", "uv": [ 9.5, 9.0, 9.0, 7.0 ] }
            }
        }
    ]
}