{
    "__comment": "Model generated using MrCrayfish's Model Creator (http://mrcrayfish.com/modelcreator/)",
    "textures": {
        "0": "blocks/grenades/grenade"
    },
    "elements": [
        {
            "name": "Element",
            "from": [ 3.2, 3.4, 3.2 ],
            "to": [ 12.8, 6.4, 12.8 ], 
            "faces": {
                "north": { "texture": "#0", "uv": [ 7.25, 6.25, 11.25, 7.5 ] },
                "east": { "texture": "#0", "uv": [ 5.5, 6.25, 9.5, 7.5 ] },
                "south": { "texture": "#0", "uv": [ 7.25, 6.25, 11.25, 7.5 ] },
                "west": { "texture": "#0", "uv": [ 5.5, 6.25, 9.5, 7.5 ] },
                "down": { "texture": "#0", "uv": [ 8.75, 6.5, 12.75, 7.5 ] }
            }
        },
        {
            "name": "Element",
            "from": [ 3.8, 2.2, 3.8 ], 
            "to": [ 12.2, 3.4, 12.2 ], 
            "faces": {
                "north": { "texture": "#0", "uv": [ 7.25, 6.25, 11.25, 7.5 ] },
                "east": { "texture": "#0", "uv": [ 5.5, 6.25, 9.5, 7.5 ] },
                "south": { "texture": "#0", "uv": [ 7.25, 6.25, 11.25, 7.5 ] },
                "west": { "texture": "#0", "uv": [ 5.5, 6.25, 9.5, 7.5 ] },
                "down": { "texture": "#0", "uv": [ 8.75, 6.5, 12.75, 7.5 ] }
            }
        },
        {
            "name": "Element",
            "from": [ 5.6, 12.4, 6.8 ], 
            "to": [ 9.2, 16.6, 9.2 ], 
            "faces": {
                "north": { "texture": "#0", "uv": [ 8.0, 10.25, 9.0, 10.75 ] },
                "east": { "texture": "#0", "uv": [ 7.0, 9.5, 8.0, 10.0 ] },
                "south": { "texture": "#0", "uv": [ 8.0, 10.25, 9.0, 10.75 ] },
                "west": { "texture": "#0", "uv": [ 7.0, 9.5, 8.0, 10.0 ] },
                "up": { "texture": "#0", "uv": [ 7.75, 9.5, 8.75, 10.5 ] },
                "down": { "texture": "#0", "uv": [ 7.75, 9.5, 8.75, 10.5 ] }
            }
        },
        {
            "name": "Element",
            "from": [ 4.4, 10.0, 4.4 ], 
            "to": [ 11.6, 10.6, 11.6 ], 
            "faces": {
                "north": { "texture": "#0", "uv": [ 7.25, 6.25, 11.25, 7.5 ] },
                "east": { "texture": "#0", "uv": [ 5.5, 6.25, 9.5, 7.5 ] },
                "south": { "texture": "#0", "uv": [ 7.25, 6.25, 11.25, 7.5 ] },
                "west": { "texture": "#0", "uv": [ 5.5, 6.25, 9.5, 7.5 ] },
                "up": { "texture": "#0", "uv": [ 8.75, 6.5, 12.75, 7.5 ] }
            }
        },
        {
            "name": "Element",
            "from": [ 3.8, 8.2, 3.8 ], 
            "to": [ 12.2, 10.0, 12.2 ], 
            "faces": {
                "north": { "texture": "#0", "uv": [ 7.25, 6.25, 11.25, 7.5 ] },
                "east": { "texture": "#0", "uv": [ 5.5, 6.25, 9.5, 7.5 ] },
                "south": { "texture": "#0", "uv": [ 7.25, 6.25, 11.25, 7.5 ] },
                "west": { "texture": "#0", "uv": [ 5.5, 6.25, 9.5, 7.5 ] },
                "up": { "texture": "#0", "uv": [ 8.75, 6.5, 12.75, 7.5 ] }
            }
        },
        {
            "name": "Element",
            "from": [ 3.2, 6.4, 3.2 ], 
            "to": [ 12.8, 7.0, 12.8 ], 
            "faces": {
                "north": { "texture": "#0", "uv": [ 7.25, 6.25, 11.25, 7.5 ] },
                "east": { "texture": "#0", "uv": [ 5.5, 6.25, 9.5, 7.5 ] },
                "south": { "texture": "#0", "uv": [ 7.25, 6.25, 11.25, 7.5 ] },
                "west": { "texture": "#0", "uv": [ 5.5, 6.25, 9.5, 7.5 ] }
            }
        },
        {
            "name": "Element",
            "from": [ 5.0, 10.6, 5.0 ], 
            "to": [ 11.0, 11.2, 11.0 ], 
            "faces": {
                "north": { "texture": "#0", "uv": [ 7.25, 6.25, 11.25, 7.5 ] },
                "east": { "texture": "#0", "uv": [ 5.5, 6.25, 9.5, 7.5 ] },
                "south": { "texture": "#0", "uv": [ 7.25, 6.25, 11.25, 7.5 ] },
                "west": { "texture": "#0", "uv": [ 5.5, 6.25, 9.5, 7.5 ] },
                "up": { "texture": "#0", "uv": [ 8.75, 6.5, 12.75, 7.5 ] }
            }
        },
        {
            "name": "Element",
            "from": [ 6.8, 11.2, 6.8 ], 
            "to": [ 9.2, 12.4, 9.2 ], 
            "faces": {
                "north": { "texture": "#0", "uv": [ 8.0, 10.25, 9.0, 10.75 ] },
                "east": { "texture": "#0", "uv": [ 7.0, 9.5, 8.0, 10.0 ] },
                "south": { "texture": "#0", "uv": [ 8.0, 10.25, 9.0, 10.75 ] },
                "west": { "texture": "#0", "uv": [ 7.0, 9.5, 8.0, 10.0 ] }
            }
        },
        {
            "name": "Element",
            "from": [ 4.4, 1.6, 4.4 ], 
            "to": [ 11.6, 2.2, 11.6 ], 
            "faces": {
                "north": { "texture": "#0", "uv": [ 7.25, 6.25, 11.25, 7.5 ] },
                "east": { "texture": "#0", "uv": [ 5.5, 6.25, 9.5, 7.5 ] },
                "south": { "texture": "#0", "uv": [ 7.25, 6.25, 11.25, 7.5 ] },
                "west": { "texture": "#0", "uv": [ 5.5, 6.25, 9.5, 7.5 ] },
                "down": { "texture": "#0", "uv": [ 8.75, 6.5, 12.75, 7.5 ] }
            }
        },
        {
            "name": "Element",
            "from": [ 3.2, 7.0, 3.2 ], 
            "to": [ 12.8, 8.2, 12.8 ], 
            "faces": {
                "north": { "texture": "#0", "uv": [ 6.5, 12.75, 10.5, 13.25 ] },
                "east": { "texture": "#0", "uv": [ 6.5, 12.5, 10.5, 13.0 ] },
                "south": { "texture": "#0", "uv": [ 6.5, 12.75, 10.5, 13.25 ] },
                "west": { "texture": "#0", "uv": [ 6.5, 12.5, 10.5, 13.0 ] },
                "up": { "texture": "#0", "uv": [ 7.0, 13.75, 11.25, 15.75 ] }
            }
        },
        {
            "name": "Element",
            "from": [ 5.0, 1.0, 5.6 ], 
            "to": [ 11.0, 1.6, 10.4 ], 
            "faces": {
                "north": { "texture": "#0", "uv": [ 7.25, 6.25, 11.25, 7.5 ] },
                "east": { "texture": "#0", "uv": [ 5.5, 6.25, 9.5, 7.5 ] },
                "south": { "texture": "#0", "uv": [ 7.25, 6.25, 11.25, 7.5 ] },
                "west": { "texture": "#0", "uv": [ 5.5, 6.25, 9.5, 7.5 ] },
                "down": { "texture": "#0", "uv": [ 8.75, 6.5, 12.75, 7.5 ] }
            }
        },
        {
            "name": "Element",
            "from": [ 8.0, 14.8, 7.4 ], 
            "to": [ 10.4, 16.0, 8.6 ], 
            "faces": {
                "north": { "texture": "#0", "uv": [ 8.0, 10.25, 9.0, 10.75 ] },
                "east": { "texture": "#0", "uv": [ 7.0, 9.5, 8.0, 10.0 ] },
                "south": { "texture": "#0", "uv": [ 8.0, 10.25, 9.0, 10.75 ] },
                "west": { "texture": "#0", "uv": [ 7.0, 9.5, 8.0, 10.0 ] },
                "up": { "texture": "#0", "uv": [ 7.75, 9.5, 8.75, 10.5 ] },
                "down": { "texture": "#0", "uv": [ 7.75, 9.5, 8.75, 10.5 ] }
            }
        },
        {
            "name": "Element",
            "from": [ 1.4, 1.0, 7.4 ], 
            "to": [ 2.6, 10.0, 8.6 ], 
            "faces": {
                "north": { "texture": "#0", "uv": [ 8.0, 10.25, 9.0, 10.75 ] },
                "east": { "texture": "#0", "uv": [ 7.0, 9.5, 8.0, 10.0 ] },
                "south": { "texture": "#0", "uv": [ 8.0, 10.25, 9.0, 10.75 ] },
                "west": { "texture": "#0", "uv": [ 7.0, 9.5, 8.0, 10.0 ] },
                "up": { "texture": "#0", "uv": [ 7.75, 9.5, 8.75, 10.5 ] }
            }
        },
        {
            "name": "Element",
            "from": [ 1.4, -0.2, 7.4 ], 
            "to": [ 2.6, 1.0, 8.6 ], 
            "rotation": { "origin": [ 1.4, 1.0, 7.4 ], "axis": "z", "angle": 45.0 },
            "faces": {
                "north": { "texture": "#0", "uv": [ 8.0, 10.25, 9.0, 10.75 ] },
                "east": { "texture": "#0", "uv": [ 7.0, 9.5, 8.0, 10.0 ] },
                "south": { "texture": "#0", "uv": [ 8.0, 10.25, 9.0, 10.75 ] },
                "west": { "texture": "#0", "uv": [ 7.0, 9.5, 8.0, 10.0 ] },
                "down": { "texture": "#0", "uv": [ 7.75, 9.5, 8.75, 10.5 ] }
            }
        },
        {
            "name": "Element",
            "from": [ 6.8, 7.6, 7.4 ], 
            "to": [ 8.0, 15.4, 8.6 ], 
            "rotation": { "origin": [ 6.8, 15.4, 7.4 ], "axis": "z", "angle": -45.0 },
            "faces": {
                "north": { "texture": "#0", "uv": [ 8.0, 10.25, 9.0, 10.75 ] },
                "east": { "texture": "#0", "uv": [ 7.0, 9.5, 8.0, 10.0 ] },
                "south": { "texture": "#0", "uv": [ 8.0, 10.25, 9.0, 10.75 ] },
                "west": { "texture": "#0", "uv": [ 7.0, 9.5, 8.0, 10.0 ] },
                "up": { "texture": "#0", "uv": [ 7.75, 9.5, 8.75, 10.5 ] },
                "down": { "texture": "#0", "uv": [ 7.75, 9.5, 8.75, 10.5 ] }
            }
        }
    ]
}