{
    "__comment": "Model generated using MrCrayfish's Model Creator (http://mrcrayfish.com/modelcreator/)",
    "textures": {
        "0": "blocks/grenades/knife"
    },
    "elements": [
        {
            "name": "Element",
            "from": [ 5.5, 7.0, 9.5 ], 
            "to": [ 10.5, 8.0, 10.0 ], 
            "faces": {
                "north": { "texture": "#0", "uv": [ 8.5, 9.0, 9.5, 14.5 ], "rotation": 90 },
                "east": { "texture": "#0", "uv": [ 8.5, 8.5, 9.0, 9.5 ] },
                "south": { "texture": "#0", "uv": [ 8.5, 9.0, 9.5, 14.5 ], "rotation": 90 },
                "west": { "texture": "#0", "uv": [ 8.5, 8.5, 9.0, 9.5 ] },
                "up": { "texture": "#0", "uv": [ 9.0, 9.0, 9.5, 14.5 ], "rotation": 90 },
                "down": { "texture": "#0", "uv": [ 9.0, 9.0, 9.5, 14.5 ], "rotation": 90 }
            }
        },
        {
            "name": "Element",
            "from": [ 6.125, 7.0, 9.5 ], 
            "to": [ 7.625, 8.0, 10.0 ], 
            "rotation": { "origin": [ 6.125, 7.0, 9.5 ], "axis": "y", "angle": -22.5 },
            "faces": {
                "north": { "texture": "#0", "uv": [ 8.5, 0.5, 9.5, 1.5 ] },
                "east": { "texture": "#0", "uv": [ 9.0, 0.5, 9.5, 1.5 ] },
                "south": { "texture": "#0", "uv": [ 8.5, 0.5, 9.5, 1.5 ] },
                "west": { "texture": "#0", "uv": [ 9.0, 0.5, 9.5, 1.5 ] },
                "up": { "texture": "#0", "uv": [ 8.5, 10.5, 9.0, 12.0 ], "rotation": 270 },
                "down": { "texture": "#0", "uv": [ 8.5, 10.5, 9.0, 12.0 ], "rotation": 270 }
            }
        },
        {
            "name": "Element",
            "from": [ 7.3125, 7.0, 10.5 ], 
            "to": [ 8.75, 8.0, 16.4375 ], 
            "faces": {
                "north": { "texture": "#0", "uv": [ 1.0, 2.5, 7.0, 15.0 ] },
                "east": { "texture": "#0", "uv": [ 6.0, 2.5, 8.0, 15.0 ], "rotation": 90 },
                "south": { "texture": "#0", "uv": [ 1.0, 2.5, 7.0, 15.0 ] },
                "west": { "texture": "#0", "uv": [ 0.0, 2.5, 1.5, 15.0 ], "rotation": 270 },
                "up": { "texture": "#0", "uv": [ 1.5, 2.5, 6.0, 15.0 ] },
                "down": { "texture": "#0", "uv": [ 6.0, 2.5, 1.5, 15.0 ], "rotation": 180 }
            }
        },
        {
            "name": "Element",
            "from": [ 8.5625, 7.0, 10.0625 ], 
            "to": [ 10.0625, 8.0, 10.5625 ], 
            "rotation": { "origin": [ 8.5625, 7.0, 10.0625 ], "axis": "y", "angle": 22.5 },
            "faces": {
                "north": { "texture": "#0", "uv": [ 8.5, 4.0, 9.5, 5.0 ] },
                "east": { "texture": "#0", "uv": [ 8.5, 0.0, 9.0, 1.0 ] },
                "south": { "texture": "#0", "uv": [ 8.5, 4.0, 9.5, 5.0 ] },
                "west": { "texture": "#0", "uv": [ 8.5, 0.0, 9.0, 1.0 ] },
                "up": { "texture": "#0", "uv": [ 8.5, 8.0, 9.0, 10.0 ], "rotation": 270 },
                "down": { "texture": "#0", "uv": [ 8.5, 8.0, 9.0, 10.0 ], "rotation": 270 }
            }
        },
        {
            "name": "Element",
            "from": [ 7.0, 6.75, 16.0 ], 
            "to": [ 9.0, 8.25, 16.5 ], 
            "faces": {
                "north": { "texture": "#0", "uv": [ 4.0, 8.0, 6.5, 9.5 ] },
                "east": { "texture": "#0", "uv": [ 6.0, 15.0, 8.0, 16.0 ], "rotation": 90 },
                "south": { "texture": "#0", "uv": [ 4.0, 8.0, 6.5, 9.5 ] },
                "west": { "texture": "#0", "uv": [ 0.0, 15.0, 2.0, 16.0 ], "rotation": 90 },
                "up": { "texture": "#0", "uv": [ 2.0, 15.0, 6.0, 16.0 ] },
                "down": { "texture": "#0", "uv": [ 2.0, 15.0, 6.0, 16.0 ] }
            }
        },
        {
            "name": "Element",
            "from": [ 7.3125, 7.0, 10.0 ], 
            "to": [ 8.75, 8.0, 10.5 ], 
            "faces": {
                "north": { "texture": "#0", "uv": [ 8.5, 9.5, 9.5, 12.0 ], "rotation": 90 },
                "east": { "texture": "#0", "uv": [ 8.5, 8.5, 9.0, 9.5 ] },
                "south": { "texture": "#0", "uv": [ 8.5, 9.5, 9.5, 12.0 ], "rotation": 90 },
                "west": { "texture": "#0", "uv": [ 8.5, 8.5, 9.0, 9.5 ] },
                "up": { "texture": "#0", "uv": [ 9.0, 10.0, 9.5, 12.5 ], "rotation": 90 },
                "down": { "texture": "#0", "uv": [ 9.0, 10.0, 9.5, 12.5 ], "rotation": 90 }
            }
        },
        {
            "name": "Element",
            "from": [ 7.5, 7.1375, 8.5 ], 
            "to": [ 8.0, 7.9375, 10.0 ], 
            "rotation": { "origin": [ 7.5, 7.1375, 8.5 ], "axis": "y", "angle": -22.5 },
            "faces": {
                "north": { "texture": "#0", "uv": [ 8.5, 0.0, 9.0, 1.0 ] },
                "east": { "texture": "#0", "uv": [ 8.5, 0.0, 9.5, 1.0 ] },
                "south": { "texture": "#0", "uv": [ 8.5, 0.0, 9.0, 1.0 ] },
                "west": { "texture": "#0", "uv": [ 8.5, 0.0, 9.5, 1.0 ] },
                "up": { "texture": "#0", "uv": [ 8.5, 8.0, 9.0, 9.0 ] },
                "down": { "texture": "#0", "uv": [ 8.5, 8.0, 9.0, 9.0 ] }
            }
        },
        {
            "name": "Element",
            "from": [ 8.0625, 7.1375, 8.6875 ], 
            "to": [ 8.5625, 7.9375, 10.1875 ], 
            "rotation": { "origin": [ 8.0625, 7.1375, 8.6875 ], "axis": "y", "angle": 22.5 },
            "faces": {
                "north": { "texture": "#0", "uv": [ 8.5, 0.0, 9.0, 1.0 ] },
                "east": { "texture": "#0", "uv": [ 11.0, 0.0, 12.5, 1.0 ] },
                "south": { "texture": "#0", "uv": [ 8.5, 0.0, 9.0, 1.0 ] },
                "west": { "texture": "#0", "uv": [ 11.0, 0.0, 12.5, 1.0 ] },
                "up": { "texture": "#0", "uv": [ 8.5, 7.5, 9.0, 9.0 ] },
                "down": { "texture": "#0", "uv": [ 8.5, 7.5, 9.0, 9.0 ] }
            }
        },
        {
            "name": "Element",
            "from": [ 7.5, 7.1375, 8.5 ], 
            "to": [ 8.5, 7.9375, 9.5 ], 
            "faces": {
                "north": { "texture": "#0", "uv": [ 8.5, 0.0, 9.5, 0.75 ] },
                "east": { "texture": "#0", "uv": [ 8.5, 0.0, 9.5, 0.75 ] },
                "south": { "texture": "#0", "uv": [ 8.5, 0.0, 9.5, 0.75 ] },
                "west": { "texture": "#0", "uv": [ 8.5, 0.0, 9.5, 0.75 ] },
                "up": { "texture": "#0", "uv": [ 8.5, 0.0, 9.5, 1.0 ] },
                "down": { "texture": "#0", "uv": [ 8.5, 0.0, 9.5, 1.0 ] }
            }
        },
        {
            "name": "Element",
            "from": [ 7.75, 7.1375, 1.625 ], 
            "to": [ 8.25, 7.9375, 8.125 ], 
            "faces": {
                "north": { "texture": "#0", "uv": [ 8.5, 8.0, 9.0, 8.75 ] },
                "east": { "texture": "#0", "uv": [ 8.5, 4.5, 9.5, 15.0 ], "rotation": 90 },
                "south": { "texture": "#0", "uv": [ 8.5, 8.0, 9.0, 8.75 ] },
                "west": { "texture": "#0", "uv": [ 8.5, 4.5, 9.5, 15.0 ], "rotation": 90 },
                "up": { "texture": "#0", "uv": [ 8.5, 1.5, 9.5, 15.5 ] },
                "down": { "texture": "#0", "uv": [ 8.5, 1.5, 9.5, 15.5 ] }
            }
        },
        {
            "name": "Element",
            "from": [ 7.8125, 7.1375, 7.75 ], 
            "to": [ 8.3125, 7.9375, 8.75 ], 
            "rotation": { "origin": [ 7.8125, 7.1375, 7.75 ], "axis": "y", "angle": -22.5 },
            "faces": {
                "north": { "texture": "#0", "uv": [ 9.0, 0.0, 9.5, 1.0 ] },
                "east": { "texture": "#0", "uv": [ 8.5, 0.0, 9.5, 1.0 ] },
                "south": { "texture": "#0", "uv": [ 9.0, 0.0, 9.5, 1.0 ] },
                "west": { "texture": "#0", "uv": [ 8.5, 0.0, 9.5, 1.0 ] },
                "up": { "texture": "#0", "uv": [ 9.5, 6.0, 9.0, 5.0 ] },
                "down": { "texture": "#0", "uv": [ 9.5, 6.0, 9.0, 5.0 ] }
            }
        },
        {
            "name": "Element",
            "from": [ 7.75, 7.1375, 7.9375 ], 
            "to": [ 8.25, 7.9375, 8.9375 ], 
            "rotation": { "origin": [ 7.75, 7.1375, 7.9375 ], "axis": "y", "angle": 22.5 },
            "faces": {
                "north": { "texture": "#0", "uv": [ 9.0, 0.0, 9.5, 1.0 ] },
                "east": { "texture": "#0", "uv": [ 8.5, 0.0, 9.5, 1.0 ] },
                "south": { "texture": "#0", "uv": [ 9.0, 0.0, 9.5, 1.0 ] },
                "west": { "texture": "#0", "uv": [ 8.5, 0.0, 9.5, 1.0 ] },
                "up": { "texture": "#0", "uv": [ 9.0, 5.0, 9.5, 4.0 ] },
                "down": { "texture": "#0", "uv": [ 9.0, 5.0, 9.5, 4.0 ] }
            }
        },
        {
            "name": "Element",
            "from": [ 7.0, 7.3125, 3.0625 ], 
            "to": [ 9.0, 7.8125, 9.5625 ], 
            "faces": {
                "north": { "texture": "#0", "uv": [ 10.5, 8.5, 12.5, 9.0 ] },
                "east": { "texture": "#0", "uv": [ 12.0, 1.5, 12.5, 16.0 ], "rotation": 270 },
                "south": { "texture": "#0", "uv": [ 10.5, 8.5, 12.5, 9.0 ] },
                "west": { "texture": "#0", "uv": [ 12.0, 1.5, 12.5, 16.0 ], "rotation": 270 },
                "up": { "texture": "#0", "uv": [ 10.5, 0.0, 14.0, 16.0 ] },
                "down": { "texture": "#0", "uv": [ 10.5, 0.0, 14.0, 16.0 ] }
            }
        },
        {
            "name": "Element",
            "from": [ 7.75, 7.3125, 1.25 ], 
            "to": [ 8.25, 7.8125, 3.25 ], 
            "rotation": { "origin": [ 7.75, 7.3125, 1.25 ], "axis": "y", "angle": -22.5 },
            "faces": {
                "north": { "texture": "#0", "uv": [ 10.0, 0.0, 11.0, 1.0 ] },
                "east": { "texture": "#0", "uv": [ 12.5, 0.0, 15.0, 1.0 ] },
                "south": { "texture": "#0", "uv": [ 10.0, 0.0, 11.0, 1.0 ] },
                "west": { "texture": "#0", "uv": [ 12.5, 0.0, 15.0, 1.0 ] },
                "up": { "texture": "#0", "uv": [ 10.0, 1.0, 11.0, 3.5 ] },
                "down": { "texture": "#0", "uv": [ 10.0, 1.0, 11.0, 3.5 ] }
            }
        },
        {
            "name": "Element",
            "from": [ 7.75, 7.3125, 1.4375 ], 
            "to": [ 8.25, 7.8125, 3.4375 ], 
            "rotation": { "origin": [ 7.75, 7.3125, 1.4375 ], "axis": "y", "angle": 22.5 },
            "faces": {
                "north": { "texture": "#0", "uv": [ 11.0, 0.0, 11.5, 1.0 ] },
                "east": { "texture": "#0", "uv": [ 12.5, 0.0, 14.5, 1.0 ] },
                "south": { "texture": "#0", "uv": [ 11.0, 0.0, 11.5, 1.0 ] },
                "west": { "texture": "#0", "uv": [ 12.5, 0.0, 14.5, 1.0 ] },
                "up": { "texture": "#0", "uv": [ 11.5, 3.5, 11.0, 1.5 ] },
                "down": { "texture": "#0", "uv": [ 11.5, 3.5, 11.0, 1.5 ] }
            }
        },
        {
            "name": "Element",
            "from": [ 7.5, 7.3125, 2.3125 ], 
            "to": [ 8.5, 7.8125, 3.3125 ], 
            "faces": {
                "north": { "texture": "#0", "uv": [ 10.5, 8.0, 11.5, 8.5 ] },
                "east": { "texture": "#0", "uv": [ 11.0, 8.0, 12.0, 8.5 ] },
                "south": { "texture": "#0", "uv": [ 10.5, 8.0, 11.5, 8.5 ] },
                "west": { "texture": "#0", "uv": [ 11.0, 8.0, 12.0, 8.5 ] },
                "up": { "texture": "#0", "uv": [ 10.5, 2.0, 11.5, 3.0 ] },
                "down": { "texture": "#0", "uv": [ 10.5, 2.0, 11.5, 3.0 ] }
            }
        },
        {
            "name": "Element",
            "from": [ 7.725, 7.3125, 1.3 ], 
            "to": [ 8.1, 7.8125, 1.675 ], 
            "rotation": { "origin": [ 7.725, 7.3125, 1.3 ], "axis": "y", "angle": 45.0 },
            "faces": {
                "north": { "texture": "#0", "uv": [ 14.5, 0.0, 15.0, 1.0 ] },
                "east": { "texture": "#0", "uv": [ 11.0, 0.0, 12.0, 1.0 ] },
                "south": { "texture": "#0", "uv": [ 14.5, 0.0, 15.0, 1.0 ] },
                "west": { "texture": "#0", "uv": [ 11.0, 0.0, 12.0, 1.0 ] },
                "up": { "texture": "#0", "uv": [ 13.0, 4.0, 13.5, 5.0 ] },
                "down": { "texture": "#0", "uv": [ 13.0, 4.0, 13.5, 5.0 ] }
            }
        },
        {
            "name": "Element",
            "from": [ 7.725, 7.135, 1.63 ], 
            "to": [ 8.1, 7.935, 2.005 ], 
            "rotation": { "origin": [ 7.725, 7.135, 1.63 ], "axis": "y", "angle": 45.0 },
            "faces": {
                "north": { "texture": "#0", "uv": [ 9.0, 0.0, 9.5, 1.0 ] },
                "east": { "texture": "#0", "uv": [ 8.5, 0.5, 9.5, 1.5 ] },
                "south": { "texture": "#0", "uv": [ 9.0, 0.0, 9.5, 1.0 ] },
                "west": { "texture": "#0", "uv": [ 8.5, 0.5, 9.5, 1.5 ] },
                "up": { "texture": "#0", "uv": [ 9.0, 4.0, 9.5, 5.0 ] },
                "down": { "texture": "#0", "uv": [ 9.0, 4.0, 9.5, 5.0 ] }
            }
        }
    ]
}