{
    "__comment": "Model generated using MrCrayfish's Model Creator (http://mrcrayfish.com/modelcreator/)",
    "textures": {
        "0": "blocks/colours/green",
        "1": "blocks/wool_colored_black",
        "2": "blocks/bedrock",
        "3": "blocks/hardened_clay_stained_cyan",
        "4": "blocks/anvil_base",
        "5": "blocks/glass_gray"
    },
    "elements": [
        {
            "name": "Element",
            "from": [ 10.5, 6.5, 7.5 ], 
            "to": [ 18.0, 8.0, 8.0 ], 
            "faces": {
                "north": { "texture": "#0", "uv": [ 15.125, 3.5, 10.25, 4.625 ] },
                "east": { "texture": "#0", "uv": [ 3.625, 5.5, 4.125, 7.0 ] },
                "south": { "texture": "#0", "uv": [ 10.25, 3.5, 15.125, 4.625 ] },
                "west": { "texture": "#0", "uv": [ 3.5, 7.375, 4.0, 8.875 ] },
                "up": { "texture": "#0", "uv": [ 10.5, 7.5, 16.0, 8.0 ] },
                "down": { "texture": "#0", "uv": [ 9.75, 5.125, 14.25, 5.125 ] }
            }
        },
        {
            "name": "Element",
            "from": [ 10.5, 7.8125, 7.0 ], 
            "to": [ 18.0, 8.0, 7.5 ], 
            "faces": {
                "north": { "texture": "#0", "uv": [ 8.75, 9.25, 4.25, 9.5 ] },
                "east": { "texture": "#0", "uv": [ 8.0, 9.25, 8.5, 9.4375 ] },
                "south": { "texture": "#0", "uv": [ 4.25, 9.25, 8.75, 9.5 ] },
                "west": { "texture": "#0", "uv": [ 7.5, 8.0, 8.0, 8.1875 ] },
                "up": { "texture": "#0", "uv": [ 4.375, 9.25, 8.75, 9.25 ] },
                "down": { "texture": "#0", "uv": [ 4.375, 9.25, 8.75, 9.375 ] }
            }
        },
        {
            "name": "Element",
            "from": [ 10.5, 6.5, 7.0 ], 
            "to": [ 16.8125, 7.5, 7.5 ], 
            "faces": {
                "north": { "texture": "#0", "uv": [ 14.0, 3.625, 9.25, 5.0 ] },
                "east": { "texture": "#0", "uv": [ 7.25, 0.125, 8.125, 0.375 ], "rotation": 90 },
                "south": { "texture": "#0", "uv": [ 14.125, 3.625, 9.25, 5.0 ] },
                "west": { "texture": "#0", "uv": [ 8.0, 8.5, 8.5, 9.5 ] },
                "up": { "texture": "#0", "uv": [ 7.625, 8.0, 13.125, 8.5 ] },
                "down": { "texture": "#0", "uv": [ 9.375, 5.25, 14.75, 5.25 ] }
            }
        },
        {
            "name": "Element",
            "from": [ 10.5, 7.5, 7.125 ], 
            "to": [ 16.8125, 7.8125, 7.5 ], 
            "faces": {
                "north": { "texture": "#0", "uv": [ 8.375, 9.625, 3.375, 10.0 ] },
                "east": { "texture": "#0", "uv": [ 7.875, 8.875, 8.25, 9.1875 ] },
                "south": { "texture": "#0", "uv": [ 3.375, 9.625, 8.25, 10.0 ] },
                "west": { "texture": "#0", "uv": [ 7.625, 8.1875, 8.0, 8.5 ] },
                "up": { "texture": "#0", "uv": [ 10.5, 8.0, 16.0, 8.375 ] },
                "down": { "texture": "#0", "uv": [ 5.5, 8.375, 0.0, 8.0 ] }
            }
        },
        {
            "name": "Element",
            "from": [ 16.8125, 6.5, 7.0 ], 
            "to": [ 18.0, 7.0, 7.5 ], 
            "faces": {
                "north": { "texture": "#0", "uv": [ 15.125, 4.0, 14.125, 4.5 ] },
                "east": { "texture": "#0", "uv": [ 7.75, 9.0, 8.25, 9.5 ] },
                "south": { "texture": "#0", "uv": [ 0.0, 9.0, 0.0, 9.5 ] },
                "west": { "texture": "#0", "uv": [ 7.75, 9.0, 8.25, 9.5 ] },
                "up": { "texture": "#0", "uv": [ 9.0, 11.25, 9.5, 10.25 ], "rotation": 90 },
                "down": { "texture": "#0", "uv": [ 1.0, 8.5, 1.5, 8.0 ] }
            }
        },
        {
            "name": "Element",
            "from": [ 17.75, 7.0, 7.0 ], 
            "to": [ 18.0, 7.8125, 7.5 ], 
            "faces": {
                "north": { "texture": "#0", "uv": [ 0.0, 8.1875, 0.0, 9.0 ] },
                "east": { "texture": "#0", "uv": [ 12.0, 11.75, 12.5, 12.5625 ] },
                "south": { "texture": "#0", "uv": [ 0.0, 8.1875, 0.0, 9.0 ] },
                "west": { "texture": "#0", "uv": [ 12.0, 11.75, 12.5, 12.5625 ] },
                "up": { "texture": "#0", "uv": [ 0.0, 8.5, 0.0, 8.0 ] },
                "down": { "texture": "#0", "uv": [ 0.0, 8.5, 0.0, 8.0 ] }
            }
        },
        {
            "name": "Element",
            "from": [ 10.5, 7.8125, 8.0 ], 
            "to": [ 18.0, 8.0, 8.5 ], 
            "faces": {
                "north": { "texture": "#0", "uv": [ 4.25, 9.25, 8.75, 9.5 ] },
                "east": { "texture": "#0", "uv": [ 8.0, 9.25, 8.5, 9.4375 ] },
                "south": { "texture": "#0", "uv": [ 4.25, 9.25, 8.75, 9.5 ] },
                "west": { "texture": "#0", "uv": [ 7.5, 8.0, 8.0, 8.1875 ] },
                "up": { "texture": "#0", "uv": [ 4.375, 9.25, 8.75, 9.25 ] },
                "down": { "texture": "#0", "uv": [ 4.375, 9.25, 8.75, 9.375 ] }
            }
        },
        {
            "name": "Element",
            "from": [ 10.5, 6.5, 8.0 ], 
            "to": [ 16.8125, 7.5, 8.5 ], 
            "faces": {
                "north": { "texture": "#0", "uv": [ 9.25, 3.625, 14.0, 5.0 ] },
                "east": { "texture": "#0", "uv": [ 7.25, 0.125, 8.125, 0.375 ], "rotation": 90 },
                "south": { "texture": "#0", "uv": [ 9.25, 3.625, 14.125, 5.0 ] },
                "west": { "texture": "#0", "uv": [ 8.0, 8.5, 8.5, 9.5 ] },
                "up": { "texture": "#0", "uv": [ 7.625, 8.0, 13.125, 8.5 ] },
                "down": { "texture": "#0", "uv": [ 9.375, 5.25, 14.75, 5.25 ] }
            }
        },
        {
            "name": "Element",
            "from": [ 10.5, 7.5, 8.0 ], 
            "to": [ 16.8125, 7.8125, 8.375 ], 
            "faces": {
                "north": { "texture": "#0", "uv": [ 3.375, 9.625, 8.375, 10.0 ] },
                "east": { "texture": "#0", "uv": [ 7.875, 8.875, 8.25, 9.1875 ] },
                "south": { "texture": "#0", "uv": [ 3.375, 9.625, 8.25, 10.0 ] },
                "west": { "texture": "#0", "uv": [ 7.625, 8.1875, 8.0, 8.5 ] },
                "up": { "texture": "#0", "uv": [ 10.5, 8.0, 16.0, 8.375 ] },
                "down": { "texture": "#0", "uv": [ 5.5, 8.375, 0.0, 8.0 ] }
            }
        },
        {
            "name": "Element",
            "from": [ 16.8125, 6.5, 8.0 ], 
            "to": [ 18.0, 7.0, 8.5 ], 
            "faces": {
                "north": { "texture": "#0", "uv": [ 0.0, 9.0, 0.0, 9.5 ] },
                "east": { "texture": "#0", "uv": [ 7.75, 9.0, 8.25, 9.5 ] },
                "south": { "texture": "#0", "uv": [ 14.125, 4.0, 15.125, 4.5 ] },
                "west": { "texture": "#0", "uv": [ 7.75, 9.0, 8.25, 9.5 ] },
                "up": { "texture": "#0", "uv": [ 9.0, 11.25, 9.5, 10.25 ], "rotation": 90 },
                "down": { "texture": "#0", "uv": [ 1.0, 8.5, 1.5, 8.0 ] }
            }
        },
        {
            "name": "Element",
            "from": [ 17.75, 7.0, 8.0 ], 
            "to": [ 18.0, 7.8125, 8.5 ], 
            "faces": {
                "north": { "texture": "#0", "uv": [ 0.0, 8.1875, 0.0, 9.0 ] },
                "east": { "texture": "#0", "uv": [ 12.0, 11.75, 12.5, 12.5625 ] },
                "south": { "texture": "#0", "uv": [ 0.0, 8.1875, 0.0, 9.0 ] },
                "west": { "texture": "#0", "uv": [ 12.0, 11.75, 12.5, 12.5625 ] },
                "up": { "texture": "#0", "uv": [ 0.0, 8.5, 0.0, 8.0 ] },
                "down": { "texture": "#0", "uv": [ 0.0, 8.5, 0.0, 8.0 ] }
            }
        },
        {
            "name": "Element",
            "from": [ 18.5, 7.75, 7.5 ], 
            "to": [ 28.5, 8.25, 8.0 ], 
            "faces": {
                "north": { "texture": "#1", "uv": [ 0.0, 0.0, 0.1, 0.1 ] },
                "east": { "texture": "#1", "uv": [ 0.0, 7.875, 0.5, 8.375 ] },
                "south": { "texture": "#1", "uv": [ 0.0, 0.0, 0.1, 0.1 ] },
                "west": { "texture": "#1", "uv": [ 0.0, 7.875, 0.5, 8.375 ] },
                "up": { "texture": "#1", "uv": [ 0.0, 0.0, 0.1, 0.1 ] },
                "down": { "texture": "#1", "uv": [ 0.0, 0.0, 0.1, 0.1 ] }
            }
        },
        {
            "name": "Element",
            "from": [ 7.5, 6.5, 7.0 ], 
            "to": [ 10.5, 8.0, 8.5 ], 
            "faces": {
                "north": { "texture": "#0", "uv": [ 5.125, 6.75, 8.125, 8.25 ] },
                "east": { "texture": "#0", "uv": [ 6.125, 6.875, 7.625, 8.375 ] },
                "south": { "texture": "#0", "uv": [ 5.125, 6.75, 8.125, 8.25 ] },
                "west": { "texture": "#0", "uv": [ 6.125, 6.875, 7.625, 8.375 ] },
                "up": { "texture": "#0", "uv": [ 5.125, 7.125, 8.125, 8.625 ] },
                "down": { "texture": "#0", "uv": [ 8.5, 8.5, 5.5, 7.0 ] }
            }
        },
        {
            "name": "Element",
            "from": [ 8.5, 7.875, 7.375 ], 
            "to": [ 9.5, 8.375, 8.125 ], 
            "faces": {
                "north": { "texture": "#2", "uv": [ 8.0, 10.0, 8.1, 10.1 ] },
                "east": { "texture": "#2", "uv": [ 8.375, 9.625, 8.525000000000002, 9.725000000000001 ] },
                "south": { "texture": "#2", "uv": [ 8.0, 9.0, 8.1, 9.1 ] },
                "west": { "texture": "#2", "uv": [ 9.0, 10.0, 9.1, 10.1 ] },
                "up": { "texture": "#2", "uv": [ 8.0, 9.0, 8.1, 9.1 ] },
                "down": { "texture": "#2", "uv": [ 7.875, 8.375, 8.875, 9.125 ] }
            }
        },
        {
            "name": "Element",
            "from": [ 2.5, 7.5, 7.25 ], 
            "to": [ 8.5625, 8.5, 8.25 ], 
            "faces": {
                "north": { "texture": "#1", "uv": [ 0.0, 0.0, 0.1, 0.1 ] },
                "east": { "texture": "#1", "uv": [ 0.0, 0.0, 0.0, 0.1 ] },
                "south": { "texture": "#1", "uv": [ 0.0, 0.0, 0.1, 0.1 ] },
                "west": { "texture": "#1", "uv": [ 0.0, 0.0, 0.1, 0.1 ] },
                "up": { "texture": "#1", "uv": [ 0.0, 0.0, 0.1, 0.1 ] },
                "down": { "texture": "#1", "uv": [ 16.0, 6.875, 15.75, 6.0 ] }
            }
        },
        {
            "name": "Element",
            "from": [ 1.125, 6.5, 7.0 ], 
            "to": [ 7.5, 7.5, 8.5 ], 
            "faces": {
                "north": { "texture": "#0", "uv": [ 15.0, 7.0, 3.125, 8.625 ] },
                "east": { "texture": "#0", "uv": [ 4.125, 7.25, 5.625, 8.25 ] },
                "south": { "texture": "#0", "uv": [ 3.125, 7.0, 15.0, 8.625 ] },
                "west": { "texture": "#0", "uv": [ 4.125, 7.25, 5.625, 8.25 ] },
                "up": { "texture": "#0", "uv": [ 3.5, 7.25, 7.375, 8.125 ] },
                "down": { "texture": "#0", "uv": [ 3.5, 7.25, 7.375, 8.125 ] }
            }
        },
        {
            "name": "Element",
            "from": [ 7.5, 7.0, 7.01 ], 
            "to": [ 8.0, 8.0, 8.49 ], 
            "rotation": { "origin": [ 7.5, 8.0, 7.01 ], "axis": "z", "angle": -45.0 },
            "faces": {
                "north": { "texture": "#0", "uv": [ 15.0, 0.0, 15.5, 1.0 ] },
                "east": { "texture": "#0", "uv": [ 12.25, 0.0, 13.75, 1.0 ] },
                "south": { "texture": "#0", "uv": [ 15.0, 0.0, 15.5, 1.0 ] },
                "west": { "texture": "#0", "uv": [ 12.25, 0.0, 13.75, 1.0 ] },
                "up": { "texture": "#0", "uv": [ 15.125, 0.125, 15.625, 1.625 ] },
                "down": { "texture": "#0", "uv": [ 15.125, 0.125, 15.625, 1.625 ] }
            }
        },
        {
            "name": "Element",
            "from": [ 4.0, 7.5, 7.0 ], 
            "to": [ 4.5, 8.0, 8.5 ], 
            "faces": {
                "north": { "texture": "#3", "uv": [ 1.875, 7.75, 2.375, 8.25 ] },
                "east": { "texture": "#3", "uv": [ 1.25, 4.0, 2.75, 4.5 ] },
                "south": { "texture": "#3", "uv": [ 1.875, 7.75, 2.375, 8.25 ] },
                "west": { "texture": "#3", "uv": [ 1.25, 4.0, 2.75, 4.5 ] },
                "up": { "texture": "#3", "uv": [ 2.25, 7.625, 2.75, 9.125 ] },
                "down": { "texture": "#3", "uv": [ 2.25, 7.625, 2.75, 9.125 ] }
            }
        },
        {
            "name": "Element",
            "from": [ 4.125, 6.625, 7.01 ], 
            "to": [ 4.625, 7.625, 8.49 ], 
            "rotation": { "origin": [ 4.125, 7.625, 7.01 ], "axis": "z", "angle": 45.0 },
            "faces": {
                "north": { "texture": "#3", "uv": [ 15.0, 0.0, 15.5, 1.0 ] },
                "east": { "texture": "#3", "uv": [ 13.0, 0.125, 14.5, 1.125 ] },
                "south": { "texture": "#3", "uv": [ 15.0, 0.0, 15.5, 1.0 ] },
                "west": { "texture": "#3", "uv": [ 13.0, 0.125, 14.5, 1.125 ] },
                "up": { "texture": "#3", "uv": [ 15.375, 0.0, 15.875, 1.5 ] },
                "down": { "texture": "#3", "uv": [ 15.375, 0.0, 15.875, 1.5 ] }
            }
        },
        {
            "name": "Element",
            "from": [ 8.5, 5.6975, 6.99 ], 
            "to": [ 10.5, 6.6975, 8.51 ], 
            "rotation": { "origin": [ 8.5, 6.6975, 6.99 ], "axis": "z", "angle": 22.5 },
            "faces": {
                "north": { "texture": "#0", "uv": [ 8.875, 11.75, 10.875, 10.75 ] },
                "east": { "texture": "#0", "uv": [ 7.75, 11.375, 9.25, 12.375 ] },
                "south": { "texture": "#0", "uv": [ 8.875, 11.75, 10.875, 10.75 ] },
                "west": { "texture": "#0", "uv": [ 6.5, 11.625, 8.0, 12.625 ] },
                "up": { "texture": "#0", "uv": [ 4.5, 11.875, 6.5, 13.375 ] },
                "down": { "texture": "#0", "uv": [ 13.5, 12.625, 12.125, 11.625 ] }
            }
        },
        {
            "name": "Element",
            "from": [ 4.0, 5.75, 7.0 ], 
            "to": [ 8.875, 6.5, 8.5 ], 
            "faces": {
                "north": { "texture": "#0", "uv": [ 3.875, 7.625, 8.75, 8.375 ] },
                "east": { "texture": "#0", "uv": [ 3.25, 8.875, 4.75, 9.625 ] },
                "south": { "texture": "#0", "uv": [ 3.875, 7.625, 8.75, 8.375 ] },
                "west": { "texture": "#0", "uv": [ 3.25, 8.875, 4.75, 9.625 ] },
                "up": { "texture": "#0", "uv": [ 4.0, 7.0, 8.875, 8.5 ] },
                "down": { "texture": "#0", "uv": [ 12.0, 8.5, 7.125, 7.0 ] }
            }
        },
        {
            "name": "Element",
            "from": [ 5.5, 5.0, 7.25 ], 
            "to": [ 7.5, 6.0, 8.25 ], 
            "faces": {
                "north": { "texture": "#1", "uv": [ 0.0, 0.0, 7.0, 0.1 ] },
                "east": { "texture": "#1", "uv": [ 0.0, 0.0, 3.0, 0.1 ] },
                "south": { "texture": "#1", "uv": [ 0.0, 0.0, 7.0, 0.1 ] },
                "west": { "texture": "#1", "uv": [ 0.0, 0.0, 3.0, 0.1 ] },
                "up": { "texture": "#1", "uv": [ 7.875, 8.5, 5.875, 7.5 ] },
                "down": { "texture": "#1", "uv": [ 0.0, 0.0, 0.1, 0.1 ] }
            }
        },
        {
            "name": "Element",
            "from": [ 3.75, 6.0, 7.0 ], 
            "to": [ 4.25, 6.75, 8.5 ], 
            "rotation": { "origin": [ 3.75, 6.75, 7.0 ], "axis": "z", "angle": 22.5 },
            "faces": {
                "north": { "texture": "#0", "uv": [ 11.0, 13.25, 11.5, 14.25 ] },
                "east": { "texture": "#0", "uv": [ 5.5, 13.125, 7.0, 14.125 ] },
                "south": { "texture": "#0", "uv": [ 11.0, 13.25, 11.5, 14.25 ] },
                "west": { "texture": "#0", "uv": [ 5.5, 13.125, 7.0, 14.125 ] },
                "up": { "texture": "#0", "uv": [ 3.375, 7.5, 3.875, 9.0 ] },
                "down": { "texture": "#0", "uv": [ 3.375, 7.5, 3.875, 9.0 ] }
            }
        },
        {
            "name": "Element",
            "from": [ 4.0, 5.4375, 7.5 ], 
            "to": [ 4.0625, 5.9375, 8.0 ], 
            "rotation": { "origin": [ 4.0, 5.9375, 7.5 ], "axis": "z", "angle": -22.5 },
            "faces": {
                "north": { "texture": "#1", "uv": [ 12.4375, 10.5, 12.5, 11.0 ] },
                "east": { "texture": "#1", "uv": [ 11.875, 10.375, 12.875, 10.875 ] },
                "south": { "texture": "#1", "uv": [ 12.4375, 10.5, 12.5, 11.0 ] },
                "west": { "texture": "#1", "uv": [ 11.875, 10.375, 12.875, 10.875 ] },
                "up": { "texture": "#1", "uv": [ 12.375, 11.0, 12.875, 12.0 ] },
                "down": { "texture": "#1", "uv": [ 12.375, 11.0, 12.875, 12.0 ] }
            }
        },
        {
            "name": "Element",
            "from": [ 2.5, 5.4375, 7.5 ], 
            "to": [ 3.875, 5.5, 8.0 ], 
            "faces": {
                "north": { "texture": "#1", "uv": [ 12.4375, 10.5, 12.5, 11.0 ] },
                "east": { "texture": "#1", "uv": [ 11.875, 10.375, 12.875, 10.875 ] },
                "south": { "texture": "#1", "uv": [ 12.4375, 10.5, 12.5, 11.0 ] },
                "west": { "texture": "#1", "uv": [ 11.875, 10.375, 12.875, 10.875 ] },
                "up": { "texture": "#1", "uv": [ 12.375, 11.0, 12.875, 12.0 ] },
                "down": { "texture": "#1", "uv": [ 12.375, 11.0, 12.875, 12.0 ] }
            }
        },
        {
            "name": "Element",
            "from": [ 2.3125, 5.405, 7.5 ], 
            "to": [ 2.375, 5.905, 8.0 ], 
            "rotation": { "origin": [ 2.3125, 5.905, 7.5 ], "axis": "z", "angle": 22.5 },
            "faces": {
                "north": { "texture": "#1", "uv": [ 12.4375, 10.5, 12.5, 11.0 ] },
                "east": { "texture": "#1", "uv": [ 11.875, 10.375, 12.875, 10.875 ] },
                "south": { "texture": "#1", "uv": [ 12.4375, 10.5, 12.5, 11.0 ] },
                "west": { "texture": "#1", "uv": [ 11.875, 10.375, 12.875, 10.875 ] },
                "up": { "texture": "#1", "uv": [ 12.375, 11.0, 12.875, 12.0 ] },
                "down": { "texture": "#1", "uv": [ 12.375, 11.0, 12.875, 12.0 ] }
            }
        },
        {
            "name": "Element",
            "from": [ 1.6875, 4.875, 7.01 ], 
            "to": [ 2.6875, 6.875, 8.49 ], 
            "rotation": { "origin": [ 1.6875, 6.875, 7.01 ], "axis": "z", "angle": -22.5 },
            "faces": {
                "north": { "texture": "#0", "uv": [ 12.25, 10.875, 13.25, 12.875 ] },
                "east": { "texture": "#0", "uv": [ 11.875, 10.75, 13.375, 12.75 ] },
                "south": { "texture": "#0", "uv": [ 12.25, 10.875, 13.25, 12.875 ] },
                "west": { "texture": "#0", "uv": [ 11.875, 10.75, 13.375, 12.75 ] },
                "up": { "texture": "#0", "uv": [ 12.0, 11.125, 13.0, 12.625 ] },
                "down": { "texture": "#0", "uv": [ 12.0, 11.125, 13.0, 12.625 ] }
            }
        },
        {
            "name": "Element",
            "from": [ 1.0, 4.0, 7.0 ], 
            "to": [ 2.0, 5.0, 8.5 ], 
            "faces": {
                "north": { "texture": "#0", "uv": [ 12.25, 10.875, 13.25, 12.875 ] },
                "east": { "texture": "#0", "uv": [ 11.875, 10.75, 13.375, 12.75 ] },
                "south": { "texture": "#0", "uv": [ 12.25, 10.875, 13.25, 12.875 ] },
                "west": { "texture": "#0", "uv": [ 11.875, 10.75, 13.375, 12.75 ] },
                "up": { "texture": "#0", "uv": [ 12.0, 11.125, 13.0, 12.625 ] },
                "down": { "texture": "#0", "uv": [ 12.0, 11.125, 13.0, 12.625 ] }
            }
        },
        {
            "name": "Element",
            "from": [ 2.0, 7.0, 7.0 ], 
            "to": [ 3.0, 7.5, 8.5 ], 
            "rotation": { "origin": [ 2.0, 7.5, 7.0 ], "axis": "z", "angle": 22.5 },
            "faces": {
                "north": { "texture": "#0", "uv": [ 14.0, 6.5, 15.0, 7.0 ] },
                "east": { "texture": "#0", "uv": [ 6.25, 6.375, 7.75, 6.875 ] },
                "south": { "texture": "#0", "uv": [ 14.0, 6.5, 15.0, 7.0 ] },
                "west": { "texture": "#0", "uv": [ 6.25, 6.375, 7.75, 6.875 ] },
                "up": { "texture": "#0", "uv": [ 14.375, 6.25, 15.375, 7.75 ] },
                "down": { "texture": "#0", "uv": [ 14.375, 6.25, 15.375, 7.75 ] }
            }
        },
        {
            "name": "Element",
            "from": [ 3.625, 7.625, 7.5 ], 
            "to": [ 3.875, 7.875, 9.0 ], 
            "faces": {
                "north": { "texture": "#4", "uv": [ 12.125, 8.125, 12.375, 8.375 ] },
                "east": { "texture": "#4", "uv": [ 0.0, 0.0, 0.1, 0.1 ] },
                "south": { "texture": "#4", "uv": [ 3.625, 8.125, 3.875, 8.375 ] },
                "west": { "texture": "#4", "uv": [ 0.0, 0.0, 0.1, 0.1 ] },
                "up": { "texture": "#4", "uv": [ 0.0, 0.0, 0.1, 0.1 ] },
                "down": { "texture": "#4", "uv": [ 0.0, 0.0, 0.1, 0.1 ] }
            }
        },
        {
            "name": "Element",
            "from": [ 2.875, 7.5, 7.0 ], 
            "to": [ 3.5, 7.875, 8.5 ], 
            "faces": {
                "north": { "texture": "#0", "uv": [ 12.5, 8.125, 13.125, 8.5 ] },
                "east": { "texture": "#0", "uv": [ 7.0, 8.125, 8.5, 8.5 ] },
                "south": { "texture": "#0", "uv": [ 12.5, 8.125, 13.125, 8.5 ] },
                "west": { "texture": "#0", "uv": [ 7.0, 8.125, 8.5, 8.5 ] },
                "up": { "texture": "#0", "uv": [ 3.375, 7.25, 4.0, 8.75 ] },
                "down": { "texture": "#0", "uv": [ 3.375, 7.25, 4.0, 8.75 ] }
            }
        },
        {
            "name": "Element",
            "from": [ 2.9, 5.9, 7.5 ], 
            "to": [ 2.9625, 6.9, 8.0 ], 
            "faces": {
                "north": { "texture": "#1", "uv": [ 12.4375, 10.5, 12.5, 11.0 ] },
                "east": { "texture": "#1", "uv": [ 11.875, 10.375, 12.875, 10.875 ] },
                "south": { "texture": "#1", "uv": [ 12.4375, 10.5, 12.5, 11.0 ] },
                "west": { "texture": "#1", "uv": [ 11.875, 10.375, 12.875, 10.875 ] },
                "up": { "texture": "#1", "uv": [ 12.375, 11.0, 12.875, 12.0 ] },
                "down": { "texture": "#1", "uv": [ 12.375, 11.0, 12.875, 12.0 ] }
            }
        },
        {
            "name": "Element",
            "from": [ 2.9, 5.5875, 7.5 ], 
            "to": [ 2.9625, 5.9, 8.0 ], 
            "rotation": { "origin": [ 2.9, 5.9, 7.5 ], "axis": "z", "angle": 45.0 },
            "faces": {
                "north": { "texture": "#1", "uv": [ 12.4375, 10.5, 12.5, 11.0 ] },
                "east": { "texture": "#1", "uv": [ 11.875, 10.375, 12.875, 10.875 ] },
                "south": { "texture": "#1", "uv": [ 12.4375, 10.5, 12.5, 11.0 ] },
                "west": { "texture": "#1", "uv": [ 11.875, 10.375, 12.875, 10.875 ] },
                "up": { "texture": "#1", "uv": [ 12.375, 11.0, 12.875, 12.0 ] },
                "down": { "texture": "#1", "uv": [ 12.375, 11.0, 12.875, 12.0 ] }
            }
        },
        {
            "name": "Element",
            "from": [ 3.13, 5.67, 7.5 ], 
            "to": [ 3.3175, 5.7325, 8.0 ], 
            "faces": {
                "north": { "texture": "#1", "uv": [ 12.4375, 10.5, 12.5, 11.0 ] },
                "east": { "texture": "#1", "uv": [ 11.875, 10.375, 12.875, 10.875 ] },
                "south": { "texture": "#1", "uv": [ 12.4375, 10.5, 12.5, 11.0 ] },
                "west": { "texture": "#1", "uv": [ 11.875, 10.375, 12.875, 10.875 ] },
                "up": { "texture": "#1", "uv": [ 12.375, 11.0, 12.875, 12.0 ] },
                "down": { "texture": "#1", "uv": [ 12.375, 11.0, 12.875, 12.0 ] }
            }
        },
        {
            "name": "Element",
            "from": [ 28.5, 7.625, 7.375 ], 
            "to": [ 29.0, 8.375, 8.125 ], 
            "faces": {
                "north": { "texture": "#2", "uv": [ 5.0, 3.0, 5.5, 3.75 ] },
                "east": { "texture": "#2", "uv": [ 5.0, 3.0, 5.75, 3.75 ] },
                "south": { "texture": "#2", "uv": [ 5.0, 3.0, 5.5, 3.75 ] },
                "west": { "texture": "#2", "uv": [ 5.0, 3.0, 5.75, 3.75 ] },
                "up": { "texture": "#2", "uv": [ 5.0, 3.0, 5.5, 3.75 ] },
                "down": { "texture": "#2", "uv": [ 5.0, 3.0, 5.5, 3.75 ] }
            }
        },
        {
            "name": "Element",
            "from": [ 17.0, 6.0, 8.1875 ], 
            "to": [ 18.0, 6.5, 8.5 ], 
            "faces": {
                "north": { "texture": "#0", "uv": [ 2.125, 8.75, 2.625, 9.25 ] },
                "east": { "texture": "#0", "uv": [ 8.6875, 9.5, 9.0, 10.0 ] },
                "south": { "texture": "#0", "uv": [ 14.125, 4.125, 14.625, 4.5 ] },
                "west": { "texture": "#0", "uv": [ 2.0, 9.375, 2.3125, 9.875 ] },
                "up": { "texture": "#0", "uv": [ 16.0, 7.0, 16.0, 7.3125 ] },
                "down": { "texture": "#0", "uv": [ 1.0, 6.25, 1.5, 6.75 ] }
            }
        },
        {
            "name": "Element",
            "from": [ 17.0, 6.0, 7.0 ], 
            "to": [ 18.0, 6.5, 7.3125 ], 
            "faces": {
                "north": { "texture": "#0", "uv": [ 14.625, 4.125, 14.125, 4.5 ] },
                "east": { "texture": "#0", "uv": [ 8.6875, 9.5, 9.0, 10.0 ] },
                "south": { "texture": "#0", "uv": [ 1.0, 4.125, 1.5, 4.625 ] },
                "west": { "texture": "#0", "uv": [ 2.0, 9.375, 2.3125, 9.875 ] },
                "up": { "texture": "#0", "uv": [ 16.0, 7.0, 16.0, 7.3125 ] },
                "down": { "texture": "#0", "uv": [ 1.0, 6.25, 1.5, 6.75 ] }
            }
        },
        {
            "name": "Element",
            "from": [ 17.5, 6.125, 8.5 ], 
            "to": [ 22.5, 6.375, 8.75 ], 
            "faces": {
                "north": { "texture": "#1", "uv": [ 0.0, 0.0, 1.0, 0.25 ] },
                "east": { "texture": "#1", "uv": [ 0.0, 0.0, 0.1, 0.1 ] },
                "south": { "texture": "#1", "uv": [ 0.0, 0.0, 0.1, 0.1 ] },
                "west": { "texture": "#1", "uv": [ 0.0, 0.0, 0.1, 0.1 ] },
                "up": { "texture": "#1", "uv": [ 0.0, 0.0, 0.1, 0.1 ] },
                "down": { "texture": "#1", "uv": [ 0.0, 0.0, 0.1, 0.1 ] }
            }
        },
        {
            "name": "Element",
            "from": [ 17.5, 6.125, 6.75 ], 
            "to": [ 22.5, 6.375, 7.0 ], 
            "faces": {
                "north": { "texture": "#1", "uv": [ 0.0, 0.0, 0.1, 0.1 ] },
                "east": { "texture": "#1", "uv": [ 13.5, 7.0, 14.0, 7.5 ] },
                "south": { "texture": "#1", "uv": [ 0.0, 0.0, 0.1, 0.1 ] },
                "west": { "texture": "#1", "uv": [ 13.5, 7.0, 14.0, 7.5 ] },
                "up": { "texture": "#1", "uv": [ 0.0, 0.0, 0.1, 0.1 ] },
                "down": { "texture": "#1", "uv": [ 0.0, 0.0, 0.1, 0.1 ] }
            }
        },
        {
            "name": "Element",
            "from": [ 22.5, 6.0, 6.625 ], 
            "to": [ 23.0, 6.5, 7.125 ], 
            "faces": {
                "north": { "texture": "#2", "uv": [ 8.0, 9.5, 8.0, 10.0 ] },
                "east": { "texture": "#2", "uv": [ 8.625, 9.5, 8.725000000000001, 9.600000000000001 ] },
                "south": { "texture": "#2", "uv": [ 8.0, 9.5, 8.0, 10.0 ] },
                "west": { "texture": "#2", "uv": [ 8.375, 9.5, 8.875, 10.0 ] },
                "up": { "texture": "#2", "uv": [ 8.0, 10.125, 8.0, 9.625 ] },
                "down": { "texture": "#2", "uv": [ 8.0, 10.125, 8.0, 9.625 ] }
            }
        },
        {
            "name": "Element",
            "from": [ 22.5, 6.0, 8.375 ], 
            "to": [ 23.0, 6.5, 8.875 ], 
            "faces": {
                "north": { "texture": "#2", "uv": [ 3.0, 8.5, 3.0, 9.0 ] },
                "east": { "texture": "#2", "uv": [ 5.125, 3.0, 5.625, 3.5 ] },
                "south": { "texture": "#2", "uv": [ 8.0, 9.5, 8.0, 10.0 ] },
                "west": { "texture": "#2", "uv": [ 8.375, 9.5, 8.875, 9.75 ] },
                "up": { "texture": "#2", "uv": [ 5.0, 3.375, 5.0, 3.875 ] },
                "down": { "texture": "#2", "uv": [ 8.0, 10.875, 8.0, 10.375 ] }
            }
        },
        {
            "name": "Element",
            "from": [ 19.5, 6.0875, 6.6875 ], 
            "to": [ 20.5, 6.4375, 7.0375 ], 
            "faces": {
                "north": { "texture": "#2", "uv": [ 8.0, 10.5625, 8.0, 10.875 ] },
                "east": { "texture": "#2", "uv": [ 8.5, 9.5, 8.8125, 9.8125 ] },
                "south": { "texture": "#2", "uv": [ 8.0, 10.5625, 8.0, 10.875 ] },
                "west": { "texture": "#2", "uv": [ 8.5, 9.5, 8.8125, 9.8125 ] },
                "up": { "texture": "#2", "uv": [ 8.0, 10.0, 8.0, 9.6875 ] },
                "down": { "texture": "#2", "uv": [ 8.0, 11.0, 8.0, 10.6875 ] }
            }
        },
        {
            "name": "Element",
            "from": [ 19.5, 6.0875, 8.4375 ], 
            "to": [ 20.5, 6.4375, 8.7875 ], 
            "faces": {
                "north": { "texture": "#2", "uv": [ 8.0, 10.5625, 8.0, 10.875 ] },
                "east": { "texture": "#2", "uv": [ 8.4375, 9.5625, 8.75, 9.875 ] },
                "south": { "texture": "#2", "uv": [ 8.0, 9.5625, 8.0, 9.875 ] },
                "west": { "texture": "#2", "uv": [ 8.4375, 9.5625, 8.75, 9.875 ] },
                "up": { "texture": "#2", "uv": [ 8.0, 9.75, 8.0, 9.4375 ] },
                "down": { "texture": "#2", "uv": [ 8.0, 9.75, 8.0, 9.4375 ] }
            }
        },
        {
            "name": "Element",
            "from": [ -0.8125, 4.3125, 7.0 ], 
            "to": [ 1.0, 5.0, 8.5 ], 
            "faces": {
                "north": { "texture": "#0", "uv": [ 11.0, 9.125, 12.0, 11.125 ], "rotation": 90 },
                "east": { "texture": "#0", "uv": [ 11.875, 10.75, 13.375, 12.75 ] },
                "south": { "texture": "#0", "uv": [ 12.0, 11.125, 11.0, 9.125 ], "rotation": 90 },
                "west": { "texture": "#0", "uv": [ 11.875, 10.75, 13.375, 12.75 ] },
                "up": { "texture": "#0", "uv": [ 10.875, 11.125, 11.875, 9.125 ], "rotation": 90 },
                "down": { "texture": "#0", "uv": [ 10.875, 11.125, 11.875, 9.125 ], "rotation": 90 }
            }
        },
        {
            "name": "Element",
            "from": [ 1.1875, 4.5625, 7.0 ], 
            "to": [ 1.6875, 5.5625, 8.5 ], 
            "rotation": { "origin": [ 1.1875, 5.5625, 7.0 ], "axis": "z", "angle": -45.0 },
            "faces": {
                "north": { "texture": "#0", "uv": [ 12.25, 10.875, 13.25, 12.875 ] },
                "east": { "texture": "#0", "uv": [ 11.875, 10.75, 13.375, 12.75 ] },
                "south": { "texture": "#0", "uv": [ 12.25, 10.875, 13.25, 12.875 ] },
                "west": { "texture": "#0", "uv": [ 11.875, 10.75, 13.375, 12.75 ] },
                "up": { "texture": "#0", "uv": [ 12.0, 11.125, 13.0, 12.625 ] },
                "down": { "texture": "#0", "uv": [ 12.0, 11.125, 13.0, 12.625 ] }
            }
        },
        {
            "name": "Element",
            "from": [ 0.625, 5.9375, 7.03 ], 
            "to": [ 1.125, 6.9375, 8.49 ], 
            "rotation": { "origin": [ 0.625, 6.9375, 7.03 ], "axis": "z", "angle": 45.0 },
            "faces": {
                "north": { "texture": "#0", "uv": [ 9.625, 9.0, 9.125, 10.0 ] },
                "east": { "texture": "#0", "uv": [ 14.5, 0.0, 16.0, 1.0 ] },
                "south": { "texture": "#0", "uv": [ 9.125, 9.0, 9.625, 10.0 ] },
                "west": { "texture": "#0", "uv": [ 9.125, 11.875, 10.625, 10.875 ] },
                "up": { "texture": "#0", "uv": [ 16.0, 8.5, 16.0, 7.0 ] },
                "down": { "texture": "#0", "uv": [ 16.0, 8.5, 16.0, 7.0 ] }
            }
        },
        {
            "name": "Element",
            "from": [ 1.25, 5.625, 7.0 ], 
            "to": [ 1.625, 6.5, 8.5 ], 
            "faces": {
                "north": { "texture": "#0", "uv": [ 12.25, 10.875, 13.25, 12.875 ] },
                "east": { "texture": "#0", "uv": [ 11.875, 10.75, 13.375, 12.75 ] },
                "south": { "texture": "#0", "uv": [ 12.25, 10.875, 13.25, 12.875 ] },
                "west": { "texture": "#0", "uv": [ 11.875, 10.75, 13.375, 12.75 ] },
                "up": { "texture": "#0", "uv": [ 12.0, 11.125, 13.0, 12.625 ] },
                "down": { "texture": "#0", "uv": [ 12.0, 11.125, 13.0, 12.625 ] }
            }
        },
        {
            "name": "Element",
            "from": [ 0.375, 7.0, 7.0 ], 
            "to": [ 1.1875, 7.3125, 8.5 ], 
            "rotation": { "origin": [ 0.375, 7.3125, 7.0 ], "axis": "z", "angle": -22.5 },
            "faces": {
                "north": { "texture": "#0", "uv": [ 5.875, 12.125, 6.375, 13.125 ] },
                "east": { "texture": "#0", "uv": [ 5.375, 11.875, 6.875, 12.875 ] },
                "south": { "texture": "#0", "uv": [ 5.875, 12.125, 6.375, 13.125 ] },
                "west": { "texture": "#0", "uv": [ 5.375, 11.875, 6.875, 12.875 ] },
                "up": { "texture": "#0", "uv": [ 14.0, 8.5, 14.5, 7.0 ] },
                "down": { "texture": "#0", "uv": [ 14.0, 8.5, 14.5, 7.0 ] }
            }
        },
        {
            "name": "Element",
            "from": [ 0.1875, 4.6875, 7.0 ], 
            "to": [ 0.8125, 4.875, 8.5 ], 
            "rotation": { "origin": [ 0.1875, 4.875, 7.0 ], "axis": "z", "angle": 22.5 },
            "faces": {
                "north": { "texture": "#0", "uv": [ 12.25, 10.875, 13.25, 12.875 ] },
                "east": { "texture": "#0", "uv": [ 11.875, 10.75, 13.375, 12.75 ] },
                "south": { "texture": "#0", "uv": [ 12.25, 10.875, 13.25, 12.875 ] },
                "west": { "texture": "#0", "uv": [ 11.875, 10.75, 13.375, 12.75 ] },
                "up": { "texture": "#0", "uv": [ 12.0, 11.125, 13.0, 12.625 ] },
                "down": { "texture": "#0", "uv": [ 12.0, 11.125, 13.0, 12.625 ] }
            }
        },
        {
            "name": "Element",
            "from": [ -0.4375, 4.8125, 7.01 ], 
            "to": [ 0.1875, 5.1875, 8.49 ], 
            "rotation": { "origin": [ -0.4375, 5.1875, 7.01 ], "axis": "z", "angle": -22.5 },
            "faces": {
                "north": { "texture": "#0", "uv": [ 5.5, 12.5, 6.0, 13.0 ] },
                "east": { "texture": "#0", "uv": [ 5.625, 12.25, 7.125, 12.75 ] },
                "south": { "texture": "#0", "uv": [ 5.5, 12.5, 6.0, 13.0 ] },
                "west": { "texture": "#0", "uv": [ 5.625, 12.25, 7.125, 12.75 ] },
                "up": { "texture": "#0", "uv": [ 14.0, 7.0, 14.5, 8.5 ] },
                "down": { "texture": "#0", "uv": [ 14.0, 7.0, 14.5, 8.5 ] }
            }
        },
        {
            "name": "Element",
            "from": [ -0.75, 5.0, 7.0 ], 
            "to": [ 0.25, 5.5, 8.5 ], 
            "rotation": { "origin": [ -0.75, 5.5, 7.0 ], "axis": "z", "angle": -45.0 },
            "faces": {
                "north": { "texture": "#0", "uv": [ 6.125, 12.0, 6.625, 12.5 ] },
                "east": { "texture": "#0", "uv": [ 5.5, 12.0, 7.0, 12.5 ] },
                "south": { "texture": "#0", "uv": [ 6.125, 12.0, 6.625, 12.5 ] },
                "west": { "texture": "#0", "uv": [ 5.5, 12.0, 7.0, 12.5 ] },
                "up": { "texture": "#0", "uv": [ 6.0, 11.625, 6.5, 13.125 ] },
                "down": { "texture": "#0", "uv": [ 6.0, 11.625, 6.5, 13.125 ] }
            }
        },
        {
            "name": "Element",
            "from": [ -1.25, 4.625, 7.0 ], 
            "to": [ -0.8125, 5.625, 8.5 ], 
            "rotation": { "origin": [ -1.25, 5.625, 7.0 ], "axis": "z", "angle": 22.5 },
            "faces": {
                "north": { "texture": "#0", "uv": [ 5.625, 12.5, 6.125, 13.5 ] },
                "east": { "texture": "#0", "uv": [ 5.125, 12.0, 6.625, 13.0 ] },
                "south": { "texture": "#0", "uv": [ 5.625, 12.5, 6.125, 13.5 ] },
                "west": { "texture": "#0", "uv": [ 5.125, 12.0, 6.625, 13.0 ] },
                "up": { "texture": "#0", "uv": [ 5.625, 12.0, 6.125, 13.5 ] },
                "down": { "texture": "#0", "uv": [ 5.625, 12.0, 6.125, 13.5 ] }
            }
        },
        {
            "name": "Element",
            "from": [ 3.6875, 7.625, 8.8125 ], 
            "to": [ 3.9375, 7.875, 9.625 ], 
            "rotation": { "origin": [ 3.6875, 7.625, 8.8125 ], "axis": "y", "angle": -45.0 },
            "faces": {
                "north": { "texture": "#4", "uv": [ 1.1, 5.125, 1.375, 5.375 ] },
                "east": { "texture": "#4", "uv": [ 0.0, 0.0, 0.1, 0.1 ] },
                "south": { "texture": "#4", "uv": [ 3.625, 8.125, 3.875, 8.375 ] },
                "west": { "texture": "#4", "uv": [ 0.0, 0.0, 0.1, 0.1 ] },
                "up": { "texture": "#4", "uv": [ 0.0, 0.0, 0.1, 0.1 ] },
                "down": { "texture": "#4", "uv": [ 0.0, 0.0, 0.1, 0.1 ] }
            }
        },
        {
            "name": "Element",
            "from": [ 2.75, 7.5, 9.5625 ], 
            "to": [ 3.25, 8.0, 10.0625 ], 
            "rotation": { "origin": [ 2.75, 7.5, 9.5625 ], "axis": "y", "angle": 45.0 },
            "faces": {
                "north": { "texture": "#2", "uv": [ 5.0, 3.0, 5.1, 3.1 ] },
                "east": { "texture": "#2", "uv": [ 5.0, 3.0, 5.1, 3.0999999999999996 ] },
                "south": { "texture": "#2", "uv": [ 5.0, 3.0, 5.1, 3.0999999999999996 ] },
                "west": { "texture": "#2", "uv": [ 5.0, 3.0, 5.1, 3.0999999999999996 ] },
                "up": { "texture": "#2", "uv": [ 5.0, 3.0, 5.0, 3.0999999999999996 ] },
                "down": { "texture": "#2", "uv": [ 5.0, 3.0, 5.0, 3.5 ] }
            }
        },
        {
            "name": "Element",
            "from": [ -1.5, 4.3125, 7.0 ], 
            "to": [ -0.8125, 7.0, 8.5 ], 
            "faces": {
                "north": { "texture": "#0", "uv": [ 10.375, 7.125, 10.625, 4.625 ] },
                "east": { "texture": "#0", "uv": [ 4.875, 12.375, 6.375, 15.0625 ] },
                "south": { "texture": "#0", "uv": [ 10.625, 7.0, 10.375, 4.625 ] },
                "west": { "texture": "#0", "uv": [ 1.0, 2.25, 2.5, 4.9375 ] },
                "up": { "texture": "#0", "uv": [ 1.625, 3.125, 2.125, 4.625 ] },
                "down": { "texture": "#0", "uv": [ 3.75, 3.125, 4.25, 4.625 ] }
            }
        },
        {
            "name": "Element",
            "from": [ -1.0625, 5.875, 7.0 ], 
            "to": [ -0.5625, 6.875, 8.5 ], 
            "rotation": { "origin": [ -1.0625, 6.875, 7.0 ], "axis": "z", "angle": -22.5 },
            "faces": {
                "north": { "texture": "#0", "uv": [ 14.5, 0.0, 15.0, 0.5 ] },
                "east": { "texture": "#0", "uv": [ 11.625, 0.0, 13.125, 0.5 ] },
                "south": { "texture": "#0", "uv": [ 14.5, 0.0, 15.0, 0.5 ] },
                "west": { "texture": "#0", "uv": [ 11.625, 0.0, 13.125, 0.5 ] },
                "up": { "texture": "#0", "uv": [ 6.0, 7.0, 6.5, 8.5 ] },
                "down": { "texture": "#0", "uv": [ 6.0, 7.0, 6.5, 8.5 ] }
            }
        },
        {
            "name": "Element",
            "from": [ -1.375, 6.0625, 7.0 ], 
            "to": [ -0.375, 6.5625, 8.5 ], 
            "rotation": { "origin": [ -1.375, 6.5625, 7.0 ], "axis": "z", "angle": 45.0 },
            "faces": {
                "north": { "texture": "#0", "uv": [ 14.0, 0.0, 14.5, 0.5 ] },
                "east": { "texture": "#0", "uv": [ 12.5, 0.5, 14.0, 1.0 ] },
                "south": { "texture": "#0", "uv": [ 14.0, 0.0, 14.5, 0.5 ] },
                "west": { "texture": "#0", "uv": [ 12.5, 0.5, 14.0, 1.0 ] },
                "up": { "texture": "#0", "uv": [ 13.5, 8.5, 14.0, 7.0 ] },
                "down": { "texture": "#0", "uv": [ 13.5, 8.5, 14.0, 7.0 ] }
            }
        },
        {
            "name": "Element",
            "from": [ -1.0, 6.625, 7.0 ], 
            "to": [ 0.0, 7.125, 8.5 ], 
            "rotation": { "origin": [ -1.0, 7.125, 7.0 ], "axis": "z", "angle": 22.5 },
            "faces": {
                "north": { "texture": "#0", "uv": [ 14.0, 0.0, 14.5, 0.5 ] },
                "east": { "texture": "#0", "uv": [ 12.125, 0.125, 13.625, 0.625 ] },
                "south": { "texture": "#0", "uv": [ 14.0, 0.0, 14.5, 0.5 ] },
                "west": { "texture": "#0", "uv": [ 12.125, 0.125, 13.625, 0.625 ] },
                "up": { "texture": "#0", "uv": [ 14.5, 7.0, 15.0, 8.5 ] },
                "down": { "texture": "#0", "uv": [ 14.5, 7.0, 15.0, 8.5 ] }
            }
        },
        {
            "name": "Element",
            "from": [ -1.5, 7.0, 7.0 ], 
            "to": [ 1.125, 7.5, 8.5 ], 
            "faces": {
                "north": { "texture": "#0", "uv": [ 14.625, 7.875, 15.75, 8.375 ] },
                "east": { "texture": "#0", "uv": [ 6.875, 8.0, 8.375, 8.5 ] },
                "south": { "texture": "#0", "uv": [ 14.625, 7.875, 15.75, 8.375 ] },
                "west": { "texture": "#0", "uv": [ 6.875, 8.0, 8.375, 8.5 ] },
                "up": { "texture": "#0", "uv": [ 5.0, 12.125, 6.125, 13.625 ] },
                "down": { "texture": "#0", "uv": [ 5.0, 12.125, 6.125, 13.625 ] }
            }
        },
        {
            "name": "Element",
            "from": [ 0.5, 4.25, 7.0 ], 
            "to": [ 1.25, 4.5625, 8.5 ], 
            "rotation": { "origin": [ 0.5, 4.5625, 7.0 ], "axis": "z", "angle": -22.5 },
            "faces": {
                "north": { "texture": "#0", "uv": [ 12.25, 10.875, 13.25, 12.875 ] },
                "east": { "texture": "#0", "uv": [ 11.875, 10.75, 13.375, 12.75 ] },
                "south": { "texture": "#0", "uv": [ 12.25, 10.875, 13.25, 12.875 ] },
                "west": { "texture": "#0", "uv": [ 11.875, 10.75, 13.375, 12.75 ] },
                "up": { "texture": "#0", "uv": [ 12.0, 11.125, 13.0, 12.625 ] },
                "down": { "texture": "#0", "uv": [ 12.0, 11.125, 13.0, 12.625 ] }
            }
        },
        {
            "name": "Element",
            "from": [ -1.875, 4.9375, 6.99 ], 
            "to": [ -0.8125, 5.4375, 8.51 ], 
            "rotation": { "origin": [ -1.875, 5.4375, 6.99 ], "axis": "z", "angle": -45.0 },
            "faces": {
                "north": { "texture": "#0", "uv": [ 12.25, 1.75, 15.0, 2.375 ] },
                "east": { "texture": "#0", "uv": [ 7.5, 0.0, 9.0, 0.5 ] },
                "south": { "texture": "#0", "uv": [ 12.25, 1.875, 15.0, 2.375 ] },
                "west": { "texture": "#0", "uv": [ 7.0, 0.0, 8.5, 0.5 ] },
                "up": { "texture": "#0", "uv": [ 3.75, 7.5, 4.25, 9.0 ] },
                "down": { "texture": "#0", "uv": [ 1.0, 3.25, 1.5, 4.75 ] }
            }
        },
        {
            "name": "Element",
            "from": [ -5.5, 5.0, 7.0 ], 
            "to": [ -1.5, 7.5, 8.5 ], 
            "faces": {
                "north": { "texture": "#0", "uv": [ 4.875, 13.25, 0.0, 16.0 ] },
                "east": { "texture": "#0", "uv": [ 7.5, 8.5, 9.0, 11.0 ] },
                "south": { "texture": "#0", "uv": [ 0.0, 13.25, 4.875, 16.0 ] },
                "west": { "texture": "#0", "uv": [ 7.0, 8.5, 8.5, 11.0 ] },
                "up": { "texture": "#0", "uv": [ 6.0, 7.0, 6.5, 8.5 ] },
                "down": { "texture": "#0", "uv": [ 1.5, 4.125, 2.0, 2.625 ] }
            }
        },
        {
            "name": "Element",
            "from": [ -5.5, 4.5, 7.25 ], 
            "to": [ -4.0, 5.5, 8.25 ], 
            "faces": {
                "north": { "texture": "#0", "uv": [ 5.5, 10.5, 6.0, 11.0 ] },
                "east": { "texture": "#0", "uv": [ 5.875, 10.5, 6.875, 11.0 ] },
                "south": { "texture": "#0", "uv": [ 5.5, 10.5, 6.0, 11.0 ] },
                "west": { "texture": "#0", "uv": [ 5.875, 10.5, 6.875, 11.0 ] },
                "up": { "texture": "#0", "uv": [ 2.0, 7.25, 2.5, 8.25 ] },
                "down": { "texture": "#0", "uv": [ 2.0, 7.25, 2.5, 8.25 ] }
            }
        },
        {
            "name": "Element",
            "from": [ -7.0, 4.5, 6.75 ], 
            "to": [ -5.5, 8.0, 8.75 ], 
            "faces": {
                "north": { "texture": "#1", "uv": [ 0.0, 0.0, 0.1, 0.1 ] },
                "east": { "texture": "#1", "uv": [ 0.0, 0.0, 0.1, 0.1 ] },
                "south": { "texture": "#1", "uv": [ 0.0, 0.0, 0.1, 0.1 ] },
                "west": { "texture": "#1", "uv": [ 0.0, 0.0, 0.1, 0.1 ] },
                "up": { "texture": "#1", "uv": [ 0.0, 0.0, 0.1, 0.1 ] },
                "down": { "texture": "#1", "uv": [ 0.0, 0.0, 0.1, 0.1 ] }
            }
        },
        {
            "name": "Element",
            "from": [ -5.625, 6.875, 7.25 ], 
            "to": [ -2.125, 7.875, 8.25 ], 
            "faces": {
                "north": { "texture": "#1", "uv": [ 0.0, 0.0, 0.1, 0.1 ] },
                "east": { "texture": "#1", "uv": [ 7.75, 8.125, 8.75, 9.125 ] },
                "south": { "texture": "#1", "uv": [ 0.0, 0.0, 0.1, 0.1 ] },
                "west": { "texture": "#1", "uv": [ 7.25, 8.125, 8.25, 9.125 ] },
                "up": { "texture": "#1", "uv": [ 0.0, 0.0, 0.1, 0.1 ] },
                "down": { "texture": "#1", "uv": [ 16.0, 8.25, 16.0, 7.25 ] }
            }
        },
        {
            "name": "Element",
            "from": [ -2.125, 7.375, 7.25 ], 
            "to": [ -1.125, 7.875, 8.25 ], 
            "rotation": { "origin": [ -2.125, 7.875, 7.25 ], "axis": "z", "angle": -45.0 },
            "faces": {
                "north": { "texture": "#1", "uv": [ 0.0, 0.0, 0.1, 0.1 ] },
                "east": { "texture": "#1", "uv": [ 11.0, 4.0, 12.0, 4.5 ] },
                "south": { "texture": "#1", "uv": [ 0.0, 0.0, 0.1, 0.1 ] },
                "west": { "texture": "#1", "uv": [ 4.0, 4.0, 5.0, 4.5 ] },
                "up": { "texture": "#1", "uv": [ 0.0, 0.0, 0.1, 0.1 ] },
                "down": { "texture": "#1", "uv": [ 16.0, 5.0, 16.0, 4.0 ] }
            }
        },
        {
            "name": "Element",
            "from": [ 29.0, 7.7, 7.45 ], 
            "to": [ 30.5, 8.3, 8.05 ], 
            "faces": {
                "north": { "texture": "#2", "uv": [ 1.0, 2.0, 1.5, 2.6000000000000005 ] },
                "east": { "texture": "#2", "uv": [ 4.0, 2.0, 4.6000000000000005, 2.6000000000000005 ] },
                "south": { "texture": "#2", "uv": [ 5.0, 3.0, 5.5, 3.6000000000000005 ] },
                "west": { "texture": "#2", "uv": [ 5.0, 3.0, 5.6000000000000005, 3.6000000000000005 ] },
                "up": { "texture": "#2", "uv": [ 4.0, 2.0, 4.5, 2.6000000000000005 ] },
                "down": { "texture": "#2", "uv": [ 5.0, 3.0, 5.5, 3.6000000000000005 ] }
            }
        },
        {
            "name": "Element",
            "from": [ 7.0, 8.25, 7.5 ], 
            "to": [ 7.5, 9.25, 8.0 ], 
            "faces": {
                "north": { "texture": "#3", "uv": [ 0.875, 3.25, 1.375, 4.25 ] },
                "east": { "texture": "#3", "uv": [ 1.875, 3.5, 2.375, 4.5 ] },
                "south": { "texture": "#3", "uv": [ 0.875, 3.25, 1.375, 4.25 ] },
                "west": { "texture": "#3", "uv": [ 1.875, 3.5, 2.375, 4.5 ] },
                "up": { "texture": "#3", "uv": [ 1.625, 3.5, 2.125, 4.0 ] },
                "down": { "texture": "#3", "uv": [ 9.0, 8.0, 8.5, 7.5 ] }
            }
        },
        {
            "name": "Element",
            "from": [ 4.0, 8.25, 7.5 ], 
            "to": [ 4.5, 9.25, 8.0 ], 
            "faces": {
                "north": { "texture": "#3", "uv": [ 0.875, 3.25, 1.375, 4.25 ] },
                "east": { "texture": "#3", "uv": [ 1.875, 3.5, 2.375, 4.5 ] },
                "south": { "texture": "#3", "uv": [ 0.875, 3.25, 1.375, 4.25 ] },
                "west": { "texture": "#3", "uv": [ 1.875, 3.5, 2.375, 4.5 ] },
                "up": { "texture": "#3", "uv": [ 1.625, 3.5, 2.125, 4.0 ] },
                "down": { "texture": "#3", "uv": [ 9.0, 8.0, 8.5, 7.5 ] }
            }
        },
        {
            "name": "Element",
            "from": [ 4.0, 9.25, 7.25 ], 
            "to": [ 4.5, 10.25, 8.25 ], 
            "faces": {
                "north": { "texture": "#3", "uv": [ 0.875, 3.25, 1.375, 4.25 ] },
                "east": { "texture": "#3", "uv": [ 1.875, 3.5, 2.375, 4.5 ] },
                "south": { "texture": "#3", "uv": [ 0.875, 3.25, 1.375, 4.25 ] },
                "west": { "texture": "#3", "uv": [ 1.875, 3.5, 2.375, 4.5 ] },
                "up": { "texture": "#3", "uv": [ 1.625, 3.5, 2.125, 4.0 ] },
                "down": { "texture": "#3", "uv": [ 1.625, 3.5, 2.125, 4.0 ] }
            }
        },
        {
            "name": "Element",
            "from": [ 7.0, 9.25, 7.25 ], 
            "to": [ 7.5, 10.25, 8.25 ], 
            "faces": {
                "north": { "texture": "#3", "uv": [ 0.875, 3.25, 1.375, 4.25 ] },
                "east": { "texture": "#3", "uv": [ 1.875, 3.5, 2.375, 4.5 ] },
                "south": { "texture": "#3", "uv": [ 0.875, 3.25, 1.375, 4.25 ] },
                "west": { "texture": "#3", "uv": [ 1.875, 3.5, 2.375, 4.5 ] },
                "up": { "texture": "#3", "uv": [ 1.625, 3.5, 2.125, 4.0 ] },
                "down": { "texture": "#3", "uv": [ 1.625, 3.5, 2.125, 4.0 ] }
            }
        },
        {
            "name": "Element",
            "from": [ 3.0, 9.35, 7.35 ], 
            "to": [ 8.5, 10.15, 8.15 ], 
            "faces": {
                "north": { "texture": "#2", "uv": [ 9.0, 5.0, 9.1, 5.1 ] },
                "east": { "texture": "#2", "uv": [ 5.25, 3.25, 6.0, 4.0 ] },
                "south": { "texture": "#2", "uv": [ 9.0, 5.0, 9.1, 5.1 ] },
                "west": { "texture": "#2", "uv": [ 5.25, 3.25, 6.0, 4.0 ] },
                "up": { "texture": "#2", "uv": [ 4.0, 2.0, 4.1, 2.1 ] },
                "down": { "texture": "#2", "uv": [ 5.0, 3.0, 5.1, 3.1 ] }
            }
        },
        {
            "name": "Element",
            "from": [ 5.25, 9.25, 7.25 ], 
            "to": [ 6.25, 10.25, 8.25 ], 
            "faces": {
                "north": { "texture": "#2", "uv": [ 9.0, 5.0, 9.1, 5.1 ] },
                "east": { "texture": "#2", "uv": [ 5.0, 3.0, 5.1, 3.0999999999999996 ] },
                "south": { "texture": "#2", "uv": [ 5.0, 3.0, 5.1, 3.0999999999999996 ] },
                "west": { "texture": "#2", "uv": [ 9.0, 5.0, 9.1, 5.1 ] },
                "up": { "texture": "#2", "uv": [ 9.0, 7.0, 9.1, 7.1 ] },
                "down": { "texture": "#2", "uv": [ 5.0, 3.0, 5.1, 3.0999999999999996 ] }
            }
        },
        {
            "name": "Element",
            "from": [ 5.5, 9.5, 7.125 ], 
            "to": [ 6.0, 10.0, 8.375 ], 
            "faces": {
                "north": { "texture": "#4", "uv": [ 0.0, 0.0, 0.1, 0.1 ] },
                "east": { "texture": "#4", "uv": [ 0.875, 3.75, 1.375, 4.25 ] },
                "south": { "texture": "#4", "uv": [ 0.0, 0.0, 0.1, 0.1 ] },
                "west": { "texture": "#4", "uv": [ 0.875, 3.75, 1.375, 4.25 ] },
                "up": { "texture": "#4", "uv": [ 1.5, 4.625, 2.0, 5.125 ] },
                "down": { "texture": "#4", "uv": [ 1.5, 4.625, 2.0, 5.125 ] }
            }
        },
        {
            "name": "Element",
            "from": [ 5.5, 10.25, 7.5 ], 
            "to": [ 6.0, 10.75, 8.0 ], 
            "faces": {
                "north": { "texture": "#4", "uv": [ 0.0, 0.0, 0.1, 0.1 ] },
                "east": { "texture": "#4", "uv": [ 0.0, 0.0, 0.1, 0.1 ] },
                "south": { "texture": "#4", "uv": [ 0.0, 0.0, 0.1, 0.12 ] },
                "west": { "texture": "#4", "uv": [ 0.0, 0.0, 0.1, 0.1 ] },
                "up": { "texture": "#4", "uv": [ 0.0, 0.0, 0.1, 0.1 ] },
                "down": { "texture": "#4", "uv": [ 1.75, 2.625, 2.25, 3.125 ] }
            }
        },
        {
            "name": "Element",
            "from": [ 1.5, 9.25, 7.25 ], 
            "to": [ 3.5, 10.25, 8.25 ], 
            "faces": {
                "north": { "texture": "#2", "uv": [ 9.0, 5.0, 9.1, 5.1 ] },
                "east": { "texture": "#2", "uv": [ 5.0, 3.0, 5.1, 3.0999999999999996 ] },
                "south": { "texture": "#2", "uv": [ 5.0, 3.0, 5.1, 3.1 ] },
                "west": { "texture": "#5", "uv": [ 9.0, 5.0, 9.1, 5.1 ] },
                "up": { "texture": "#2", "uv": [ 5.0, 3.0, 5.1, 3.1 ] },
                "down": { "texture": "#2", "uv": [ 5.0, 3.0, 5.1, 3.1 ] }
            }
        },
        {
            "name": "Element",
            "from": [ 9.125, 9.0, 7.0 ], 
            "to": [ 10.125, 10.5, 8.5 ], 
            "faces": {
                "north": { "texture": "#2", "uv": [ 5.0, 3.0, 5.1, 3.0999999999999996 ] },
                "east": { "texture": "#5", "uv": [ 5.5, 3.5, 7.0, 5.0 ] },
                "south": { "texture": "#2", "uv": [ 5.0, 3.0, 5.1, 3.1 ] },
                "west": { "texture": "#2", "uv": [ 5.0, 3.0, 5.1, 3.0999999999999996 ] },
                "up": { "texture": "#2", "uv": [ 4.0, 2.0, 4.1, 2.1 ] },
                "down": { "texture": "#2", "uv": [ 5.0, 3.0, 5.1, 3.0999999999999996 ] }
            }
        },
        {
            "name": "Element",
            "from": [ 8.0, 9.25, 7.25 ], 
            "to": [ 9.0, 10.25, 8.25 ], 
            "faces": {
                "north": { "texture": "#2", "uv": [ 8.0, 9.0, 8.1, 9.1 ] },
                "east": { "texture": "#2", "uv": [ 9.25, 4.625, 10.25, 5.625 ] },
                "south": { "texture": "#2", "uv": [ 8.0, 9.0, 8.1, 9.1 ] },
                "west": { "texture": "#2", "uv": [ 8.0, 10.0, 8.1, 10.1 ] },
                "up": { "texture": "#2", "uv": [ 8.125, 9.25, 9.125, 10.25 ] },
                "down": { "texture": "#2", "uv": [ 8.125, 9.25, 9.125, 10.25 ] }
            }
        },
        {
            "name": "Element",
            "from": [ 8.5, 9.125, 7.125 ], 
            "to": [ 9.5, 10.375, 8.375 ], 
            "faces": {
                "north": { "texture": "#2", "uv": [ 9.0, 5.0, 9.1, 5.1 ] },
                "east": { "texture": "#2", "uv": [ 5.0, 3.0, 5.1, 3.0999999999999996 ] },
                "south": { "texture": "#2", "uv": [ 9.0, 5.0, 9.1, 5.1 ] },
                "west": { "texture": "#2", "uv": [ 9.0, 5.0, 9.1, 5.1 ] },
                "up": { "texture": "#2", "uv": [ 9.0, 5.0, 9.1, 5.1 ] },
                "down": { "texture": "#2", "uv": [ 9.0, 5.0, 9.1, 5.1 ] }
            }
        },
        {
            "name": "Element",
            "from": [ 2.5, 8.4875, 7.25 ], 
            "to": [ 2.5625, 8.55, 8.25 ], 
            "faces": {
                "north": { "texture": "#3", "uv": [ 1.0, 3.5, 1.5, 4.0 ] },
                "east": { "texture": "#3", "uv": [ 1.75, 7.0, 2.75, 7.5 ] },
                "south": { "texture": "#3", "uv": [ 1.0, 3.5, 1.5, 4.0 ] },
                "west": { "texture": "#3", "uv": [ 1.75, 7.0, 2.75, 7.5 ] },
                "up": { "texture": "#3", "uv": [ 2.0, 7.25, 2.5, 8.25 ] },
                "down": { "texture": "#3", "uv": [ 2.0, 7.25, 2.5, 8.25 ] }
            }
        },
        {
            "name": "Element",
            "from": [ 2.75, 8.4875, 7.25 ], 
            "to": [ 2.8125, 8.55, 8.25 ], 
            "faces": {
                "north": { "texture": "#3", "uv": [ 1.0, 3.5, 1.5, 4.0 ] },
                "east": { "texture": "#3", "uv": [ 1.75, 7.0, 2.75, 7.5 ] },
                "south": { "texture": "#3", "uv": [ 1.0, 3.5, 1.5, 4.0 ] },
                "west": { "texture": "#3", "uv": [ 1.75, 7.0, 2.75, 7.5 ] },
                "up": { "texture": "#3", "uv": [ 2.0, 7.25, 2.5, 8.25 ] },
                "down": { "texture": "#3", "uv": [ 2.0, 7.25, 2.5, 8.25 ] }
            }
        },
        {
            "name": "Element",
            "from": [ 3.0, 8.4875, 7.25 ], 
            "to": [ 3.0625, 8.55, 8.25 ], 
            "faces": {
                "north": { "texture": "#3", "uv": [ 1.0, 3.5, 1.5, 4.0 ] },
                "east": { "texture": "#3", "uv": [ 1.75, 7.0, 2.75, 7.5 ] },
                "south": { "texture": "#3", "uv": [ 1.0, 3.5, 1.5, 4.0 ] },
                "west": { "texture": "#3", "uv": [ 1.75, 7.0, 2.75, 7.5 ] },
                "up": { "texture": "#3", "uv": [ 2.0, 7.25, 2.5, 8.25 ] },
                "down": { "texture": "#3", "uv": [ 2.0, 7.25, 2.5, 8.25 ] }
            }
        },
        {
            "name": "Element",
            "from": [ 3.25, 8.4875, 7.25 ], 
            "to": [ 3.3125, 8.55, 8.25 ], 
            "faces": {
                "north": { "texture": "#3", "uv": [ 1.0, 3.5, 1.5, 4.0 ] },
                "east": { "texture": "#3", "uv": [ 1.75, 7.0, 2.75, 7.5 ] },
                "south": { "texture": "#3", "uv": [ 1.0, 3.5, 1.5, 4.0 ] },
                "west": { "texture": "#3", "uv": [ 1.75, 7.0, 2.75, 7.5 ] },
                "up": { "texture": "#3", "uv": [ 2.0, 7.25, 2.5, 8.25 ] },
                "down": { "texture": "#3", "uv": [ 2.0, 7.25, 2.5, 8.25 ] }
            }
        },
        {
            "name": "Element",
            "from": [ 3.5, 8.4875, 7.25 ], 
            "to": [ 3.5625, 8.55, 8.25 ], 
            "faces": {
                "north": { "texture": "#3", "uv": [ 1.0, 3.5, 1.5, 4.0 ] },
                "east": { "texture": "#3", "uv": [ 1.75, 7.0, 2.75, 7.5 ] },
                "south": { "texture": "#3", "uv": [ 1.0, 3.5, 1.5, 4.0 ] },
                "west": { "texture": "#3", "uv": [ 1.75, 7.0, 2.75, 7.5 ] },
                "up": { "texture": "#3", "uv": [ 2.0, 7.25, 2.5, 8.25 ] },
                "down": { "texture": "#3", "uv": [ 2.0, 7.25, 2.5, 8.25 ] }
            }
        },
        {
            "name": "Element",
            "from": [ 3.75, 8.4875, 7.25 ], 
            "to": [ 3.8125, 8.55, 8.25 ], 
            "faces": {
                "north": { "texture": "#3", "uv": [ 1.0, 3.5, 1.5, 4.0 ] },
                "east": { "texture": "#3", "uv": [ 1.75, 7.0, 2.75, 7.5 ] },
                "south": { "texture": "#3", "uv": [ 1.0, 3.5, 1.5, 4.0 ] },
                "west": { "texture": "#3", "uv": [ 1.75, 7.0, 2.75, 7.5 ] },
                "up": { "texture": "#3", "uv": [ 2.0, 7.25, 2.5, 8.25 ] },
                "down": { "texture": "#3", "uv": [ 2.0, 7.25, 2.5, 8.25 ] }
            }
        },
        {
            "name": "Element",
            "from": [ 4.0, 8.4875, 7.25 ], 
            "to": [ 4.0625, 8.55, 8.25 ], 
            "faces": {
                "north": { "texture": "#3", "uv": [ 1.0, 3.5, 1.5, 4.0 ] },
                "east": { "texture": "#3", "uv": [ 1.75, 7.0, 2.75, 7.5 ] },
                "south": { "texture": "#3", "uv": [ 1.0, 3.5, 1.5, 4.0 ] },
                "west": { "texture": "#3", "uv": [ 1.75, 7.0, 2.75, 7.5 ] },
                "up": { "texture": "#3", "uv": [ 2.0, 7.25, 2.5, 8.25 ] },
                "down": { "texture": "#3", "uv": [ 2.0, 7.25, 2.5, 8.25 ] }
            }
        },
        {
            "name": "Element",
            "from": [ 4.25, 8.4875, 7.25 ], 
            "to": [ 4.3125, 8.55, 8.25 ], 
            "faces": {
                "north": { "texture": "#3", "uv": [ 1.0, 3.5, 1.5, 4.0 ] },
                "east": { "texture": "#3", "uv": [ 1.75, 7.0, 2.75, 7.5 ] },
                "south": { "texture": "#3", "uv": [ 1.0, 3.5, 1.5, 4.0 ] },
                "west": { "texture": "#3", "uv": [ 1.75, 7.0, 2.75, 7.5 ] },
                "up": { "texture": "#3", "uv": [ 2.0, 7.25, 2.5, 8.25 ] },
                "down": { "texture": "#3", "uv": [ 2.0, 7.25, 2.5, 8.25 ] }
            }
        },
        {
            "name": "Element",
            "from": [ 4.5, 8.4875, 7.25 ], 
            "to": [ 4.5625, 8.55, 8.25 ], 
            "faces": {
                "north": { "texture": "#3", "uv": [ 1.0, 3.5, 1.5, 4.0 ] },
                "east": { "texture": "#3", "uv": [ 1.75, 7.0, 2.75, 7.5 ] },
                "south": { "texture": "#3", "uv": [ 1.0, 3.5, 1.5, 4.0 ] },
                "west": { "texture": "#3", "uv": [ 1.75, 7.0, 2.75, 7.5 ] },
                "up": { "texture": "#3", "uv": [ 2.0, 7.25, 2.5, 8.25 ] },
                "down": { "texture": "#3", "uv": [ 2.0, 7.25, 2.5, 8.25 ] }
            }
        },
        {
            "name": "Element",
            "from": [ 4.75, 8.4875, 7.25 ], 
            "to": [ 4.8125, 8.55, 8.25 ], 
            "faces": {
                "north": { "texture": "#3", "uv": [ 1.0, 3.5, 1.5, 4.0 ] },
                "east": { "texture": "#3", "uv": [ 1.75, 7.0, 2.75, 7.5 ] },
                "south": { "texture": "#3", "uv": [ 1.0, 3.5, 1.5, 4.0 ] },
                "west": { "texture": "#3", "uv": [ 1.75, 7.0, 2.75, 7.5 ] },
                "up": { "texture": "#3", "uv": [ 2.0, 7.25, 2.5, 8.25 ] },
                "down": { "texture": "#3", "uv": [ 2.0, 7.25, 2.5, 8.25 ] }
            }
        },
        {
            "name": "Element",
            "from": [ 5.0, 8.4875, 7.25 ], 
            "to": [ 5.0625, 8.55, 8.25 ], 
            "faces": {
                "north": { "texture": "#3", "uv": [ 1.0, 3.5, 1.5, 4.0 ] },
                "east": { "texture": "#3", "uv": [ 1.75, 7.0, 2.75, 7.5 ] },
                "south": { "texture": "#3", "uv": [ 1.0, 3.5, 1.5, 4.0 ] },
                "west": { "texture": "#3", "uv": [ 1.75, 7.0, 2.75, 7.5 ] },
                "up": { "texture": "#3", "uv": [ 2.0, 7.25, 2.5, 8.25 ] },
                "down": { "texture": "#3", "uv": [ 2.0, 7.25, 2.5, 8.25 ] }
            }
        },
        {
            "name": "Element",
            "from": [ 5.25, 8.4875, 7.25 ], 
            "to": [ 5.3125, 8.55, 8.25 ], 
            "faces": {
                "north": { "texture": "#3", "uv": [ 1.0, 3.5, 1.5, 4.0 ] },
                "east": { "texture": "#3", "uv": [ 1.75, 7.0, 2.75, 7.5 ] },
                "south": { "texture": "#3", "uv": [ 1.0, 3.5, 1.5, 4.0 ] },
                "west": { "texture": "#3", "uv": [ 1.75, 7.0, 2.75, 7.5 ] },
                "up": { "texture": "#3", "uv": [ 2.0, 7.25, 2.5, 8.25 ] },
                "down": { "texture": "#3", "uv": [ 2.0, 7.25, 2.5, 8.25 ] }
            }
        },
        {
            "name": "Element",
            "from": [ 5.5, 8.4875, 7.25 ], 
            "to": [ 5.5625, 8.55, 8.25 ], 
            "faces": {
                "north": { "texture": "#3", "uv": [ 1.0, 3.5, 1.5, 4.0 ] },
                "east": { "texture": "#3", "uv": [ 1.75, 7.0, 2.75, 7.5 ] },
                "south": { "texture": "#3", "uv": [ 1.0, 3.5, 1.5, 4.0 ] },
                "west": { "texture": "#3", "uv": [ 1.75, 7.0, 2.75, 7.5 ] },
                "up": { "texture": "#3", "uv": [ 2.0, 7.25, 2.5, 8.25 ] },
                "down": { "texture": "#3", "uv": [ 2.0, 7.25, 2.5, 8.25 ] }
            }
        },
        {
            "name": "Element",
            "from": [ 5.75, 8.4875, 7.25 ], 
            "to": [ 5.8125, 8.55, 8.25 ], 
            "faces": {
                "north": { "texture": "#3", "uv": [ 1.0, 3.5, 1.5, 4.0 ] },
                "east": { "texture": "#3", "uv": [ 1.75, 7.0, 2.75, 7.5 ] },
                "south": { "texture": "#3", "uv": [ 1.0, 3.5, 1.5, 4.0 ] },
                "west": { "texture": "#3", "uv": [ 1.75, 7.0, 2.75, 7.5 ] },
                "up": { "texture": "#3", "uv": [ 2.0, 7.25, 2.5, 8.25 ] },
                "down": { "texture": "#3", "uv": [ 2.0, 7.25, 2.5, 8.25 ] }
            }
        },
        {
            "name": "Element",
            "from": [ 6.0, 8.4875, 7.25 ], 
            "to": [ 6.0625, 8.55, 8.25 ], 
            "faces": {
                "north": { "texture": "#3", "uv": [ 1.0, 3.5, 1.5, 4.0 ] },
                "east": { "texture": "#3", "uv": [ 1.75, 7.0, 2.75, 7.5 ] },
                "south": { "texture": "#3", "uv": [ 1.0, 3.5, 1.5, 4.0 ] },
                "west": { "texture": "#3", "uv": [ 1.75, 7.0, 2.75, 7.5 ] },
                "up": { "texture": "#3", "uv": [ 2.0, 7.25, 2.5, 8.25 ] },
                "down": { "texture": "#3", "uv": [ 2.0, 7.25, 2.5, 8.25 ] }
            }
        },
        {
            "name": "Element",
            "from": [ 6.25, 8.4875, 7.25 ], 
            "to": [ 6.3125, 8.55, 8.25 ], 
            "faces": {
                "north": { "texture": "#3", "uv": [ 1.0, 3.5, 1.5, 4.0 ] },
                "east": { "texture": "#3", "uv": [ 1.75, 7.0, 2.75, 7.5 ] },
                "south": { "texture": "#3", "uv": [ 1.0, 3.5, 1.5, 4.0 ] },
                "west": { "texture": "#3", "uv": [ 1.75, 7.0, 2.75, 7.5 ] },
                "up": { "texture": "#3", "uv": [ 2.0, 7.25, 2.5, 8.25 ] },
                "down": { "texture": "#3", "uv": [ 2.0, 7.25, 2.5, 8.25 ] }
            }
        },
        {
            "name": "Element",
            "from": [ 6.5, 8.4875, 7.25 ], 
            "to": [ 6.5625, 8.55, 8.25 ], 
            "faces": {
                "north": { "texture": "#3", "uv": [ 1.0, 3.5, 1.5, 4.0 ] },
                "east": { "texture": "#3", "uv": [ 1.75, 7.0, 2.75, 7.5 ] },
                "south": { "texture": "#3", "uv": [ 1.0, 3.5, 1.5, 4.0 ] },
                "west": { "texture": "#3", "uv": [ 1.75, 7.0, 2.75, 7.5 ] },
                "up": { "texture": "#3", "uv": [ 2.0, 7.25, 2.5, 8.25 ] },
                "down": { "texture": "#3", "uv": [ 2.0, 7.25, 2.5, 8.25 ] }
            }
        },
        {
            "name": "Element",
            "from": [ 6.75, 8.4875, 7.25 ], 
            "to": [ 6.8125, 8.55, 8.25 ], 
            "faces": {
                "north": { "texture": "#3", "uv": [ 1.0, 3.5, 1.5, 4.0 ] },
                "east": { "texture": "#3", "uv": [ 1.75, 7.0, 2.75, 7.5 ] },
                "south": { "texture": "#3", "uv": [ 1.0, 3.5, 1.5, 4.0 ] },
                "west": { "texture": "#3", "uv": [ 1.75, 7.0, 2.75, 7.5 ] },
                "up": { "texture": "#3", "uv": [ 2.0, 7.25, 2.5, 8.25 ] },
                "down": { "texture": "#3", "uv": [ 2.0, 7.25, 2.5, 8.25 ] }
            }
        },
        {
            "name": "Element",
            "from": [ 7.0, 8.4875, 7.25 ], 
            "to": [ 7.0625, 8.55, 8.25 ], 
            "faces": {
                "north": { "texture": "#3", "uv": [ 1.0, 3.5, 1.5, 4.0 ] },
                "east": { "texture": "#3", "uv": [ 1.75, 7.0, 2.75, 7.5 ] },
                "south": { "texture": "#3", "uv": [ 1.0, 3.5, 1.5, 4.0 ] },
                "west": { "texture": "#3", "uv": [ 1.75, 7.0, 2.75, 7.5 ] },
                "up": { "texture": "#3", "uv": [ 2.0, 7.25, 2.5, 8.25 ] },
                "down": { "texture": "#3", "uv": [ 2.0, 7.25, 2.5, 8.25 ] }
            }
        },
        {
            "name": "Element",
            "from": [ 7.25, 8.4875, 7.25 ], 
            "to": [ 7.3125, 8.55, 8.25 ], 
            "faces": {
                "north": { "texture": "#3", "uv": [ 1.0, 3.5, 1.5, 4.0 ] },
                "east": { "texture": "#3", "uv": [ 1.75, 7.0, 2.75, 7.5 ] },
                "south": { "texture": "#3", "uv": [ 1.0, 3.5, 1.5, 4.0 ] },
                "west": { "texture": "#3", "uv": [ 1.75, 7.0, 2.75, 7.5 ] },
                "up": { "texture": "#3", "uv": [ 2.0, 7.25, 2.5, 8.25 ] },
                "down": { "texture": "#3", "uv": [ 2.0, 7.25, 2.5, 8.25 ] }
            }
        },
        {
            "name": "Element",
            "from": [ 7.5, 8.4875, 7.25 ], 
            "to": [ 7.5625, 8.55, 8.25 ], 
            "faces": {
                "north": { "texture": "#3", "uv": [ 1.0, 3.5, 1.5, 4.0 ] },
                "east": { "texture": "#3", "uv": [ 1.75, 7.0, 2.75, 7.5 ] },
                "south": { "texture": "#3", "uv": [ 1.0, 3.5, 1.5, 4.0 ] },
                "west": { "texture": "#3", "uv": [ 1.75, 7.0, 2.75, 7.5 ] },
                "up": { "texture": "#3", "uv": [ 2.0, 7.25, 2.5, 8.25 ] },
                "down": { "texture": "#3", "uv": [ 2.0, 7.25, 2.5, 8.25 ] }
            }
        },
        {
            "name": "Element",
            "from": [ 7.75, 8.4875, 7.25 ], 
            "to": [ 7.8125, 8.55, 8.25 ], 
            "faces": {
                "north": { "texture": "#3", "uv": [ 1.0, 3.5, 1.5, 4.0 ] },
                "east": { "texture": "#3", "uv": [ 1.75, 7.0, 2.75, 7.5 ] },
                "south": { "texture": "#3", "uv": [ 1.0, 3.5, 1.5, 4.0 ] },
                "west": { "texture": "#3", "uv": [ 1.75, 7.0, 2.75, 7.5 ] },
                "up": { "texture": "#3", "uv": [ 2.0, 7.25, 2.5, 8.25 ] },
                "down": { "texture": "#3", "uv": [ 2.0, 7.25, 2.5, 8.25 ] }
            }
        },
        {
            "name": "Element",
            "from": [ 8.0, 8.4875, 7.25 ], 
            "to": [ 8.0625, 8.55, 8.25 ], 
            "faces": {
                "north": { "texture": "#3", "uv": [ 1.0, 3.5, 1.5, 4.0 ] },
                "east": { "texture": "#3", "uv": [ 1.75, 7.0, 2.75, 7.5 ] },
                "south": { "texture": "#3", "uv": [ 1.0, 3.5, 1.5, 4.0 ] },
                "west": { "texture": "#3", "uv": [ 1.75, 7.0, 2.75, 7.5 ] },
                "up": { "texture": "#3", "uv": [ 2.0, 7.25, 2.5, 8.25 ] },
                "down": { "texture": "#3", "uv": [ 2.0, 7.25, 2.5, 8.25 ] }
            }
        },
        {
            "name": "Element",
            "from": [ 8.25, 8.4875, 7.25 ], 
            "to": [ 8.3125, 8.55, 8.25 ], 
            "faces": {
                "north": { "texture": "#3", "uv": [ 1.0, 3.5, 1.5, 4.0 ] },
                "east": { "texture": "#3", "uv": [ 1.75, 7.0, 2.75, 7.5 ] },
                "south": { "texture": "#3", "uv": [ 1.0, 3.5, 1.5, 4.0 ] },
                "west": { "texture": "#3", "uv": [ 1.75, 7.0, 2.75, 7.5 ] },
                "up": { "texture": "#3", "uv": [ 2.0, 7.25, 2.5, 8.25 ] },
                "down": { "texture": "#3", "uv": [ 2.0, 7.25, 2.5, 8.25 ] }
            }
        },
        {
            "name": "Element",
            "from": [ 8.5, 8.4875, 7.25 ], 
            "to": [ 8.5625, 8.55, 8.25 ], 
            "faces": {
                "north": { "texture": "#3", "uv": [ 1.0, 3.5, 1.5, 4.0 ] },
                "east": { "texture": "#3", "uv": [ 1.75, 7.0, 2.75, 7.5 ] },
                "south": { "texture": "#3", "uv": [ 1.0, 3.5, 1.5, 4.0 ] },
                "west": { "texture": "#3", "uv": [ 1.75, 7.0, 2.75, 7.5 ] },
                "up": { "texture": "#3", "uv": [ 2.0, 7.25, 2.5, 8.25 ] },
                "down": { "texture": "#3", "uv": [ 2.0, 7.25, 2.5, 8.25 ] }
            }
        },
        {
            "name": "Element",
            "from": [ 1.4375, 10.1875, 7.25 ], 
            "to": [ 1.5, 10.25, 8.25 ], 
            "faces": {
                "north": { "texture": "#3", "uv": [ 12.625, 11.0, 13.125, 12.5 ] },
                "east": { "texture": "#3", "uv": [ 13.0, 10.875, 13.5, 12.375 ] },
                "south": { "texture": "#3", "uv": [ 12.625, 11.0, 13.125, 12.5 ] },
                "west": { "texture": "#3", "uv": [ 12.375, 11.5, 12.875, 13.0 ] },
                "up": { "texture": "#3", "uv": [ 12.0, 11.5, 12.5, 12.0 ] },
                "down": { "texture": "#3", "uv": [ 12.0, 11.5, 12.5, 12.0 ] }
            }
        },
        {
            "name": "Element",
            "from": [ 1.4375, 9.2475, 7.25 ], 
            "to": [ 1.5, 9.31, 8.25 ], 
            "faces": {
                "north": { "texture": "#3", "uv": [ 12.625, 11.0, 13.125, 12.5 ] },
                "east": { "texture": "#3", "uv": [ 13.0, 10.875, 13.5, 12.375 ] },
                "south": { "texture": "#3", "uv": [ 12.625, 11.0, 13.125, 12.5 ] },
                "west": { "texture": "#3", "uv": [ 12.375, 11.5, 12.875, 13.0 ] },
                "up": { "texture": "#3", "uv": [ 12.0, 11.5, 12.5, 12.0 ] },
                "down": { "texture": "#3", "uv": [ 12.0, 11.5, 12.5, 12.0 ] }
            }
        },
        {
            "name": "Element",
            "from": [ 1.4375, 9.25, 7.25 ], 
            "to": [ 1.5, 10.25, 7.3125 ], 
            "faces": {
                "north": { "texture": "#3", "uv": [ 12.625, 11.0, 13.125, 12.5 ] },
                "east": { "texture": "#3", "uv": [ 13.0, 10.875, 13.5, 12.375 ] },
                "south": { "texture": "#3", "uv": [ 12.625, 11.0, 13.125, 12.5 ] },
                "west": { "texture": "#3", "uv": [ 12.375, 11.5, 12.875, 13.0 ] },
                "up": { "texture": "#3", "uv": [ 12.0, 11.5, 12.5, 12.0 ] },
                "down": { "texture": "#3", "uv": [ 12.0, 11.5, 12.5, 12.0 ] }
            }
        },
        {
            "name": "Element",
            "from": [ 1.4375, 9.25, 8.19 ], 
            "to": [ 1.5, 10.25, 8.2525 ], 
            "faces": {
                "north": { "texture": "#3", "uv": [ 12.625, 11.0, 13.125, 12.5 ] },
                "east": { "texture": "#3", "uv": [ 13.0, 10.875, 13.5, 12.375 ] },
                "south": { "texture": "#3", "uv": [ 12.625, 11.0, 13.125, 12.5 ] },
                "west": { "texture": "#3", "uv": [ 12.375, 11.5, 12.875, 13.0 ] },
                "up": { "texture": "#3", "uv": [ 12.0, 11.5, 12.5, 12.0 ] },
                "down": { "texture": "#3", "uv": [ 12.0, 11.5, 12.5, 12.0 ] }
            }
        },
        {
            "name": "Element",
            "from": [ 10.125, 9.0, 7.0 ], 
            "to": [ 10.1875, 10.5, 7.0625 ], 
            "faces": {
                "north": { "texture": "#3", "uv": [ 12.625, 11.0, 13.125, 12.5 ] },
                "east": { "texture": "#3", "uv": [ 13.0, 10.875, 13.5, 12.375 ] },
                "south": { "texture": "#3", "uv": [ 12.625, 11.0, 13.125, 12.5 ] },
                "west": { "texture": "#3", "uv": [ 12.375, 11.5, 12.875, 13.0 ] },
                "up": { "texture": "#3", "uv": [ 12.0, 11.5, 12.5, 12.0 ] },
                "down": { "texture": "#3", "uv": [ 12.0, 11.5, 12.5, 12.0 ] }
            }
        },
        {
            "name": "Element",
            "from": [ 10.125, 9.0025, 7.0 ], 
            "to": [ 10.1875, 9.065, 8.5 ], 
            "faces": {
                "north": { "texture": "#3", "uv": [ 12.625, 11.0, 13.125, 12.5 ] },
                "east": { "texture": "#3", "uv": [ 13.0, 10.875, 13.5, 12.375 ] },
                "south": { "texture": "#3", "uv": [ 12.625, 11.0, 13.125, 12.5 ] },
                "west": { "texture": "#3", "uv": [ 12.375, 11.5, 12.875, 13.0 ] },
                "up": { "texture": "#3", "uv": [ 12.0, 11.5, 12.5, 12.0 ] },
                "down": { "texture": "#3", "uv": [ 12.0, 11.5, 12.5, 12.0 ] }
            }
        },
        {
            "name": "Element",
            "from": [ 10.125, 9.0, 8.435 ], 
            "to": [ 10.1875, 10.5, 8.4975 ], 
            "faces": {
                "north": { "texture": "#3", "uv": [ 12.625, 11.0, 13.125, 12.5 ] },
                "east": { "texture": "#3", "uv": [ 13.0, 10.875, 13.5, 12.375 ] },
                "south": { "texture": "#3", "uv": [ 12.625, 11.0, 13.125, 12.5 ] },
                "west": { "texture": "#3", "uv": [ 12.375, 11.5, 12.875, 13.0 ] },
                "up": { "texture": "#3", "uv": [ 12.0, 11.5, 12.5, 12.0 ] },
                "down": { "texture": "#3", "uv": [ 12.0, 11.5, 12.5, 12.0 ] }
            }
        },
        {
            "name": "Element",
            "from": [ 10.125, 10.4375, 7.0 ], 
            "to": [ 10.1875, 10.5, 8.5 ], 
            "faces": {
                "north": { "texture": "#3", "uv": [ 12.625, 11.0, 13.125, 12.5 ] },
                "east": { "texture": "#3", "uv": [ 13.0, 10.875, 13.5, 12.375 ] },
                "south": { "texture": "#3", "uv": [ 12.625, 11.0, 13.125, 12.5 ] },
                "west": { "texture": "#3", "uv": [ 12.375, 11.5, 12.875, 13.0 ] },
                "up": { "texture": "#3", "uv": [ 12.0, 11.5, 12.5, 12.0 ] },
                "down": { "texture": "#3", "uv": [ 12.0, 11.5, 12.5, 12.0 ] }
            }
        },
        {
            "name": "Element",
            "from": [ 9.5, 7.75, 7.5 ], 
            "to": [ 18.5, 8.25, 8.0 ], 
            "faces": {
                "north": { "texture": "#1", "uv": [ 0.0, 0.0, 0.1, 0.1 ] },
                "east": { "texture": "#1", "uv": [ 3.5, 7.375, 4.125, 7.875 ] },
                "south": { "texture": "#1", "uv": [ 0.0, 0.0, 0.1, 0.1 ] },
                "west": { "texture": "#1", "uv": [ 3.5, 7.375, 4.125, 7.875 ] },
                "up": { "texture": "#1", "uv": [ 0.0, 0.0, 0.1, 0.1 ], "rotation": 90 },
                "down": { "texture": "#1", "uv": [ 3.375, 5.25, 3.5, 12.375 ], "rotation": 90 }
            }
        },
        {
            "name": "Element",
            "from": [ 4.0, 7.51, 7.139999998509884 ], 
            "to": [ 4.5, 8.610000001490116, 8.360000001490116 ], 
            "faces": {
                "north": { "texture": "#3", "uv": [ 2.0, 8.125, 2.5, 9.125 ] },
                "east": { "texture": "#3", "uv": [ 1.75, 7.375, 2.75, 8.375 ] },
                "south": { "texture": "#3", "uv": [ 2.0, 8.125, 2.5, 9.125 ] },
                "west": { "texture": "#3", "uv": [ 1.75, 7.375, 2.75, 8.375 ] },
                "up": { "texture": "#3", "uv": [ 2.375, 7.875, 2.875, 8.875 ] },
                "down": { "texture": "#3", "uv": [ 2.375, 7.875, 2.875, 8.875 ] }
            }
        },
        {
            "name": "Element",
            "from": [ -1.875, 5.0, 6.99 ], 
            "to": [ -1.375, 5.625, 8.51 ], 
            "faces": {
                "north": { "texture": "#0", "uv": [ 8.125, 11.875, 8.625, 12.5 ] },
                "east": { "texture": "#0", "uv": [ 5.75, 11.875, 7.25, 12.5 ] },
                "south": { "texture": "#0", "uv": [ 8.125, 11.875, 8.625, 12.5 ] },
                "west": { "texture": "#0", "uv": [ 5.75, 11.875, 7.25, 12.5 ] },
                "up": { "texture": "#0", "uv": [ 3.5, 7.25, 4.0, 8.75 ] },
                "down": { "texture": "#0", "uv": [ 3.5, 7.25, 4.0, 8.75 ] }
            }
        }
    ]
}