{
    "__comment": "Model generated using MrCrayfish's Model Creator (http://mrcrayfish.com/modelcreator/)",
    "textures": {
        "0": "blocks/anvil_base",
        "1": "blocks/cauldron_bottom",
        "2": "blocks/planks_big_oak"
    },
    "elements": [
        {
            "name": "Cube",
            "from": [ -15.0, 7.0, 7.0 ], 
            "to": [ -10.0, 7.699999995529652, 7.699999995529652 ], 
            "faces": {
                "north": { "texture": "#0", "uv": [ 0.0, 0.0, 0.1, 0.1 ] },
                "east": { "texture": "#0", "uv": [ 0.0, 0.0, 0.1, 0.1 ] },
                "south": { "texture": "#0", "uv": [ 0.0, 0.0, 0.1, 0.1 ] },
                "west": { "texture": "#0", "uv": [ 0.0, 0.0, 0.1, 0.1 ] },
                "up": { "texture": "#0", "uv": [ 0.0, 0.0, 0.1, 0.1 ] },
                "down": { "texture": "#0", "uv": [ 0.0, 0.0, 0.1, 0.1 ] }
            }
        },
        {
            "name": "Cube",
            "from": [ -12.0, 6.0, 7.0 ], 
            "to": [ -9.0, 8.000000014901161, 7.699999995529652 ], 
            "faces": {
                "north": { "texture": "#1", "uv": [ 0.0, 0.0, 0.1, 0.1 ] },
                "east": { "texture": "#1", "uv": [ 0.0, 0.0, 0.1, 0.1 ] },
                "south": { "texture": "#1", "uv": [ 0.0, 0.0, 0.1, 0.1 ] },
                "west": { "texture": "#1", "uv": [ 0.0, 0.0, 0.1, 0.1 ] },
                "up": { "texture": "#1", "uv": [ 0.0, 0.0, 0.1, 0.1 ] },
                "down": { "texture": "#1", "uv": [ 0.0, 0.0, 0.1, 0.1 ] }
            }
        },
        {
            "name": "Cube",
            "from": [ -12.0, 6.700000010430813, 6.299999989569187 ], 
            "to": [ -9.0, 7.3000000193715096, 8.399999991059303 ], 
            "faces": {
                "north": { "texture": "#1", "uv": [ 0.0, 0.0, 0.1, 0.1 ] },
                "east": { "texture": "#1", "uv": [ 0.0, 0.0, 0.1, 0.1 ] },
                "south": { "texture": "#1", "uv": [ 0.0, 0.0, 0.1, 0.1 ] },
                "west": { "texture": "#1", "uv": [ 0.0, 0.0, 0.1, 0.1 ] },
                "up": { "texture": "#1", "uv": [ 0.0, 0.0, 0.1, 0.1 ] },
                "down": { "texture": "#1", "uv": [ 0.0, 0.0, 0.1, 0.1 ] }
            }
        },
        {
            "name": "Cube",
            "from": [ -12.0, 7.0, 7.0 ], 
            "to": [ -9.0, 8.000000014901161, 7.699999995529652 ], 
            "rotation": { "origin": [ 8.0, 8.0, 7.699999995529652 ], "axis": "x", "angle": -45.0 },
            "faces": {
                "north": { "texture": "#1", "uv": [ 0.0, 0.0, 0.1, 0.1 ] },
                "east": { "texture": "#1", "uv": [ 0.0, 0.0, 0.1, 0.1 ] },
                "south": { "texture": "#1", "uv": [ 0.0, 0.0, 0.1, 0.1 ] },
                "west": { "texture": "#1", "uv": [ 0.0, 0.0, 0.1, 0.1 ] },
                "up": { "texture": "#1", "uv": [ 0.0, 0.0, 0.1, 0.1 ] },
                "down": { "texture": "#1", "uv": [ 0.0, 0.0, 0.1, 0.1 ] }
            }
        },
        {
            "name": "Cube",
            "from": [ -12.0, 7.0, 7.0 ], 
            "to": [ -9.0, 8.000000014901161, 7.699999995529652 ], 
            "rotation": { "origin": [ 8.0, 8.0, 6.999999985098839 ], "axis": "x", "angle": 45.0 },
            "faces": {
                "north": { "texture": "#1", "uv": [ 0.0, 0.0, 0.1, 0.1 ] },
                "east": { "texture": "#1", "uv": [ 0.0, 0.0, 0.1, 0.1 ] },
                "south": { "texture": "#1", "uv": [ 0.0, 0.0, 0.1, 0.1 ] },
                "west": { "texture": "#1", "uv": [ 0.0, 0.0, 0.1, 0.1 ] },
                "up": { "texture": "#1", "uv": [ 0.0, 0.0, 0.1, 0.1 ] },
                "down": { "texture": "#1", "uv": [ 0.0, 0.0, 0.1, 0.1 ] }
            }
        },
        {
            "name": "Cube",
            "from": [ -12.0, 7.0, 7.0 ], 
            "to": [ -9.0, 8.000000014901161, 7.699999995529652 ], 
            "rotation": { "origin": [ 8.0, 6.500000007450581, 6.499999992549419 ], "axis": "x", "angle": 45.0 },
            "faces": {
                "north": { "texture": "#1", "uv": [ 0.0, 0.0, 0.1, 0.1 ] },
                "east": { "texture": "#1", "uv": [ 0.0, 0.0, 0.1, 0.1 ] },
                "south": { "texture": "#1", "uv": [ 0.0, 0.0, 0.1, 0.1 ] },
                "west": { "texture": "#1", "uv": [ 0.0, 0.0, 0.1, 0.1 ] },
                "up": { "texture": "#1", "uv": [ 0.0, 0.0, 0.1, 0.1 ] },
                "down": { "texture": "#1", "uv": [ 0.0, 0.0, 0.1, 0.1 ] }
            }
        },
        {
            "name": "Cube",
            "from": [ -12.0, 7.0, 7.0 ], 
            "to": [ -9.0, 8.000000014901161, 8.0 ], 
            "rotation": { "origin": [ 8.0, 7.700000010430813, 6.300000004470348 ], "axis": "x", "angle": 45.0 },
            "faces": {
                "north": { "texture": "#1", "uv": [ 0.0, 0.0, 0.1, 0.1 ] },
                "east": { "texture": "#1", "uv": [ 0.0, 0.0, 0.1, 0.1 ] },
                "south": { "texture": "#1", "uv": [ 0.0, 0.0, 0.1, 0.1 ] },
                "west": { "texture": "#1", "uv": [ 0.0, 0.0, 0.1, 0.1 ] },
                "up": { "texture": "#1", "uv": [ 0.0, 0.0, 0.1, 0.1 ] },
                "down": { "texture": "#1", "uv": [ 0.0, 0.0, 0.1, 0.1 ] }
            }
        },
        {
            "name": "Cube",
            "from": [ -9.000000014901161, 6.0, 7.0 ], 
            "to": [ -1.4901161193847656E-8, 8.000000014901161, 7.699999995529652 ], 
            "faces": {
                "north": { "texture": "#2", "uv": [ 0.0, 0.0, 0.1, 0.1 ] },
                "east": { "texture": "#2", "uv": [ 0.0, 0.0, 0.1, 0.1 ] },
                "south": { "texture": "#2", "uv": [ 0.0, 0.0, 0.1, 0.1 ] },
                "west": { "texture": "#2", "uv": [ 0.0, 0.0, 0.1, 0.1 ] },
                "up": { "texture": "#2", "uv": [ 0.0, 0.0, 0.1, 0.1 ] },
                "down": { "texture": "#2", "uv": [ 0.0, 0.0, 0.1, 0.1 ] }
            }
        },
        {
            "name": "Cube",
            "from": [ -9.0, 7.0, 7.0 ], 
            "to": [ 0.0, 8.000000014901161, 7.699999995529652 ], 
            "rotation": { "origin": [ 8.0, 6.500000007450581, 6.499999992549419 ], "axis": "x", "angle": 45.0 },
            "faces": {
                "north": { "texture": "#2", "uv": [ 0.0, 0.0, 0.1, 0.1 ] },
                "east": { "texture": "#2", "uv": [ 0.0, 0.0, 0.1, 0.1 ] },
                "south": { "texture": "#2", "uv": [ 0.0, 0.0, 0.1, 0.1 ] },
                "west": { "texture": "#2", "uv": [ 0.0, 0.0, 0.1, 0.1 ] },
                "up": { "texture": "#2", "uv": [ 0.0, 0.0, 0.1, 0.1 ] },
                "down": { "texture": "#2", "uv": [ 0.0, 0.0, 0.1, 0.1 ] }
            }
        },
        {
            "name": "Cube",
            "from": [ -9.0, 6.700000010430813, 6.299999989569187 ], 
            "to": [ 0.0, 7.3000000193715096, 8.399999991059303 ], 
            "faces": {
                "north": { "texture": "#2", "uv": [ 0.0, 0.0, 0.1, 0.1 ] },
                "east": { "texture": "#2", "uv": [ 0.0, 0.0, 0.1, 0.1 ] },
                "south": { "texture": "#2", "uv": [ 0.0, 0.0, 0.1, 0.1 ] },
                "west": { "texture": "#2", "uv": [ 0.0, 0.0, 0.1, 0.1 ] },
                "up": { "texture": "#2", "uv": [ 0.0, 0.0, 0.1, 0.1 ] },
                "down": { "texture": "#2", "uv": [ 0.0, 0.0, 0.1, 0.1 ] }
            }
        },
        {
            "name": "Cube",
            "from": [ -9.0, 7.0, 7.0 ], 
            "to": [ 0.0, 8.000000014901161, 7.699999995529652 ], 
            "rotation": { "origin": [ 8.0, 8.0, 7.699999995529652 ], "axis": "x", "angle": -45.0 },
            "faces": {
                "north": { "texture": "#2", "uv": [ 0.0, 0.0, 0.1, 0.1 ] },
                "east": { "texture": "#2", "uv": [ 0.0, 0.0, 0.1, 0.1 ] },
                "south": { "texture": "#2", "uv": [ 0.0, 0.0, 0.1, 0.1 ] },
                "west": { "texture": "#2", "uv": [ 0.0, 0.0, 0.1, 0.1 ] },
                "up": { "texture": "#2", "uv": [ 0.0, 0.0, 0.1, 0.1 ] },
                "down": { "texture": "#2", "uv": [ 0.0, 0.0, 0.1, 0.1 ] }
            }
        },
        {
            "name": "Cube",
            "from": [ -9.0, 7.0, 7.0 ], 
            "to": [ 0.0, 8.000000014901161, 7.699999995529652 ], 
            "rotation": { "origin": [ 8.0, 8.0, 6.999999985098839 ], "axis": "x", "angle": 45.0 },
            "faces": {
                "north": { "texture": "#2", "uv": [ 0.0, 0.0, 0.1, 0.1 ] },
                "east": { "texture": "#2", "uv": [ 0.0, 0.0, 0.1, 0.1 ] },
                "south": { "texture": "#2", "uv": [ 0.0, 0.0, 0.1, 0.1 ] },
                "west": { "texture": "#2", "uv": [ 0.0, 0.0, 0.1, 0.1 ] },
                "up": { "texture": "#2", "uv": [ 0.0, 0.0, 0.1, 0.1 ] },
                "down": { "texture": "#2", "uv": [ 0.0, 0.0, 0.1, 0.1 ] }
            }
        },
        {
            "name": "Cube",
            "from": [ -9.0, 7.0, 7.0 ], 
            "to": [ 0.0, 8.000000014901161, 8.0 ], 
            "rotation": { "origin": [ 8.0, 7.700000010430813, 6.300000004470348 ], "axis": "x", "angle": 45.0 },
            "faces": {
                "north": { "texture": "#2", "uv": [ 0.0, 0.0, 0.1, 0.1 ] },
                "east": { "texture": "#2", "uv": [ 0.0, 0.0, 0.1, 0.1 ] },
                "south": { "texture": "#2", "uv": [ 0.0, 0.0, 0.1, 0.1 ] },
                "west": { "texture": "#2", "uv": [ 0.0, 0.0, 0.1, 0.1 ] },
                "up": { "texture": "#2", "uv": [ 0.0, 0.0, 0.1, 0.1 ] },
                "down": { "texture": "#2", "uv": [ 0.0, 0.0, 0.1, 0.1 ] }
            }
        },
        {
            "name": "Cube",
            "from": [ 0.0, 7.0, 7.0 ], 
            "to": [ 0.3999999910593033, 8.000000014901161, 7.699999995529652 ], 
            "rotation": { "origin": [ 8.0, 8.0, 7.699999995529652 ], "axis": "x", "angle": -45.0 },
            "faces": {
                "north": { "texture": "#1", "uv": [ 0.0, 0.0, 0.1, 0.1 ] },
                "east": { "texture": "#1", "uv": [ 0.0, 0.0, 0.1, 0.1 ] },
                "south": { "texture": "#1", "uv": [ 0.0, 0.0, 0.1, 0.1 ] },
                "west": { "texture": "#1", "uv": [ 0.0, 0.0, 0.1, 0.1 ] },
                "up": { "texture": "#1", "uv": [ 0.0, 0.0, 0.1, 0.1 ] },
                "down": { "texture": "#1", "uv": [ 0.0, 0.0, 0.1, 0.1 ] }
            }
        },
        {
            "name": "Cube",
            "from": [ 0.0, 6.0, 7.0 ], 
            "to": [ 0.3999999910593033, 8.000000014901161, 7.699999995529652 ], 
            "faces": {
                "north": { "texture": "#1", "uv": [ 0.0, 0.0, 0.1, 0.1 ] },
                "east": { "texture": "#1", "uv": [ 0.0, 0.0, 0.1, 0.1 ] },
                "south": { "texture": "#1", "uv": [ 0.0, 0.0, 0.1, 0.1 ] },
                "west": { "texture": "#1", "uv": [ 0.0, 0.0, 0.1, 0.1 ] },
                "up": { "texture": "#1", "uv": [ 0.0, 0.0, 0.1, 0.1 ] },
                "down": { "texture": "#1", "uv": [ 0.0, 0.0, 0.1, 0.1 ] }
            }
        },
        {
            "name": "Cube",
            "from": [ 0.0, 7.0, 7.0 ], 
            "to": [ 0.3999999910593033, 8.000000014901161, 7.699999995529652 ], 
            "rotation": { "origin": [ 8.0, 6.500000007450581, 6.499999992549419 ], "axis": "x", "angle": 45.0 },
            "faces": {
                "north": { "texture": "#1", "uv": [ 0.0, 0.0, 0.1, 0.1 ] },
                "east": { "texture": "#1", "uv": [ 0.0, 0.0, 0.1, 0.1 ] },
                "south": { "texture": "#1", "uv": [ 0.0, 0.0, 0.1, 0.1 ] },
                "west": { "texture": "#1", "uv": [ 0.0, 0.0, 0.1, 0.1 ] },
                "up": { "texture": "#1", "uv": [ 0.0, 0.0, 0.1, 0.1 ] },
                "down": { "texture": "#1", "uv": [ 0.0, 0.0, 0.1, 0.1 ] }
            }
        },
        {
            "name": "Cube",
            "from": [ 0.0, 6.700000010430813, 6.299999989569187 ], 
            "to": [ 0.4, 7.3000000193715096, 8.399999991059303 ], 
            "faces": {
                "north": { "texture": "#1", "uv": [ 0.0, 0.0, 0.1, 0.1 ] },
                "east": { "texture": "#1", "uv": [ 0.0, 0.0, 0.1, 0.1 ] },
                "south": { "texture": "#1", "uv": [ 0.0, 0.0, 0.1, 0.1 ] },
                "west": { "texture": "#1", "uv": [ 0.0, 0.0, 0.1, 0.1 ] },
                "up": { "texture": "#1", "uv": [ 0.0, 0.0, 0.1, 0.1 ] },
                "down": { "texture": "#1", "uv": [ 0.0, 0.0, 0.1, 0.1 ] }
            }
        },
        {
            "name": "Cube",
            "from": [ 0.0, 7.0, 7.0 ], 
            "to": [ 0.4, 8.000000014901161, 7.699999995529652 ], 
            "rotation": { "origin": [ 8.0, 8.0, 6.999999985098839 ], "axis": "x", "angle": 45.0 },
            "faces": {
                "north": { "texture": "#1", "uv": [ 0.0, 0.0, 0.1, 0.1 ] },
                "east": { "texture": "#1", "uv": [ 0.0, 0.0, 0.1, 0.1 ] },
                "south": { "texture": "#1", "uv": [ 0.0, 0.0, 0.1, 0.1 ] },
                "west": { "texture": "#1", "uv": [ 0.0, 0.0, 0.1, 0.1 ] },
                "up": { "texture": "#1", "uv": [ 0.0, 0.0, 0.1, 0.1 ] },
                "down": { "texture": "#1", "uv": [ 0.0, 0.0, 0.1, 0.1 ] }
            }
        },
        {
            "name": "Cube",
            "from": [ 0.0, 7.0, 7.0 ], 
            "to": [ 0.4, 8.000000014901161, 8.0 ], 
            "rotation": { "origin": [ 8.0, 7.700000010430813, 6.300000004470348 ], "axis": "x", "angle": 45.0 },
            "faces": {
                "north": { "texture": "#1", "uv": [ 0.0, 0.0, 0.1, 0.1 ] },
                "east": { "texture": "#1", "uv": [ 0.0, 0.0, 0.1, 0.1 ] },
                "south": { "texture": "#1", "uv": [ 0.0, 0.0, 0.1, 0.1 ] },
                "west": { "texture": "#1", "uv": [ 0.0, 0.0, 0.1, 0.1 ] },
                "up": { "texture": "#1", "uv": [ 0.0, 0.0, 0.1, 0.1 ] },
                "down": { "texture": "#1", "uv": [ 0.0, 0.0, 0.1, 0.1 ] }
            }
        },
        {
            "name": "Cube",
            "from": [ 0.3999999910593033, 7.0, 7.0 ], 
            "to": [ 8.999999985098839, 8.000000014901161, 7.699999995529652 ], 
            "rotation": { "origin": [ 8.0, 8.0, 7.699999995529652 ], "axis": "x", "angle": -45.0 },
            "faces": {
                "north": { "texture": "#2", "uv": [ 0.0, 0.0, 0.1, 0.1 ] },
                "east": { "texture": "#2", "uv": [ 0.0, 0.0, 0.1, 0.1 ] },
                "south": { "texture": "#2", "uv": [ 0.0, 0.0, 0.1, 0.1 ] },
                "west": { "texture": "#2", "uv": [ 0.0, 0.0, 0.1, 0.1 ] },
                "up": { "texture": "#2", "uv": [ 0.0, 0.0, 0.1, 0.1 ] },
                "down": { "texture": "#2", "uv": [ 0.0, 0.0, 0.1, 0.1 ] }
            }
        },
        {
            "name": "Cube",
            "from": [ 0.4000000059604645, 7.0, 7.300000004470348 ], 
            "to": [ 8.799999997019768, 8.000000014901161, 7.699999995529652 ], 
            "rotation": { "origin": [ 8.0, 6.500000007450581, 6.499999992549419 ], "axis": "x", "angle": 45.0 },
            "faces": {
                "north": { "texture": "#2", "uv": [ 0.0, 0.0, 0.1, 0.1 ] },
                "east": { "texture": "#2", "uv": [ 0.0, 0.0, 0.1, 0.1 ] },
                "south": { "texture": "#2", "uv": [ 0.0, 0.0, 0.1, 0.1 ] },
                "west": { "texture": "#2", "uv": [ 0.0, 0.0, 0.1, 0.1 ] },
                "up": { "texture": "#2", "uv": [ 0.0, 0.0, 0.1, 0.1 ] },
                "down": { "texture": "#2", "uv": [ 0.0, 0.0, 0.1, 0.1 ] }
            }
        },
        {
            "name": "Cube",
            "from": [ 0.4000000059604645, 6.700000010430813, 6.299999989569187 ], 
            "to": [ 9.0, 7.3000000193715096, 8.399999991059303 ], 
            "faces": {
                "north": { "texture": "#2", "uv": [ 0.0, 0.0, 0.1, 0.1 ] },
                "east": { "texture": "#2", "uv": [ 0.0, 0.0, 0.1, 0.1 ] },
                "south": { "texture": "#2", "uv": [ 0.0, 0.0, 0.1, 0.1 ] },
                "west": { "texture": "#2", "uv": [ 0.0, 0.0, 0.1, 0.1 ] },
                "up": { "texture": "#2", "uv": [ 0.0, 0.0, 0.1, 0.1 ] },
                "down": { "texture": "#2", "uv": [ 0.0, 0.0, 0.1, 0.1 ] }
            }
        },
        {
            "name": "Cube",
            "from": [ 0.4000000059604645, 7.0, 7.0 ], 
            "to": [ 9.0, 8.000000014901161, 7.699999995529652 ], 
            "rotation": { "origin": [ 8.0, 8.0, 6.999999985098839 ], "axis": "x", "angle": 45.0 },
            "faces": {
                "north": { "texture": "#2", "uv": [ 0.0, 0.0, 0.1, 0.1 ] },
                "east": { "texture": "#2", "uv": [ 0.0, 0.0, 0.1, 0.1 ] },
                "south": { "texture": "#2", "uv": [ 0.0, 0.0, 0.1, 0.1 ] },
                "west": { "texture": "#2", "uv": [ 0.0, 0.0, 0.1, 0.1 ] },
                "up": { "texture": "#2", "uv": [ 0.0, 0.0, 0.1, 0.1 ] },
                "down": { "texture": "#2", "uv": [ 0.0, 0.0, 0.1, 0.1 ] }
            }
        },
        {
            "name": "Cube",
            "from": [ 0.40000002086162567, 6.0, 7.0 ], 
            "to": [ 9.000000029802322, 8.000000014901161, 7.699999995529652 ], 
            "faces": {
                "north": { "texture": "#2", "uv": [ 0.0, 0.0, 0.1, 0.1 ] },
                "east": { "texture": "#2", "uv": [ 0.0, 0.0, 0.1, 0.1 ] },
                "south": { "texture": "#2", "uv": [ 0.0, 0.0, 0.1, 0.1 ] },
                "west": { "texture": "#2", "uv": [ 0.0, 0.0, 0.1, 0.1 ] },
                "up": { "texture": "#2", "uv": [ 0.0, 0.0, 0.1, 0.1 ] },
                "down": { "texture": "#2", "uv": [ 0.0, 0.0, 0.1, 0.1 ] }
            }
        },
        {
            "name": "Cube",
            "from": [ 0.4000000059604645, 7.0, 7.0 ], 
            "to": [ 8.799999997019768, 7.4000000059604645, 8.0 ], 
            "rotation": { "origin": [ 8.0, 7.700000010430813, 6.300000004470348 ], "axis": "x", "angle": 45.0 },
            "faces": {
                "north": { "texture": "#2", "uv": [ 0.0, 0.0, 0.1, 0.1 ] },
                "east": { "texture": "#2", "uv": [ 0.0, 0.0, 0.1, 0.1 ] },
                "south": { "texture": "#2", "uv": [ 0.0, 0.0, 0.1, 0.1 ] },
                "west": { "texture": "#2", "uv": [ 0.0, 0.0, 0.1, 0.1 ] },
                "up": { "texture": "#2", "uv": [ 0.0, 0.0, 0.1, 0.1 ] },
                "down": { "texture": "#2", "uv": [ 0.0, 0.0, 0.1, 0.1 ] }
            }
        },
        {
            "name": "Cube",
            "from": [ 6.0, 5.800000011920929, 6.299999989569187 ], 
            "to": [ 17.0, 7.000000029802322, 8.399999991059303 ], 
            "faces": {
                "north": { "texture": "#2", "uv": [ 0.0, 0.0, 0.1, 0.1 ] },
                "east": { "texture": "#2", "uv": [ 0.0, 0.0, 0.1, 0.1 ] },
                "south": { "texture": "#2", "uv": [ 0.0, 0.0, 0.1, 0.1 ] },
                "west": { "texture": "#2", "uv": [ 0.0, 0.0, 0.1, 0.1 ] },
                "up": { "texture": "#2", "uv": [ 0.0, 0.0, 0.1, 0.1 ] },
                "down": { "texture": "#2", "uv": [ 0.0, 0.0, 0.1, 0.1 ] }
            }
        },
        {
            "name": "Cube",
            "from": [ 15.799999982118607, 5.200000017881393, 6.499999992549419 ], 
            "to": [ 20.799999982118607, 6.500000007450581, 8.199999988079071 ], 
            "rotation": { "origin": [ 17.00000001490116, 7.199999988079071, 8.0 ], "axis": "z", "angle": -22.5 },
            "faces": {
                "north": { "texture": "#2", "uv": [ 0.0, 0.0, 0.1, 0.1 ] },
                "east": { "texture": "#2", "uv": [ 0.0, 0.0, 0.1, 0.1 ] },
                "south": { "texture": "#2", "uv": [ 0.0, 0.0, 0.1, 0.1 ] },
                "west": { "texture": "#2", "uv": [ 0.0, 0.0, 0.1, 0.1 ] },
                "up": { "texture": "#2", "uv": [ 0.0, 0.0, 0.1, 0.1 ] },
                "down": { "texture": "#2", "uv": [ 0.0, 0.0, 0.1, 0.1 ] }
            }
        },
        {
            "name": "Cube",
            "from": [ 17.100000001490116, 6.500000007450581, 6.499999992549419 ], 
            "to": [ 20.799999982118607, 6.999999985098839, 8.199999988079071 ], 
            "rotation": { "origin": [ 17.00000001490116, 7.199999988079071, 8.0 ], "axis": "z", "angle": -22.5 },
            "faces": {
                "north": { "texture": "#2", "uv": [ 0.0, 0.0, 0.1, 0.1 ] },
                "east": { "texture": "#2", "uv": [ 0.0, 0.0, 0.1, 0.1 ] },
                "south": { "texture": "#2", "uv": [ 0.0, 0.0, 0.1, 0.1 ] },
                "west": { "texture": "#2", "uv": [ 0.0, 0.0, 0.1, 0.1 ] },
                "up": { "texture": "#2", "uv": [ 0.0, 0.0, 0.1, 0.1 ] },
                "down": { "texture": "#2", "uv": [ 0.0, 0.0, 0.1, 0.1 ] }
            }
        },
        {
            "name": "Cube",
            "from": [ 19.799999982118607, 4.500000007450581, 6.499999992549419 ], 
            "to": [ 30.799999982118607, 5.5999999940395355, 8.199999988079071 ], 
            "faces": {
                "north": { "texture": "#2", "uv": [ 0.0, 0.0, 0.1, 0.1 ] },
                "east": { "texture": "#2", "uv": [ 0.0, 0.0, 0.1, 0.1 ] },
                "south": { "texture": "#2", "uv": [ 0.0, 0.0, 0.1, 0.1 ] },
                "west": { "texture": "#2", "uv": [ 0.0, 0.0, 0.1, 0.1 ] },
                "up": { "texture": "#2", "uv": [ 0.0, 0.0, 0.1, 0.1 ] },
                "down": { "texture": "#2", "uv": [ 0.0, 0.0, 0.1, 0.1 ] }
            }
        },
        {
            "name": "Cube",
            "from": [ 19.499999977648258, 5.600000008940697, 6.899999998509884 ], 
            "to": [ 30.799999982118607, 5.999999985098839, 7.799999982118607 ], 
            "faces": {
                "north": { "texture": "#2", "uv": [ 0.0, 0.0, 0.1, 0.1 ] },
                "east": { "texture": "#2", "uv": [ 0.0, 0.0, 0.1, 0.1 ] },
                "south": { "texture": "#2", "uv": [ 0.0, 0.0, 0.1, 0.1 ] },
                "west": { "texture": "#2", "uv": [ 0.0, 0.0, 0.1, 0.1 ] },
                "up": { "texture": "#2", "uv": [ 0.0, 0.0, 0.1, 0.1 ] },
                "down": { "texture": "#2", "uv": [ 0.0, 0.0, 0.1, 0.1 ] }
            }
        },
        {
            "name": "Cube",
            "from": [ 20.799999982118607, 5.700000010430813, 6.499999992549419 ], 
            "to": [ 31.799999982118607, 7.0, 8.199999988079071 ], 
            "rotation": { "origin": [ 17.00000001490116, 7.199999988079071, 8.0 ], "axis": "z", "angle": -22.5 },
            "faces": {
                "north": { "texture": "#2", "uv": [ 0.0, 0.0, 0.1, 0.1 ] },
                "east": { "texture": "#2", "uv": [ 0.0, 0.0, 0.1, 0.1 ] },
                "south": { "texture": "#2", "uv": [ 0.0, 0.0, 0.1, 0.1 ] },
                "west": { "texture": "#2", "uv": [ 0.0, 0.0, 0.1, 0.1 ] },
                "up": { "texture": "#2", "uv": [ 0.0, 0.0, 0.1, 0.1 ] },
                "down": { "texture": "#2", "uv": [ 0.0, 0.0, 0.1, 0.1 ] }
            }
        },
        {
            "name": "Cube",
            "from": [ 27.599999979138374, 1.3000000044703484, 6.499999992549419 ], 
            "to": [ 30.599999979138374, 2.600000004470348, 8.199999988079071 ], 
            "faces": {
                "north": { "texture": "#2", "uv": [ 0.0, 0.0, 0.1, 0.1 ] },
                "east": { "texture": "#2", "uv": [ 0.0, 0.0, 0.1, 0.1 ] },
                "south": { "texture": "#2", "uv": [ 0.0, 0.0, 0.1, 0.1 ] },
                "west": { "texture": "#2", "uv": [ 0.0, 0.0, 0.1, 0.1 ] },
                "up": { "texture": "#2", "uv": [ 0.0, 0.0, 0.1, 0.1 ] },
                "down": { "texture": "#2", "uv": [ 0.0, 0.0, 0.1, 0.1 ] }
            }
        },
        {
            "name": "Cube",
            "from": [ 24.19999997317791, 2.6000000089406967, 6.499999992549419 ], 
            "to": [ 30.599999964237213, 3.9000000089406965, 8.199999988079071 ], 
            "faces": {
                "north": { "texture": "#2", "uv": [ 0.0, 0.0, 0.1, 0.1 ] },
                "east": { "texture": "#2", "uv": [ 0.0, 0.0, 0.1, 0.1 ] },
                "south": { "texture": "#2", "uv": [ 0.0, 0.0, 0.1, 0.1 ] },
                "west": { "texture": "#2", "uv": [ 0.0, 0.0, 0.1, 0.1 ] },
                "up": { "texture": "#2", "uv": [ 0.0, 0.0, 0.1, 0.1 ] },
                "down": { "texture": "#2", "uv": [ 0.0, 0.0, 0.1, 0.1 ] }
            }
        },
        {
            "name": "Cube",
            "from": [ 22.999999955296516, 3.2000000178813934, 6.499999992549419 ], 
            "to": [ 30.799999952316284, 4.500000017881393, 8.199999988079071 ], 
            "faces": {
                "north": { "texture": "#2", "uv": [ 0.0, 0.0, 0.1, 0.1 ] },
                "east": { "texture": "#2", "uv": [ 0.0, 0.0, 0.1, 0.1 ] },
                "south": { "texture": "#2", "uv": [ 0.0, 0.0, 0.1, 0.1 ] },
                "west": { "texture": "#2", "uv": [ 0.0, 0.0, 0.1, 0.1 ] },
                "up": { "texture": "#2", "uv": [ 0.0, 0.0, 0.1, 0.1 ] },
                "down": { "texture": "#2", "uv": [ 0.0, 0.0, 0.1, 0.1 ] }
            }
        },
        {
            "name": "Cube",
            "from": [ 19.499999977648258, 5.600000008940697, 7.0 ], 
            "to": [ 30.799999982118607, 5.999999985098839, 7.599999979138374 ], 
            "rotation": { "origin": [ 17.00000001490116, 5.099999971687794, 7.399999991059303 ], "axis": "x", "angle": 45.0 },
            "faces": {
                "north": { "texture": "#2", "uv": [ 0.0, 0.0, 0.1, 0.1 ] },
                "east": { "texture": "#2", "uv": [ 0.0, 0.0, 0.1, 0.1 ] },
                "south": { "texture": "#2", "uv": [ 0.0, 0.0, 0.1, 0.1 ] },
                "west": { "texture": "#2", "uv": [ 0.0, 0.0, 0.1, 0.1 ] },
                "up": { "texture": "#2", "uv": [ 0.0, 0.0, 0.1, 0.1 ] },
                "down": { "texture": "#2", "uv": [ 0.0, 0.0, 0.1, 0.1 ] }
            }
        },
        {
            "name": "Cube",
            "from": [ 19.499999977648258, 5.600000008940697, 6.899999998509884 ], 
            "to": [ 30.799999982118607, 5.999999985098839, 7.499999977648258 ], 
            "rotation": { "origin": [ 17.00000001490116, 5.299999974668026, 7.199999988079071 ], "axis": "x", "angle": -45.0 },
            "faces": {
                "north": { "texture": "#2", "uv": [ 0.0, 0.0, 0.1, 0.1 ] },
                "east": { "texture": "#2", "uv": [ 0.0, 0.0, 0.1, 0.1 ] },
                "south": { "texture": "#2", "uv": [ 0.0, 0.0, 0.1, 0.1 ] },
                "west": { "texture": "#2", "uv": [ 0.0, 0.0, 0.1, 0.1 ] },
                "up": { "texture": "#2", "uv": [ 0.0, 0.0, 0.1, 0.1 ] },
                "down": { "texture": "#2", "uv": [ 0.0, 0.0, 0.1, 0.1 ] }
            }
        },
        {
            "name": "Cube",
            "from": [ 9.100000001490116, 4.3000000193715096, 6.799999997019768 ], 
            "to": [ 12.599999994039536, 5.800000041723251, 7.799999997019768 ], 
            "faces": {
                "north": { "texture": "#0", "uv": [ 0.0, 0.0, 0.1, 0.1 ] },
                "east": { "texture": "#0", "uv": [ 0.0, 0.0, 0.1, 0.1 ] },
                "south": { "texture": "#0", "uv": [ 0.0, 0.0, 0.1, 0.1 ] },
                "west": { "texture": "#0", "uv": [ 0.0, 0.0, 0.1, 0.1 ] },
                "up": { "texture": "#0", "uv": [ 0.0, 0.0, 0.1, 0.1 ] },
                "down": { "texture": "#0", "uv": [ 0.0, 0.0, 0.1, 0.1 ] }
            }
        },
        {
            "name": "Cube",
            "from": [ 12.900000013411045, 4.600000023841858, 6.799999997019768 ], 
            "to": [ 14.799999997019768, 4.800000041723251, 7.799999997019768 ], 
            "faces": {
                "north": { "texture": "#1", "uv": [ 0.0, 0.0, 0.1, 0.1 ] },
                "east": { "texture": "#1", "uv": [ 0.0, 0.0, 0.1, 0.1 ] },
                "south": { "texture": "#1", "uv": [ 0.0, 0.0, 0.1, 0.1 ] },
                "west": { "texture": "#1", "uv": [ 0.0, 0.0, 0.1, 0.1 ] },
                "up": { "texture": "#1", "uv": [ 0.0, 0.0, 0.1, 0.1 ] },
                "down": { "texture": "#1", "uv": [ 0.0, 0.0, 0.1, 0.1 ] }
            }
        },
        {
            "name": "Cube",
            "from": [ 12.700000010430813, 4.80000002682209, 6.799999997019768 ], 
            "to": [ 12.899999998509884, 5.8000000566244125, 7.799999997019768 ], 
            "faces": {
                "north": { "texture": "#1", "uv": [ 0.0, 0.0, 0.1, 0.1 ] },
                "east": { "texture": "#1", "uv": [ 0.0, 0.0, 0.1, 0.1 ] },
                "south": { "texture": "#1", "uv": [ 0.0, 0.0, 0.1, 0.1 ] },
                "west": { "texture": "#1", "uv": [ 0.0, 0.0, 0.1, 0.1 ] },
                "up": { "texture": "#1", "uv": [ 0.0, 0.0, 0.1, 0.1 ] },
                "down": { "texture": "#1", "uv": [ 0.0, 0.0, 0.1, 0.1 ] }
            }
        },
        {
            "name": "Cube",
            "from": [ 14.799999997019768, 4.80000002682209, 6.799999997019768 ], 
            "to": [ 14.999999985098839, 5.900000058114529, 7.799999997019768 ], 
            "faces": {
                "north": { "texture": "#1", "uv": [ 0.0, 0.0, 0.1, 0.1 ] },
                "east": { "texture": "#1", "uv": [ 0.0, 0.0, 0.1, 0.1 ] },
                "south": { "texture": "#1", "uv": [ 0.0, 0.0, 0.1, 0.1 ] },
                "west": { "texture": "#1", "uv": [ 0.0, 0.0, 0.1, 0.1 ] },
                "up": { "texture": "#1", "uv": [ 0.0, 0.0, 0.1, 0.1 ] },
                "down": { "texture": "#1", "uv": [ 0.0, 0.0, 0.1, 0.1 ] }
            }
        },
        {
            "name": "Cube",
            "from": [ 14.099999986588955, 4.600000023841858, 7.200000002980232 ], 
            "to": [ 14.299999974668026, 5.8000000566244125, 7.5999999940395355 ], 
            "rotation": { "origin": [ 15.0, 5.099999986588955, 8.0 ], "axis": "z", "angle": -22.5 },
            "faces": {
                "north": { "texture": "#1", "uv": [ 0.0, 0.0, 0.1, 0.1 ] },
                "east": { "texture": "#1", "uv": [ 0.0, 0.0, 0.1, 0.1 ] },
                "south": { "texture": "#1", "uv": [ 0.0, 0.0, 0.1, 0.1 ] },
                "west": { "texture": "#1", "uv": [ 0.0, 0.0, 0.1, 0.1 ] },
                "up": { "texture": "#1", "uv": [ 0.0, 0.0, 0.1, 0.1 ] },
                "down": { "texture": "#1", "uv": [ 0.0, 0.0, 0.1, 0.1 ] }
            }
        },
        {
            "name": "Cube",
            "from": [ 9.0, 7.0, 7.0 ], 
            "to": [ 10.0, 8.000000014901161, 7.699999995529652 ], 
            "rotation": { "origin": [ 8.0, 8.0, 7.699999995529652 ], "axis": "x", "angle": -45.0 },
            "faces": {
                "north": { "texture": "#1", "uv": [ 0.0, 0.0, 0.1, 0.1 ] },
                "east": { "texture": "#1", "uv": [ 0.0, 0.0, 0.1, 0.1 ] },
                "south": { "texture": "#1", "uv": [ 0.0, 0.0, 0.1, 0.1 ] },
                "west": { "texture": "#1", "uv": [ 0.0, 0.0, 0.1, 0.1 ] },
                "up": { "texture": "#1", "uv": [ 0.0, 0.0, 0.1, 0.1 ] },
                "down": { "texture": "#1", "uv": [ 0.0, 0.0, 0.1, 0.1 ] }
            }
        },
        {
            "name": "Cube",
            "from": [ 9.0, 6.800000001490116, 7.100000001490116 ], 
            "to": [ 10.0, 7.900000017881394, 7.799999997019768 ], 
            "rotation": { "origin": [ 8.0, 7.799999997019768, 7.299999989569187 ], "axis": "x", "angle": 45.0 },
            "faces": {
                "north": { "texture": "#1", "uv": [ 0.0, 0.0, 0.1, 0.1 ] },
                "east": { "texture": "#1", "uv": [ 0.0, 0.0, 0.1, 0.1 ] },
                "south": { "texture": "#1", "uv": [ 0.0, 0.0, 0.1, 0.1 ] },
                "west": { "texture": "#1", "uv": [ 0.0, 0.0, 0.1, 0.1 ] },
                "up": { "texture": "#1", "uv": [ 0.0, 0.0, 0.1, 0.1 ] },
                "down": { "texture": "#1", "uv": [ 0.0, 0.0, 0.1, 0.1 ] }
            }
        },
        {
            "name": "Cube",
            "from": [ 9.0, 6.0, 7.200000002980232 ], 
            "to": [ 10.0, 8.000000014901161, 7.699999995529652 ], 
            "faces": {
                "north": { "texture": "#1", "uv": [ 0.0, 0.0, 0.1, 0.1 ] },
                "east": { "texture": "#1", "uv": [ 0.0, 0.0, 0.1, 0.1 ] },
                "south": { "texture": "#1", "uv": [ 0.0, 0.0, 0.1, 0.1 ] },
                "west": { "texture": "#1", "uv": [ 0.0, 0.0, 0.1, 0.1 ] },
                "up": { "texture": "#1", "uv": [ 0.0, 0.0, 0.1, 0.1 ] },
                "down": { "texture": "#1", "uv": [ 0.0, 0.0, 0.1, 0.1 ] }
            }
        },
        {
            "name": "Cube",
            "from": [ 9.0, 7.000000014901161, 6.499999992549419 ], 
            "to": [ 16.50000000745058, 7.3000000193715096, 8.399999991059303 ], 
            "faces": {
                "north": { "texture": "#1", "uv": [ 0.0, 0.0, 0.1, 0.1 ] },
                "east": { "texture": "#1", "uv": [ 0.0, 0.0, 0.1, 0.1 ] },
                "south": { "texture": "#1", "uv": [ 0.0, 0.0, 0.1, 0.1 ] },
                "west": { "texture": "#1", "uv": [ 0.0, 0.0, 0.1, 0.1 ] },
                "up": { "texture": "#1", "uv": [ 0.0, 0.0, 0.1, 0.1 ] },
                "down": { "texture": "#1", "uv": [ 0.0, 0.0, 0.1, 0.1 ] }
            }
        },
        {
            "name": "Cube",
            "from": [ 10.0, 7.0, 7.0 ], 
            "to": [ 13.999999985098839, 7.600000008940697, 7.699999995529652 ], 
            "rotation": { "origin": [ 8.0, 8.0, 7.699999995529652 ], "axis": "x", "angle": -45.0 },
            "faces": {
                "north": { "texture": "#1", "uv": [ 0.0, 0.0, 0.1, 0.1 ] },
                "east": { "texture": "#1", "uv": [ 0.0, 0.0, 0.1, 0.1 ] },
                "south": { "texture": "#1", "uv": [ 0.0, 0.0, 0.1, 0.1 ] },
                "west": { "texture": "#1", "uv": [ 0.0, 0.0, 0.1, 0.1 ] },
                "up": { "texture": "#1", "uv": [ 0.0, 0.0, 0.1, 0.1 ] },
                "down": { "texture": "#1", "uv": [ 0.0, 0.0, 0.1, 0.1 ] }
            }
        },
        {
            "name": "Cube",
            "from": [ 10.0, 7.0, 7.100000016391277 ], 
            "to": [ 14.799999997019768, 7.700000010430813, 7.800000011920929 ], 
            "faces": {
                "north": { "texture": "#0", "uv": [ 0.0, 0.0, 0.1, 0.1 ] },
                "east": { "texture": "#0", "uv": [ 0.0, 0.0, 0.1, 0.1 ] },
                "south": { "texture": "#0", "uv": [ 0.0, 0.0, 0.1, 0.1 ] },
                "west": { "texture": "#0", "uv": [ 0.0, 0.0, 0.1, 0.1 ] },
                "up": { "texture": "#0", "uv": [ 0.0, 0.0, 0.1, 0.1 ] },
                "down": { "texture": "#0", "uv": [ 0.0, 0.0, 0.1, 0.1 ] }
            }
        },
        {
            "name": "Cube",
            "from": [ 10.0, 6.800000001490116, 7.100000001490116 ], 
            "to": [ 14.0, 7.400000010430813, 7.799999997019768 ], 
            "rotation": { "origin": [ 8.0, 7.799999997019768, 7.299999989569187 ], "axis": "x", "angle": 45.0 },
            "faces": {
                "north": { "texture": "#1", "uv": [ 0.0, 0.0, 0.1, 0.1 ] },
                "east": { "texture": "#1", "uv": [ 0.0, 0.0, 0.1, 0.1 ] },
                "south": { "texture": "#1", "uv": [ 0.0, 0.0, 0.1, 0.1 ] },
                "west": { "texture": "#1", "uv": [ 0.0, 0.0, 0.1, 0.1 ] },
                "up": { "texture": "#1", "uv": [ 0.0, 0.0, 0.1, 0.1 ] },
                "down": { "texture": "#1", "uv": [ 0.0, 0.0, 0.1, 0.1 ] }
            }
        },
        {
            "name": "Cube",
            "from": [ 14.0, 7.3000000193715096, 6.800000011920929 ], 
            "to": [ 15.0, 8.000000029802322, 8.400000005960464 ], 
            "faces": {
                "north": { "texture": "#1", "uv": [ 0.0, 0.0, 0.1, 0.1 ] },
                "east": { "texture": "#1", "uv": [ 0.0, 0.0, 0.1, 0.1 ] },
                "south": { "texture": "#1", "uv": [ 0.0, 0.0, 0.1, 0.1 ] },
                "west": { "texture": "#1", "uv": [ 0.0, 0.0, 0.1, 0.1 ] },
                "up": { "texture": "#1", "uv": [ 0.0, 0.0, 0.1, 0.1 ] },
                "down": { "texture": "#1", "uv": [ 0.0, 0.0, 0.1, 0.1 ] }
            }
        },
        {
            "name": "Cube",
            "from": [ 15.0, 7.3000000193715096, 6.700000010430813 ], 
            "to": [ 16.400000005960464, 7.700000025331974, 7.100000001490116 ], 
            "faces": {
                "north": { "texture": "#1", "uv": [ 0.0, 0.0, 0.1, 0.1 ] },
                "east": { "texture": "#1", "uv": [ 0.0, 0.0, 0.1, 0.1 ] },
                "south": { "texture": "#1", "uv": [ 0.0, 0.0, 0.1, 0.1 ] },
                "west": { "texture": "#1", "uv": [ 0.0, 0.0, 0.1, 0.1 ] },
                "up": { "texture": "#1", "uv": [ 0.0, 0.0, 0.1, 0.1 ] },
                "down": { "texture": "#1", "uv": [ 0.0, 0.0, 0.1, 0.1 ] }
            }
        },
        {
            "name": "Cube",
            "from": [ 15.0, 7.3000000193715096, 7.80000002682209 ], 
            "to": [ 16.400000005960464, 7.700000025331974, 8.200000017881393 ], 
            "faces": {
                "north": { "texture": "#1", "uv": [ 0.0, 0.0, 0.1, 0.1 ] },
                "east": { "texture": "#1", "uv": [ 0.0, 0.0, 0.1, 0.1 ] },
                "south": { "texture": "#1", "uv": [ 0.0, 0.0, 0.1, 0.1 ] },
                "west": { "texture": "#1", "uv": [ 0.0, 0.0, 0.1, 0.1 ] },
                "up": { "texture": "#1", "uv": [ 0.0, 0.0, 0.1, 0.1 ] },
                "down": { "texture": "#1", "uv": [ 0.0, 0.0, 0.1, 0.1 ] }
            }
        },
        {
            "name": "Cube",
            "from": [ 14.399999991059303, 7.200000002980232, 7.200000017881393 ], 
            "to": [ 17.19999998807907, 7.700000010430813, 7.700000010430813 ], 
            "faces": {
                "north": { "texture": "#0", "uv": [ 0.0, 0.0, 0.1, 0.1 ] },
                "east": { "texture": "#0", "uv": [ 0.0, 0.0, 0.1, 0.1 ] },
                "south": { "texture": "#0", "uv": [ 0.0, 0.0, 0.1, 0.1 ] },
                "west": { "texture": "#0", "uv": [ 0.0, 0.0, 0.1, 0.1 ] },
                "up": { "texture": "#0", "uv": [ 0.0, 0.0, 0.1, 0.1 ] },
                "down": { "texture": "#0", "uv": [ 0.0, 0.0, 0.1, 0.1 ] }
            }
        },
        {
            "name": "Cube",
            "from": [ 16.599999994039536, 7.4000000059604645, 6.300000034272671 ], 
            "to": [ 16.99999998509884, 7.800000005960465, 7.80000002682209 ], 
            "faces": {
                "north": { "texture": "#1", "uv": [ 0.0, 0.0, 0.1, 0.1 ] },
                "east": { "texture": "#1", "uv": [ 0.0, 0.0, 0.1, 0.1 ] },
                "south": { "texture": "#1", "uv": [ 0.0, 0.0, 0.1, 0.1 ] },
                "west": { "texture": "#1", "uv": [ 0.0, 0.0, 0.1, 0.1 ] },
                "up": { "texture": "#1", "uv": [ 0.0, 0.0, 0.1, 0.1 ] },
                "down": { "texture": "#1", "uv": [ 0.0, 0.0, 0.1, 0.1 ] }
            }
        },
        {
            "name": "Cube",
            "from": [ 16.599999994039536, 7.4000000059604645, 6.9000000432133675 ], 
            "to": [ 16.99999998509884, 7.800000005960465, 7.80000002682209 ], 
            "rotation": { "origin": [ 7.100000001490116, 4.199999988079071, 7.099999986588955 ], "axis": "x", "angle": -22.5 },
            "faces": {
                "north": { "texture": "#1", "uv": [ 0.0, 0.0, 0.1, 0.1 ] },
                "east": { "texture": "#1", "uv": [ 0.0, 0.0, 0.1, 0.1 ] },
                "south": { "texture": "#1", "uv": [ 0.0, 0.0, 0.1, 0.1 ] },
                "west": { "texture": "#1", "uv": [ 0.0, 0.0, 0.1, 0.1 ] },
                "up": { "texture": "#1", "uv": [ 0.0, 0.0, 0.1, 0.1 ] },
                "down": { "texture": "#1", "uv": [ 0.0, 0.0, 0.1, 0.1 ] }
            }
        },
        {
            "name": "Cube",
            "from": [ 16.599999994039536, 7.300000004470348, 6.400000050663948 ], 
            "to": [ 17.19999998807907, 7.900000007450581, 7.000000029802322 ], 
            "rotation": { "origin": [ 7.100000001490116, 4.199999988079071, 7.099999986588955 ], "axis": "x", "angle": -22.5 },
            "faces": {
                "north": { "texture": "#0", "uv": [ 0.0, 0.0, 0.1, 0.1 ] },
                "east": { "texture": "#0", "uv": [ 0.0, 0.0, 0.1, 0.1 ] },
                "south": { "texture": "#0", "uv": [ 0.0, 0.0, 0.1, 0.1 ] },
                "west": { "texture": "#0", "uv": [ 0.0, 0.0, 0.1, 0.1 ] },
                "up": { "texture": "#0", "uv": [ 0.0, 0.0, 0.1, 0.1 ] },
                "down": { "texture": "#0", "uv": [ 0.0, 0.0, 0.1, 0.1 ] }
            }
        },
        {
            "name": "Cube",
            "from": [ 15.50000000745058, 7.700000010430813, 7.80000002682209 ], 
            "to": [ 16.100000016391277, 8.100000016391277, 8.000000014901161 ], 
            "faces": {
                "north": { "texture": "#1", "uv": [ 0.0, 0.0, 0.1, 0.1 ] },
                "east": { "texture": "#1", "uv": [ 0.0, 0.0, 0.1, 0.1 ] },
                "south": { "texture": "#1", "uv": [ 0.0, 0.0, 0.1, 0.1 ] },
                "west": { "texture": "#1", "uv": [ 0.0, 0.0, 0.1, 0.1 ] },
                "up": { "texture": "#1", "uv": [ 0.0, 0.0, 0.1, 0.1 ] },
                "down": { "texture": "#1", "uv": [ 0.0, 0.0, 0.1, 0.1 ] }
            }
        },
        {
            "name": "Cube",
            "from": [ 15.50000000745058, 7.700000010430813, 6.900000013411045 ], 
            "to": [ 16.100000016391277, 8.100000016391277, 7.100000001490116 ], 
            "faces": {
                "north": { "texture": "#1", "uv": [ 0.0, 0.0, 0.1, 0.1 ] },
                "east": { "texture": "#1", "uv": [ 0.0, 0.0, 0.1, 0.1 ] },
                "south": { "texture": "#1", "uv": [ 0.0, 0.0, 0.1, 0.1 ] },
                "west": { "texture": "#1", "uv": [ 0.0, 0.0, 0.1, 0.1 ] },
                "up": { "texture": "#1", "uv": [ 0.0, 0.0, 0.1, 0.1 ] },
                "down": { "texture": "#1", "uv": [ 0.0, 0.0, 0.1, 0.1 ] }
            }
        },
        {
            "name": "Cube",
            "from": [ 15.700000010430813, 7.700000010430813, 7.100000016391277 ], 
            "to": [ 15.900000013411045, 8.000000014901161, 7.800000011920929 ], 
            "faces": {
                "north": { "texture": "#0", "uv": [ 0.0, 0.0, 0.1, 0.1 ] },
                "east": { "texture": "#0", "uv": [ 0.0, 0.0, 0.1, 0.1 ] },
                "south": { "texture": "#0", "uv": [ 0.0, 0.0, 0.1, 0.1 ] },
                "west": { "texture": "#0", "uv": [ 0.0, 0.0, 0.1, 0.1 ] },
                "up": { "texture": "#0", "uv": [ 0.0, 0.0, 0.1, 0.1 ] },
                "down": { "texture": "#0", "uv": [ 0.0, 0.0, 0.1, 0.1 ] }
            }
        },
        {
            "name": "Cube",
            "from": [ 15.700000010430813, 9.100000016391277, 7.100000016391277 ], 
            "to": [ 15.900000013411045, 9.30000001937151, 7.800000011920929 ], 
            "faces": {
                "north": { "texture": "#0", "uv": [ 0.0, 0.0, 0.1, 0.1 ] },
                "east": { "texture": "#0", "uv": [ 0.0, 0.0, 0.1, 0.1 ] },
                "south": { "texture": "#0", "uv": [ 0.0, 0.0, 0.1, 0.1 ] },
                "west": { "texture": "#0", "uv": [ 0.0, 0.0, 0.1, 0.1 ] },
                "up": { "texture": "#0", "uv": [ 0.0, 0.0, 0.1, 0.1 ] },
                "down": { "texture": "#0", "uv": [ 0.0, 0.0, 0.1, 0.1 ] }
            }
        },
        {
            "name": "Cube",
            "from": [ 15.700000010430813, 8.0, 7.100000016391277 ], 
            "to": [ 15.900000013411045, 9.100000016391277, 7.300000004470348 ], 
            "faces": {
                "north": { "texture": "#0", "uv": [ 0.0, 0.0, 0.1, 0.1 ] },
                "east": { "texture": "#0", "uv": [ 0.0, 0.0, 0.1, 0.1 ] },
                "south": { "texture": "#0", "uv": [ 0.0, 0.0, 0.1, 0.1 ] },
                "west": { "texture": "#0", "uv": [ 0.0, 0.0, 0.1, 0.1 ] },
                "up": { "texture": "#0", "uv": [ 0.0, 0.0, 0.1, 0.1 ] },
                "down": { "texture": "#0", "uv": [ 0.0, 0.0, 0.1, 0.1 ] }
            }
        },
        {
            "name": "Cube",
            "from": [ 15.700000010430813, 8.0, 7.600000023841858 ], 
            "to": [ 15.900000013411045, 9.100000016391277, 7.800000011920929 ], 
            "faces": {
                "north": { "texture": "#0", "uv": [ 0.0, 0.0, 0.1, 0.1 ] },
                "east": { "texture": "#0", "uv": [ 0.0, 0.0, 0.1, 0.1 ] },
                "south": { "texture": "#0", "uv": [ 0.0, 0.0, 0.1, 0.1 ] },
                "west": { "texture": "#0", "uv": [ 0.0, 0.0, 0.1, 0.1 ] },
                "up": { "texture": "#0", "uv": [ 0.0, 0.0, 0.1, 0.1 ] },
                "down": { "texture": "#0", "uv": [ 0.0, 0.0, 0.1, 0.1 ] }
            }
        },
        {
            "name": "Cube",
            "from": [ -12.999999970197678, 6.800000011920929, 6.799999997019768 ], 
            "to": [ -11.999999970197678, 8.000000014901161, 7.899999998509884 ], 
            "faces": {
                "north": { "texture": "#1", "uv": [ 0.0, 0.0, 0.1, 0.1 ] },
                "east": { "texture": "#1", "uv": [ 0.0, 0.0, 0.1, 0.1 ] },
                "south": { "texture": "#1", "uv": [ 0.0, 0.0, 0.1, 0.1 ] },
                "west": { "texture": "#1", "uv": [ 0.0, 0.0, 0.1, 0.1 ] },
                "up": { "texture": "#1", "uv": [ 0.0, 0.0, 0.1, 0.1 ] },
                "down": { "texture": "#1", "uv": [ 0.0, 0.0, 0.1, 0.1 ] }
            }
        },
        {
            "name": "Cube",
            "from": [ -12.999999970197678, 8.0, 6.899999998509884 ], 
            "to": [ -11.999999970197678, 8.699999995529652, 6.999999985098839 ], 
            "faces": {
                "north": { "texture": "#1", "uv": [ 0.0, 0.0, 0.1, 0.1 ] },
                "east": { "texture": "#1", "uv": [ 0.0, 0.0, 0.1, 0.1 ] },
                "south": { "texture": "#1", "uv": [ 0.0, 0.0, 0.1, 0.1 ] },
                "west": { "texture": "#1", "uv": [ 0.0, 0.0, 0.1, 0.1 ] },
                "up": { "texture": "#1", "uv": [ 0.0, 0.0, 0.1, 0.1 ] },
                "down": { "texture": "#1", "uv": [ 0.0, 0.0, 0.1, 0.1 ] }
            }
        },
        {
            "name": "Cube",
            "from": [ -12.999999970197678, 8.0, 7.600000008940697 ], 
            "to": [ -11.999999970197678, 8.699999995529652, 7.699999995529652 ], 
            "faces": {
                "north": { "texture": "#1", "uv": [ 0.0, 0.0, 0.1, 0.1 ] },
                "east": { "texture": "#1", "uv": [ 0.0, 0.0, 0.1, 0.1 ] },
                "south": { "texture": "#1", "uv": [ 0.0, 0.0, 0.1, 0.1 ] },
                "west": { "texture": "#1", "uv": [ 0.0, 0.0, 0.1, 0.1 ] },
                "up": { "texture": "#1", "uv": [ 0.0, 0.0, 0.1, 0.1 ] },
                "down": { "texture": "#1", "uv": [ 0.0, 0.0, 0.1, 0.1 ] }
            }
        },
        {
            "name": "Cube",
            "from": [ -12.799999967217445, 8.0, 7.300000004470348 ], 
            "to": [ -11.999999970197678, 8.399999991059303, 7.399999991059303 ], 
            "faces": {
                "north": { "texture": "#1", "uv": [ 0.0, 0.0, 0.1, 0.1 ] },
                "east": { "texture": "#1", "uv": [ 0.0, 0.0, 0.1, 0.1 ] },
                "south": { "texture": "#1", "uv": [ 0.0, 0.0, 0.1, 0.1 ] },
                "west": { "texture": "#1", "uv": [ 0.0, 0.0, 0.1, 0.1 ] },
                "up": { "texture": "#1", "uv": [ 0.0, 0.0, 0.1, 0.1 ] },
                "down": { "texture": "#1", "uv": [ 0.0, 0.0, 0.1, 0.1 ] }
            }
        }
    ]
}