{
    "__comment": "Model generated using MrCrayfish's Model Creator (http://mrcrayfish.com/modelcreator/)",
    "textures": {
        "0": "blocks/colours/dullgray",
        "1": "blocks/wool_colored_black",
        "2": "blocks/colours/dullblack",
        "3": "blocks/anvil_base"
    },
    "elements": [
        {
            "name": "Element",
            "from": [ 11.6, 11.16, 7.88 ], 
            "to": [ 12.56, 12.72, 9.44 ], 
            "faces": {
                "north": { "texture": "#0", "uv": [ 14.6875, 4.3125, 13.625, 6.4375 ] },
                "east": { "texture": "#0", "uv": [ 0.0, 0.0, 1.0, 0.75 ] },
                "south": { "texture": "#0", "uv": [ 13.625, 4.3125, 14.6875, 6.4375 ] },
                "west": { "texture": "#0", "uv": [ 0.0, 1.8125, 1.0, 1.0625 ] },
                "up": { "texture": "#0", "uv": [ 0.0, 1.75, 1.0625, 2.6875 ] },
                "down": { "texture": "#0", "uv": [ 0.0, 0.0, 1.0625, 0.9375 ] }
            }
        },
        {
            "name": "Element",
            "from": [ 2.96, 9.84, 7.88 ], 
            "to": [ 11.600000000000001, 12.6, 9.44 ], 
            "faces": {
                "north": { "texture": "#0", "uv": [ 14.5625, 3.6875, 7.0625, 7.0625 ] },
                "east": { "texture": "#0", "uv": [ 0.0, 2.0, 1.0, 1.25 ] },
                "south": { "texture": "#0", "uv": [ 7.0625, 3.6875, 14.5625, 7.0625 ] },
                "west": { "texture": "#0", "uv": [ 0.1875, 2.125, 1.1875, 2.875 ] },
                "up": { "texture": "#0", "uv": [ 7.0625, 3.3125, 14.5625, 3.6875 ] },
                "down": { "texture": "#0", "uv": [ 0.0, 1.375, 1.125, 2.375 ], "rotation": 90 }
            }
        },
        {
            "name": "Element",
            "from": [ 3.56, 5.2368, 8.0 ], 
            "to": [ 6.44, 9.0, 9.2936 ], 
            "rotation": { "origin": [ 3.56, 9.0, 8.0 ], "axis": "z", "angle": -22.5 },
            "faces": {
                "north": { "texture": "#1", "uv": [ 0.0, 0.0, 0.1, 0.1 ] },
                "east": { "texture": "#1", "uv": [ 0.0, 0.0, 0.1, 0.1 ] },
                "south": { "texture": "#1", "uv": [ 0.0, 0.0, 0.1, 0.1 ] },
                "west": { "texture": "#1", "uv": [ 0.0, 0.0, 0.1, 0.1 ] },
                "up": { "texture": "#1", "uv": [ 0.0, 1.8125, 1.375, 2.875 ] },
                "down": { "texture": "#1", "uv": [ 0.0, 0.0, 0.75, 1.0 ] }
            }
        },
        {
            "name": "Element",
            "from": [ -6.64, 10.640000002980232, 8.24 ], 
            "to": [ 2.6000000000000005, 12.759999997019769, 9.08 ], 
            "faces": {
                "north": { "texture": "#2", "uv": [ 5.5625, 0.0, 0.0, 0.5 ] },
                "east": { "texture": "#2", "uv": [ 0.0, 0.0625, 0.625, 0.6875 ] },
                "south": { "texture": "#2", "uv": [ 0.0, 0.0, 5.5625, 0.5 ] },
                "west": { "texture": "#2", "uv": [ 0.0, 0.0, 0.625, 0.625 ] },
                "up": { "texture": "#2", "uv": [ 0.0, 0.0, 5.5, 0.8125 ] },
                "down": { "texture": "#2", "uv": [ 0.0, 0.0, 5.5, 0.8125 ] }
            }
        },
        {
            "name": "Element",
            "from": [ 13.600000005960464, 9.6, 8.580000001490117 ], 
            "to": [ 24.480000005960463, 10.8, 9.060000001490117 ], 
            "rotation": { "origin": [ 18.2, 10.8, 8.48 ], "axis": "z", "angle": -22.5 },
            "faces": {
                "north": { "texture": "#2", "uv": [ 9.9375, 10.5, 5.5625, 11.375 ] },
                "east": { "texture": "#2", "uv": [ 0.0, 0.4375, 0.75, 1.3125 ] },
                "south": { "texture": "#2", "uv": [ 5.5625, 10.5, 9.9375, 11.375 ] },
                "west": { "texture": "#2", "uv": [ 0.0, 0.4375, 0.75, 1.3125 ] },
                "up": { "texture": "#2", "uv": [ 0.0, 0.0, 0.5, 0.75 ] },
                "down": { "texture": "#2", "uv": [ 0.0, 0.0, 0.5, 0.75 ] }
            }
        },
        {
            "name": "Element",
            "from": [ 23.1776, 7.266389997019767, 8.0 ], 
            "to": [ 24.1568, 13.019199997019768, 9.4688 ], 
            "faces": {
                "north": { "texture": "#2", "uv": [ 0.0, 0.0, 0.5, 0.875 ] },
                "east": { "texture": "#2", "uv": [ 0.0, 0.0, 0.75, 0.875 ] },
                "south": { "texture": "#2", "uv": [ 0.0, 0.0, 0.5, 0.875 ] },
                "west": { "texture": "#2", "uv": [ 0.0, 0.0, 0.75, 0.875 ] },
                "up": { "texture": "#2", "uv": [ 0.0, 0.0, 0.5, 0.75 ] },
                "down": { "texture": "#2", "uv": [ 0.0, 0.0, 0.5, 0.75 ] }
            }
        },
        {
            "name": "Element",
            "from": [ 20.6, 8.76, 8.4992 ], 
            "to": [ 23.6, 10.620000004470349, 8.9408 ], 
            "faces": {
                "north": { "texture": "#2", "uv": [ 13.1875, 9.6875, 10.0625, 11.375 ] },
                "east": { "texture": "#2", "uv": [ 10.125, 9.625, 13.4375, 11.375 ] },
                "south": { "texture": "#2", "uv": [ 10.0625, 9.6875, 13.1875, 11.375 ] },
                "west": { "texture": "#2", "uv": [ 13.0625, 11.0625, 13.8125, 11.9375 ] },
                "up": { "texture": "#2", "uv": [ 13.5, 10.5, 14.0, 11.25 ] },
                "down": { "texture": "#2", "uv": [ 13.5, 10.5, 14.0, 11.25 ] }
            }
        },
        {
            "name": "Element",
            "from": [ 17.72, 9.72, 8.4992 ], 
            "to": [ 20.6, 11.04, 8.9408 ], 
            "faces": {
                "north": { "texture": "#2", "uv": [ 11.1875, 0.5, 11.5625, 1.0625 ], "rotation": 90 },
                "east": { "texture": "#2", "uv": [ 1.5625, 0.5, 1.875, 1.3125 ] },
                "south": { "texture": "#2", "uv": [ 11.5625, 0.5, 11.1875, 1.0625 ], "rotation": 270 },
                "west": { "texture": "#2", "uv": [ 0.0, 0.0, 0.3125, 0.8125 ] },
                "up": { "texture": "#2", "uv": [ 1.375, 0.5, 1.875, 1.25 ] },
                "down": { "texture": "#2", "uv": [ 1.375, 0.5, 1.875, 1.25 ] }
            }
        },
        {
            "name": "Element",
            "from": [ 12.559999991059303, 11.439999997019768, 8.100000001490116 ], 
            "to": [ 23.42000000447035, 12.259999989569188, 9.340000013411045 ], 
            "faces": {
                "north": { "texture": "#2", "uv": [ 11.0625, 11.6875, 0.0625, 13.8125 ] },
                "east": { "texture": "#2", "uv": [ 1.5, 0.5625, 1.875, 1.4375 ] },
                "south": { "texture": "#2", "uv": [ 0.0625, 11.6875, 11.0625, 13.8125 ] },
                "west": { "texture": "#2", "uv": [ 0.0, 0.0, 0.75, 0.875 ] },
                "up": { "texture": "#2", "uv": [ 0.0, 11.75, 11.0625, 11.8125 ] },
                "down": { "texture": "#2", "uv": [ 13.5, 10.5, 14.0, 11.25 ] }
            }
        },
        {
            "name": "Element",
            "from": [ 11.6456, 10.3488, 7.8824 ], 
            "to": [ 12.704, 11.8776, 9.4112 ], 
            "rotation": { "origin": [ 11.6456, 11.8776, 7.8824 ], "axis": "z", "angle": -45.0 },
            "faces": {
                "north": { "texture": "#0", "uv": [ 0.0, 0.0, 0.875, 0.6875 ] },
                "east": { "texture": "#0", "uv": [ 0.0, 0.0, 1.0, 0.75 ] },
                "south": { "texture": "#0", "uv": [ 0.0, 0.0, 0.875, 0.6875 ] },
                "west": { "texture": "#0", "uv": [ 0.0, 0.0, 1.0, 0.75 ] },
                "up": { "texture": "#0", "uv": [ 0.0, 0.0, 1.0, 1.0 ] },
                "down": { "texture": "#0", "uv": [ 0.0, 0.0, 1.0, 1.0 ] }
            }
        },
        {
            "name": "Element",
            "from": [ 3.08, 7.8, 8.0 ], 
            "to": [ 6.2, 8.88, 9.32 ], 
            "faces": {
                "north": { "texture": "#1", "uv": [ 0.0, 0.0, 0.1, 0.1 ] },
                "east": { "texture": "#1", "uv": [ 0.0, 0.0, 0.1, 0.1 ] },
                "south": { "texture": "#1", "uv": [ 0.0, 0.0, 0.1, 0.1 ] },
                "west": { "texture": "#1", "uv": [ 0.0, 0.0, 0.1, 0.1 ] },
                "up": { "texture": "#1", "uv": [ 0.0, 1.6875, 1.5625, 2.875 ] },
                "down": { "texture": "#1", "uv": [ 0.0, 0.0, 0.1, 0.1 ] }
            }
        },
        {
            "name": "Element",
            "from": [ 2.96, 8.64, 7.88 ], 
            "to": [ 6.32, 9.84, 9.44 ], 
            "faces": {
                "north": { "texture": "#0", "uv": [ 0.0625, 1.875, 1.375, 2.625 ] },
                "east": { "texture": "#0", "uv": [ 0.0, 2.0, 1.0, 2.75 ] },
                "south": { "texture": "#0", "uv": [ 0.0625, 1.875, 1.375, 2.625 ] },
                "west": { "texture": "#0", "uv": [ 0.0, 2.0, 1.0, 2.75 ] },
                "down": { "texture": "#0", "uv": [ 0.0, 1.6875, 1.5625, 2.6875 ] }
            }
        },
        {
            "name": "Element",
            "from": [ -8.32, 12.36, 8.48 ], 
            "to": [ -7.0, 12.6, 8.96 ], 
            "faces": {
                "north": { "texture": "#0", "uv": [ 0.0, 1.8125, 0.6875, 2.75 ] },
                "east": { "texture": "#0", "uv": [ 0.0, 2.25, 0.375, 2.625 ] },
                "south": { "texture": "#0", "uv": [ 0.0, 1.8125, 0.6875, 2.75 ] },
                "west": { "texture": "#0", "uv": [ 0.0, 2.25, 0.375, 2.625 ] },
                "up": { "texture": "#0", "uv": [ 0.0, 1.8125, 1.3125, 2.9375 ] },
                "down": { "texture": "#0", "uv": [ 0.0, 1.8125, 1.3125, 2.9375 ] }
            }
        },
        {
            "name": "Element",
            "from": [ -6.64, 11.28, 7.600000002980233 ], 
            "to": [ 2.6000000000000005, 12.12, 9.719999997019768 ], 
            "faces": {
                "north": { "texture": "#2", "uv": [ 5.6875, 0.0, 0.0, 0.5625 ] },
                "east": { "texture": "#2", "uv": [ 0.0, 0.0, 0.625, 0.625 ] },
                "south": { "texture": "#2", "uv": [ 0.0, 0.0, 5.6875, 0.5625 ] },
                "west": { "texture": "#2", "uv": [ 0.0, 0.0, 0.625, 0.625 ] },
                "up": { "texture": "#2", "uv": [ 0.0, 0.0, 5.5625, 0.5 ] },
                "down": { "texture": "#2", "uv": [ 0.0, 0.0, 5.5625, 0.5 ] }
            }
        },
        {
            "name": "Element",
            "from": [ -0.16, 11.16, 8.24 ], 
            "to": [ 9.68, 12.24, 9.2 ], 
            "faces": {
                "north": { "texture": "#1", "uv": [ 0.0, 0.0, 1.125, 1.0625 ] },
                "east": { "texture": "#1", "uv": [ 0.0, 0.5, 0.5, 1.0625 ] },
                "south": { "texture": "#1", "uv": [ 0.0, 0.0, 1.125, 1.0625 ] },
                "west": { "texture": "#1", "uv": [ 0.0, 0.0, 0.5, 0.5625 ] },
                "up": { "texture": "#1", "uv": [ 0.0, 0.0625, 1.1875, 1.125 ] },
                "down": { "texture": "#1", "uv": [ 0.0, 0.0625, 1.1875, 1.125 ] }
            }
        },
        {
            "name": "Element",
            "from": [ 9.08, 4.92, 8.0 ], 
            "to": [ 11.24, 10.32, 9.32 ], 
            "rotation": { "origin": [ 9.08, 10.32, 8.0 ], "axis": "z", "angle": 22.5 },
            "faces": {
                "north": { "texture": "#2", "uv": [ 0.0, 0.0, 0.75, 1.25 ] },
                "east": { "texture": "#2", "uv": [ 0.0, 0.0, 1.0, 0.75 ] },
                "south": { "texture": "#2", "uv": [ 0.0, 0.0, 0.75, 1.25 ] },
                "west": { "texture": "#2", "uv": [ 0.0, 0.0, 1.0, 0.75 ] },
                "up": { "texture": "#2", "uv": [ 0.0, 0.0, 1.125, 0.875 ] },
                "down": { "texture": "#2", "uv": [ 0.0, 0.0, 1.125, 0.875 ] }
            }
        },
        {
            "name": "Element",
            "from": [ 9.32, 8.52, 8.24 ], 
            "to": [ 10.04, 8.88, 9.08 ], 
            "rotation": { "origin": [ 9.32, 8.88, 8.24 ], "axis": "z", "angle": 45.0 },
            "faces": {
                "north": { "texture": "#2", "uv": [ 0.0, 0.0, 0.75, 1.25 ] },
                "east": { "texture": "#2", "uv": [ 0.0, 0.0, 1.0, 0.75 ] },
                "south": { "texture": "#2", "uv": [ 0.0, 0.0, 0.75, 1.25 ] },
                "west": { "texture": "#2", "uv": [ 0.0, 0.0, 1.0, 0.75 ] },
                "up": { "texture": "#2", "uv": [ 0.0, 0.0, 1.125, 0.875 ] },
                "down": { "texture": "#2", "uv": [ 0.0, 0.0, 1.125, 0.875 ] }
            }
        },
        {
            "name": "Element",
            "from": [ 5.84, 8.64, 8.36 ], 
            "to": [ 10.28, 8.88, 8.96 ], 
            "faces": {
                "north": { "texture": "#2", "uv": [ 0.0, 0.0, 0.75, 1.25 ] },
                "east": { "texture": "#2", "uv": [ 0.0, 0.0, 1.0, 0.75 ] },
                "south": { "texture": "#2", "uv": [ 0.0, 0.0, 0.75, 1.25 ] },
                "west": { "texture": "#2", "uv": [ 0.0, 0.0, 1.0, 0.75 ] },
                "up": { "texture": "#2", "uv": [ 0.0, 0.0, 1.125, 0.875 ] },
                "down": { "texture": "#2", "uv": [ 0.0, 0.0, 1.125, 0.875 ] }
            }
        },
        {
            "name": "Element",
            "from": [ 6.08, 9.0, 8.24 ], 
            "to": [ 6.8, 9.36, 9.08 ], 
            "rotation": { "origin": [ 6.08, 9.36, 8.24 ], "axis": "z", "angle": -45.0 },
            "faces": {
                "north": { "texture": "#2", "uv": [ 0.0, 0.0, 0.75, 1.25 ] },
                "east": { "texture": "#2", "uv": [ 0.0, 0.0, 1.0, 0.75 ] },
                "south": { "texture": "#2", "uv": [ 0.0, 0.0, 0.75, 1.25 ] },
                "west": { "texture": "#2", "uv": [ 0.0, 0.0, 1.0, 0.75 ] },
                "up": { "texture": "#2", "uv": [ 0.0, 0.0, 1.125, 0.875 ] },
                "down": { "texture": "#2", "uv": [ 0.0, 0.0, 1.125, 0.875 ] }
            }
        },
        {
            "name": "Element",
            "from": [ 9.2, 9.84, 8.24 ], 
            "to": [ 9.92, 10.2, 9.08 ], 
            "rotation": { "origin": [ 9.2, 10.2, 8.24 ], "axis": "z", "angle": -45.0 },
            "faces": {
                "north": { "texture": "#2", "uv": [ 10.5625, 6.4375, 12.4375, 7.1875 ] },
                "east": { "texture": "#2", "uv": [ 11.1875, 8.0625, 12.1875, 8.8125 ] },
                "south": { "texture": "#2", "uv": [ 10.5625, 6.4375, 12.4375, 7.1875 ] },
                "west": { "texture": "#2", "uv": [ 11.1875, 8.0625, 12.1875, 8.8125 ] },
                "up": { "texture": "#2", "uv": [ 11.6875, 7.75, 13.5625, 8.75 ] },
                "down": { "texture": "#2", "uv": [ 11.6875, 7.75, 13.5625, 8.75 ] }
            }
        },
        {
            "name": "Element",
            "from": [ 5.96, 9.24, 8.24 ], 
            "to": [ 6.68, 9.6, 9.08 ], 
            "rotation": { "origin": [ 5.96, 9.6, 8.24 ], "axis": "z", "angle": 45.0 },
            "faces": {
                "north": { "texture": "#2", "uv": [ 0.0, 0.0, 0.75, 1.25 ] },
                "east": { "texture": "#2", "uv": [ 0.0, 0.0, 1.0, 0.75 ] },
                "south": { "texture": "#2", "uv": [ 0.0, 0.0, 0.75, 1.25 ] },
                "west": { "texture": "#2", "uv": [ 0.0, 0.0, 1.0, 0.75 ] },
                "up": { "texture": "#2", "uv": [ 0.0, 0.0, 1.125, 0.875 ] },
                "down": { "texture": "#2", "uv": [ 0.0, 0.0, 1.125, 0.875 ] }
            }
        },
        {
            "name": "Element",
            "from": [ 16.64, 10.56, 7.999999985098839 ], 
            "to": [ 23.24, 11.619999992549419, 9.339999983608722 ], 
            "faces": {
                "north": { "texture": "#2", "uv": [ 11.75, 13.0, 0.6875, 15.5 ] },
                "east": { "texture": "#2", "uv": [ 13.0625, 11.0625, 13.8125, 11.9375 ] },
                "south": { "texture": "#2", "uv": [ 0.6875, 13.0, 11.75, 15.5 ] },
                "west": { "texture": "#2", "uv": [ 0.0, 0.0, 0.75, 0.875 ] },
                "up": { "texture": "#2", "uv": [ 13.5, 10.5, 14.0, 11.25 ] },
                "down": { "texture": "#2", "uv": [ 0.0, 0.0, 0.5, 0.75 ] }
            }
        },
        {
            "name": "Element",
            "from": [ 17.6, 10.2, 8.4608 ], 
            "to": [ 18.92, 11.4, 8.864 ], 
            "rotation": { "origin": [ 17.6, 11.4, 8.4608 ], "axis": "z", "angle": -45.0 },
            "faces": {
                "north": { "texture": "#2", "uv": [ 0.0, 0.0, 0.5, 0.875 ] },
                "east": { "texture": "#2", "uv": [ 0.0, 0.0, 0.75, 0.875 ] },
                "south": { "texture": "#2", "uv": [ 0.0, 0.0, 0.5, 0.875 ] },
                "west": { "texture": "#2", "uv": [ 0.0, 0.0, 0.75, 0.875 ] },
                "up": { "texture": "#2", "uv": [ 0.0, 0.0, 0.5, 0.75 ] },
                "down": { "texture": "#2", "uv": [ 0.0, 0.0, 0.5, 0.75 ] }
            }
        },
        {
            "name": "Element",
            "from": [ -13.499999989569186, 11.4, 8.36 ], 
            "to": [ -3.299999989569187, 12.12, 9.08 ], 
            "faces": {
                "north": { "texture": "#3", "uv": [ 0.0, 0.0, 0.1, 0.1 ] },
                "east": { "texture": "#3", "uv": [ 0.0, 0.0, 0.1, 9.1875 ] },
                "south": { "texture": "#3", "uv": [ 0.0, 0.0, 0.1, 0.1 ] },
                "west": { "texture": "#3", "uv": [ 3.0625, 10.375, 3.4375, 10.75 ] },
                "up": { "texture": "#3", "uv": [ 0.0, 0.0, 0.1, 0.1 ], "rotation": 180 },
                "down": { "texture": "#3", "uv": [ 0.0, 2.875, 6.5, 2.9375 ] }
            }
        },
        {
            "name": "Element",
            "from": [ -14.579999998509884, 11.28, 8.24 ], 
            "to": [ -12.179999998509883, 12.24, 9.2 ], 
            "faces": {
                "north": { "texture": "#0", "uv": [ 0.0, 0.0, 0.1, 0.1 ] },
                "east": { "texture": "#0", "uv": [ 0.0, 0.0, 0.1, 0.1 ] },
                "south": { "texture": "#0", "uv": [ 0.0, 0.0, 0.1, 0.1 ] },
                "west": { "texture": "#0", "uv": [ 0.0, 0.0, 0.1, 0.1 ] },
                "up": { "texture": "#0", "uv": [ 0.0, 0.0, 0.1, 0.1 ] },
                "down": { "texture": "#0", "uv": [ 0.0, 0.0, 0.1, 0.1 ] }
            }
        },
        {
            "name": "Element",
            "from": [ -7.12, 11.88, 8.48 ], 
            "to": [ -6.88, 12.6, 8.96 ], 
            "faces": {
                "north": { "texture": "#0", "uv": [ 2.1875, 2.125, 1.875, 3.4375 ] },
                "east": { "texture": "#0", "uv": [ 0.0, 2.375, 1.125, 0.5 ] },
                "south": { "texture": "#0", "uv": [ 1.875, 2.125, 2.1875, 3.4375 ] },
                "west": { "texture": "#0", "uv": [ 0.0, 2.8125, 1.125, 0.9375 ] },
                "up": { "texture": "#0", "uv": [ 0.4375, 8.375, 2.1875, 9.5 ] },
                "down": { "texture": "#0", "uv": [ 0.4375, 8.375, 2.1875, 9.5 ] }
            }
        },
        {
            "name": "Element",
            "from": [ -7.96, 13.44, 8.48 ], 
            "to": [ -6.4, 13.68, 8.96 ], 
            "rotation": { "origin": [ -7.96, 13.68, 8.48 ], "axis": "z", "angle": -45.0 },
            "faces": {
                "north": { "texture": "#0", "uv": [ 0.0, 1.875, 0.6875, 2.8125 ] },
                "east": { "texture": "#0", "uv": [ 0.0, 1.8125, 0.375, 2.1875 ] },
                "south": { "texture": "#0", "uv": [ 0.0, 1.875, 0.6875, 2.8125 ] },
                "up": { "texture": "#0", "uv": [ 0.0, 1.8125, 1.75, 2.9375 ] },
                "down": { "texture": "#0", "uv": [ 0.0, 1.8125, 1.75, 2.9375 ] }
            }
        },
        {
            "name": "Element",
            "from": [ -8.44, 11.52, 8.48 ], 
            "to": [ -8.2, 13.44, 8.96 ], 
            "faces": {
                "north": { "texture": "#0", "uv": [ 0.0625, 1.75, 0.75, 2.6875 ] },
                "east": { "texture": "#0", "uv": [ 0.375, 2.0625, 0.75, 2.4375 ] },
                "south": { "texture": "#0", "uv": [ 0.0625, 1.75, 0.75, 2.6875 ] },
                "west": { "texture": "#0", "uv": [ 0.375, 2.0625, 0.75, 2.4375 ] },
                "down": { "texture": "#0", "uv": [ 0.0, 1.75, 1.75, 2.875 ] }
            }
        },
        {
            "name": "Element",
            "from": [ -8.32, 11.28, 8.24 ], 
            "to": [ -7.84, 12.24, 9.2 ], 
            "faces": {
                "north": { "texture": "#0", "uv": [ 0.1875, 1.8125, 0.875, 2.75 ] },
                "east": { "texture": "#0", "uv": [ 0.125, 2.0, 0.5, 2.375 ] },
                "south": { "texture": "#0", "uv": [ 0.1875, 1.8125, 0.875, 2.75 ] },
                "west": { "texture": "#0", "uv": [ 0.125, 2.0, 0.5, 2.375 ] },
                "up": { "texture": "#0", "uv": [ 0.0, 1.75, 1.375, 2.875 ] },
                "down": { "texture": "#0", "uv": [ 0.0, 1.75, 1.375, 2.875 ] }
            }
        },
        {
            "name": "Element",
            "from": [ 8.96, 8.88, 8.6 ], 
            "to": [ 9.2, 10.92, 8.84 ], 
            "rotation": { "origin": [ 8.96, 10.92, 8.6 ], "axis": "z", "angle": -22.5 },
            "faces": {
                "north": { "texture": "#2", "uv": [ 1.5, 0.5625, 1.875, 1.1875 ] },
                "east": { "texture": "#2", "uv": [ 1.5625, 0.375, 1.6875, 1.375 ] },
                "south": { "texture": "#2", "uv": [ 1.5, 0.5625, 1.875, 1.1875 ] },
                "west": { "texture": "#2", "uv": [ 1.5625, 0.375, 1.6875, 1.375 ] },
                "up": { "texture": "#2", "uv": [ 1.4375, 0.125, 1.875, 1.125 ] }
            }
        },
        {
            "name": "Element",
            "from": [ 3.4999999955296524, 12.999999998509884, 8.07808 ], 
            "to": [ 12.439999991059304, 13.099999991059304, 9.398080002980231 ], 
            "faces": {
                "north": { "texture": "#2", "uv": [ 0.0, 0.6875, 0.0, 1.4375 ] },
                "east": { "texture": "#2", "uv": [ 0.0, 0.0, 1.0, 0.75 ] },
                "south": { "texture": "#2", "uv": [ 0.0, 0.6875, 0.0, 1.4375 ] },
                "west": { "texture": "#2", "uv": [ 0.0, 0.0, 0.11999999999999922, 0.19999999403953694 ] },
                "up": { "texture": "#2", "uv": [ 0.0, 0.0, 0.1875, 0.9375 ] },
                "down": { "texture": "#2", "uv": [ 0.0, 0.0, 0.1875, 0.9375 ] }
            }
        },
        {
            "name": "Element",
            "from": [ -8.44, 13.44, 8.48 ], 
            "to": [ -7.96, 13.68, 8.96 ], 
            "faces": {
                "north": { "texture": "#0", "uv": [ 0.0, 1.875, 0.6875, 2.8125 ] },
                "south": { "texture": "#0", "uv": [ 0.0, 1.875, 0.6875, 2.8125 ] },
                "west": { "texture": "#0", "uv": [ 0.0, 1.9375, 0.375, 2.3125 ] },
                "up": { "texture": "#0", "uv": [ 0.0, 1.9375, 1.25, 3.0 ] },
                "down": { "texture": "#0", "uv": [ 0.0, 1.9375, 1.25, 3.0 ] }
            }
        },
        {
            "name": "Element",
            "from": [ 3.4399999999999995, 12.400000005960464, 9.378080004470348 ], 
            "to": [ 12.479999997019767, 13.140000001490115, 9.498080004470348 ], 
            "faces": {
                "north": { "texture": "#2", "uv": [ 0.5, 3.9375, 1.0625, 7.1875 ] },
                "east": { "texture": "#2", "uv": [ 0.0, 0.0, 1.0, 0.75 ] },
                "south": { "texture": "#2", "uv": [ 0.5, 3.9375, 1.0625, 7.1875 ] },
                "west": { "texture": "#2", "uv": [ 0.0, 0.0, 1.0, 0.75 ] },
                "up": { "texture": "#2", "uv": [ 0.0, 0.0, 0.5, 0.9375 ] },
                "down": { "texture": "#2", "uv": [ 0.0, 0.0, 0.5, 0.9375 ] }
            }
        },
        {
            "name": "Element",
            "from": [ 3.5400000014901156, 13.05999999254942, 8.240000005960464 ], 
            "to": [ 3.880000002980232, 14.140000001490115, 9.060000001490117 ], 
            "faces": {
                "north": { "texture": "#0", "uv": [ 0.0, 0.0, 0.1, 0.1 ] },
                "east": { "texture": "#0", "uv": [ 0.0, 0.0, 0.1, 0.1 ] },
                "south": { "texture": "#0", "uv": [ 0.0, 0.0, 0.1, 0.1 ] },
                "west": { "texture": "#0", "uv": [ 0.0, 0.0, 0.1, 0.1 ] },
                "up": { "texture": "#0", "uv": [ 0.0, 0.0, 0.1, 0.1 ] }
            }
        },
        {
            "name": "Element",
            "from": [ 10.279999994039535, 13.099999998509883, 8.221920001490115 ], 
            "to": [ 11.42000000745058, 14.400000008940697, 9.041919997019768 ], 
            "faces": {
                "north": { "texture": "#0", "uv": [ 0.0, 0.6875, 0.0, 1.4375 ] },
                "east": { "texture": "#0", "uv": [ 0.0, 0.0, 1.0, 0.75 ] },
                "south": { "texture": "#0", "uv": [ 0.0, 0.0, 0.1, 0.1 ] },
                "west": { "texture": "#0", "uv": [ 0.0, 0.0, 0.8199999955296526, 1.3000000104308143 ] },
                "up": { "texture": "#0", "uv": [ 0.0, 0.0, 0.1875, 0.9375 ] },
                "down": { "texture": "#0", "uv": [ 0.0, 0.0, 0.1875, 0.9375 ] }
            }
        },
        {
            "name": "Element",
            "from": [ 12.32, 12.96, 8.288 ], 
            "to": [ 12.44, 13.08, 9.056 ], 
            "faces": {
                "north": { "texture": "#2", "uv": [ 1.5625, 0.6875, 1.75, 1.3125 ] },
                "east": { "texture": "#2", "uv": [ 1.625, 0.5, 1.8125, 1.375 ] },
                "south": { "texture": "#2", "uv": [ 1.5625, 0.6875, 1.75, 1.3125 ] },
                "west": { "texture": "#2", "uv": [ 1.625, 0.5, 1.8125, 1.375 ] },
                "up": { "texture": "#2", "uv": [ 1.4375, 0.25, 1.6875, 1.25 ] }
            }
        },
        {
            "name": "Element",
            "from": [ 11.96, 12.96, 8.288 ], 
            "to": [ 12.08, 13.08, 9.056 ], 
            "faces": {
                "north": { "texture": "#2", "uv": [ 1.5625, 0.6875, 1.75, 1.3125 ] },
                "east": { "texture": "#2", "uv": [ 1.625, 0.5, 1.8125, 1.375 ] },
                "south": { "texture": "#2", "uv": [ 1.5625, 0.6875, 1.75, 1.3125 ] },
                "west": { "texture": "#2", "uv": [ 1.625, 0.5, 1.8125, 1.375 ] },
                "up": { "texture": "#2", "uv": [ 1.4375, 0.25, 1.6875, 1.25 ] }
            }
        },
        {
            "name": "Element",
            "from": [ 11.6, 12.96, 8.288 ], 
            "to": [ 11.72, 13.08, 9.056 ], 
            "faces": {
                "north": { "texture": "#2", "uv": [ 1.5625, 0.6875, 1.75, 1.3125 ] },
                "east": { "texture": "#2", "uv": [ 1.625, 0.5, 1.8125, 1.375 ] },
                "south": { "texture": "#2", "uv": [ 1.5625, 0.6875, 1.75, 1.3125 ] },
                "west": { "texture": "#2", "uv": [ 1.625, 0.5, 1.8125, 1.375 ] },
                "up": { "texture": "#2", "uv": [ 1.4375, 0.25, 1.6875, 1.25 ] }
            }
        },
        {
            "name": "Element",
            "from": [ 9.8, 12.96, 8.288 ], 
            "to": [ 9.92, 13.08, 9.056 ], 
            "faces": {
                "north": { "texture": "#2", "uv": [ 1.5625, 0.6875, 1.75, 1.3125 ] },
                "east": { "texture": "#2", "uv": [ 1.625, 0.5, 1.8125, 1.375 ] },
                "south": { "texture": "#2", "uv": [ 1.5625, 0.6875, 1.75, 1.3125 ] },
                "west": { "texture": "#2", "uv": [ 1.625, 0.5, 1.8125, 1.375 ] },
                "up": { "texture": "#2", "uv": [ 1.4375, 0.25, 1.6875, 1.25 ] }
            }
        },
        {
            "name": "Element",
            "from": [ 9.2, 12.96, 8.288 ], 
            "to": [ 9.32, 13.08, 9.056 ], 
            "faces": {
                "north": { "texture": "#2", "uv": [ 1.5625, 0.6875, 1.75, 1.3125 ] },
                "east": { "texture": "#2", "uv": [ 1.625, 0.5, 1.8125, 1.375 ] },
                "south": { "texture": "#2", "uv": [ 1.5625, 0.6875, 1.75, 1.3125 ] },
                "west": { "texture": "#2", "uv": [ 1.625, 0.5, 1.8125, 1.375 ] },
                "up": { "texture": "#2", "uv": [ 1.4375, 0.25, 1.6875, 1.25 ] }
            }
        },
        {
            "name": "Element",
            "from": [ 11.24, 12.96, 8.288 ], 
            "to": [ 11.36, 13.08, 9.056 ], 
            "faces": {
                "north": { "texture": "#2", "uv": [ 1.5625, 0.6875, 1.75, 1.3125 ] },
                "east": { "texture": "#2", "uv": [ 1.625, 0.5, 1.8125, 1.375 ] },
                "south": { "texture": "#2", "uv": [ 1.5625, 0.6875, 1.75, 1.3125 ] },
                "west": { "texture": "#2", "uv": [ 1.625, 0.5, 1.8125, 1.375 ] },
                "up": { "texture": "#2", "uv": [ 1.4375, 0.25, 1.6875, 1.25 ] }
            }
        },
        {
            "name": "Element",
            "from": [ 10.88, 12.96, 8.288 ], 
            "to": [ 11.0, 13.08, 9.056 ], 
            "faces": {
                "north": { "texture": "#2", "uv": [ 1.5625, 0.6875, 1.75, 1.3125 ] },
                "east": { "texture": "#2", "uv": [ 1.625, 0.5, 1.8125, 1.375 ] },
                "south": { "texture": "#2", "uv": [ 1.5625, 0.6875, 1.75, 1.3125 ] },
                "west": { "texture": "#2", "uv": [ 1.625, 0.5, 1.8125, 1.375 ] },
                "up": { "texture": "#2", "uv": [ 1.4375, 0.25, 1.6875, 1.25 ] }
            }
        },
        {
            "name": "Element",
            "from": [ 8.84, 12.96, 8.288 ], 
            "to": [ 8.96, 13.08, 9.056 ], 
            "faces": {
                "north": { "texture": "#2", "uv": [ 1.5625, 0.6875, 1.75, 1.3125 ] },
                "east": { "texture": "#2", "uv": [ 1.625, 0.5, 1.8125, 1.375 ] },
                "south": { "texture": "#2", "uv": [ 1.5625, 0.6875, 1.75, 1.3125 ] },
                "west": { "texture": "#2", "uv": [ 1.625, 0.5, 1.8125, 1.375 ] },
                "up": { "texture": "#2", "uv": [ 1.4375, 0.25, 1.6875, 1.25 ] }
            }
        },
        {
            "name": "Element",
            "from": [ 10.52, 12.96, 8.288 ], 
            "to": [ 10.64, 13.08, 9.056 ], 
            "faces": {
                "north": { "texture": "#2", "uv": [ 1.5625, 0.6875, 1.75, 1.3125 ] },
                "east": { "texture": "#2", "uv": [ 1.625, 0.5, 1.8125, 1.375 ] },
                "south": { "texture": "#2", "uv": [ 1.5625, 0.6875, 1.75, 1.3125 ] },
                "west": { "texture": "#2", "uv": [ 1.625, 0.5, 1.8125, 1.375 ] },
                "up": { "texture": "#2", "uv": [ 1.4375, 0.25, 1.6875, 1.25 ] }
            }
        },
        {
            "name": "Element",
            "from": [ 10.16, 12.96, 8.288 ], 
            "to": [ 10.28, 13.08, 9.056 ], 
            "faces": {
                "north": { "texture": "#2", "uv": [ 1.5625, 0.6875, 1.75, 1.3125 ] },
                "east": { "texture": "#2", "uv": [ 1.625, 0.5, 1.8125, 1.375 ] },
                "south": { "texture": "#2", "uv": [ 1.5625, 0.6875, 1.75, 1.3125 ] },
                "west": { "texture": "#2", "uv": [ 1.625, 0.5, 1.8125, 1.375 ] },
                "up": { "texture": "#2", "uv": [ 1.4375, 0.25, 1.6875, 1.25 ] }
            }
        },
        {
            "name": "Element",
            "from": [ 8.48, 12.96, 8.288 ], 
            "to": [ 8.6, 13.08, 9.056 ], 
            "faces": {
                "north": { "texture": "#2", "uv": [ 1.5625, 0.6875, 1.75, 1.3125 ] },
                "east": { "texture": "#2", "uv": [ 1.625, 0.5, 1.8125, 1.375 ] },
                "south": { "texture": "#2", "uv": [ 1.5625, 0.6875, 1.75, 1.3125 ] },
                "west": { "texture": "#2", "uv": [ 1.625, 0.5, 1.8125, 1.375 ] },
                "up": { "texture": "#2", "uv": [ 1.4375, 0.25, 1.6875, 1.25 ] }
            }
        },
        {
            "name": "Element",
            "from": [ 8.12, 12.96, 8.288 ], 
            "to": [ 8.24, 13.08, 9.056 ], 
            "faces": {
                "north": { "texture": "#2", "uv": [ 1.5625, 0.6875, 1.75, 1.3125 ] },
                "east": { "texture": "#2", "uv": [ 1.625, 0.5, 1.8125, 1.375 ] },
                "south": { "texture": "#2", "uv": [ 1.5625, 0.6875, 1.75, 1.3125 ] },
                "west": { "texture": "#2", "uv": [ 1.625, 0.5, 1.8125, 1.375 ] },
                "up": { "texture": "#2", "uv": [ 1.4375, 0.25, 1.6875, 1.25 ] }
            }
        },
        {
            "name": "Element",
            "from": [ 7.76, 12.96, 8.288 ], 
            "to": [ 7.88, 13.08, 9.056 ], 
            "faces": {
                "north": { "texture": "#2", "uv": [ 1.5625, 0.6875, 1.75, 1.3125 ] },
                "east": { "texture": "#2", "uv": [ 1.625, 0.5, 1.8125, 1.375 ] },
                "south": { "texture": "#2", "uv": [ 1.5625, 0.6875, 1.75, 1.3125 ] },
                "west": { "texture": "#2", "uv": [ 1.625, 0.5, 1.8125, 1.375 ] },
                "up": { "texture": "#2", "uv": [ 1.4375, 0.25, 1.6875, 1.25 ] }
            }
        },
        {
            "name": "Element",
            "from": [ 7.4, 12.96, 8.288 ], 
            "to": [ 7.52, 13.08, 9.056 ], 
            "faces": {
                "north": { "texture": "#2", "uv": [ 1.5625, 0.6875, 1.75, 1.3125 ] },
                "east": { "texture": "#2", "uv": [ 1.625, 0.5, 1.8125, 1.375 ] },
                "south": { "texture": "#2", "uv": [ 1.5625, 0.6875, 1.75, 1.3125 ] },
                "west": { "texture": "#2", "uv": [ 1.625, 0.5, 1.8125, 1.375 ] },
                "up": { "texture": "#2", "uv": [ 1.4375, 0.25, 1.6875, 1.25 ] }
            }
        },
        {
            "name": "Element",
            "from": [ 7.4, 12.96, 8.288 ], 
            "to": [ 7.52, 13.08, 9.056 ], 
            "faces": {
                "north": { "texture": "#2", "uv": [ 1.5625, 0.6875, 1.75, 1.3125 ] },
                "east": { "texture": "#2", "uv": [ 1.625, 0.5, 1.8125, 1.375 ] },
                "south": { "texture": "#2", "uv": [ 1.5625, 0.6875, 1.75, 1.3125 ] },
                "west": { "texture": "#2", "uv": [ 1.625, 0.5, 1.8125, 1.375 ] },
                "up": { "texture": "#2", "uv": [ 1.4375, 0.25, 1.6875, 1.25 ] }
            }
        },
        {
            "name": "Element",
            "from": [ 7.04, 12.96, 8.288 ], 
            "to": [ 7.16, 13.08, 9.056 ], 
            "faces": {
                "north": { "texture": "#2", "uv": [ 1.5625, 0.6875, 1.75, 1.3125 ] },
                "east": { "texture": "#2", "uv": [ 1.625, 0.5, 1.8125, 1.375 ] },
                "south": { "texture": "#2", "uv": [ 1.5625, 0.6875, 1.75, 1.3125 ] },
                "west": { "texture": "#2", "uv": [ 1.625, 0.5, 1.8125, 1.375 ] },
                "up": { "texture": "#2", "uv": [ 1.4375, 0.25, 1.6875, 1.25 ] }
            }
        },
        {
            "name": "Element",
            "from": [ 6.68, 12.96, 8.288 ], 
            "to": [ 6.8, 13.08, 9.056 ], 
            "faces": {
                "north": { "texture": "#2", "uv": [ 1.5625, 0.6875, 1.75, 1.3125 ] },
                "east": { "texture": "#2", "uv": [ 1.625, 0.5, 1.8125, 1.375 ] },
                "south": { "texture": "#2", "uv": [ 1.5625, 0.6875, 1.75, 1.3125 ] },
                "west": { "texture": "#2", "uv": [ 1.625, 0.5, 1.8125, 1.375 ] },
                "up": { "texture": "#2", "uv": [ 1.4375, 0.25, 1.6875, 1.25 ] }
            }
        },
        {
            "name": "Element",
            "from": [ 6.32, 12.96, 8.288 ], 
            "to": [ 6.44, 13.08, 9.056 ], 
            "faces": {
                "north": { "texture": "#2", "uv": [ 1.5625, 0.6875, 1.75, 1.3125 ] },
                "east": { "texture": "#2", "uv": [ 1.625, 0.5, 1.8125, 1.375 ] },
                "south": { "texture": "#2", "uv": [ 1.5625, 0.6875, 1.75, 1.3125 ] },
                "west": { "texture": "#2", "uv": [ 1.625, 0.5, 1.8125, 1.375 ] },
                "up": { "texture": "#2", "uv": [ 1.4375, 0.25, 1.6875, 1.25 ] }
            }
        },
        {
            "name": "Element",
            "from": [ 5.96, 12.96, 8.288 ], 
            "to": [ 6.08, 13.08, 9.056 ], 
            "faces": {
                "north": { "texture": "#2", "uv": [ 1.5625, 0.6875, 1.75, 1.3125 ] },
                "east": { "texture": "#2", "uv": [ 1.625, 0.5, 1.8125, 1.375 ] },
                "south": { "texture": "#2", "uv": [ 1.5625, 0.6875, 1.75, 1.3125 ] },
                "west": { "texture": "#2", "uv": [ 1.625, 0.5, 1.8125, 1.375 ] },
                "up": { "texture": "#2", "uv": [ 1.4375, 0.25, 1.6875, 1.25 ] }
            }
        },
        {
            "name": "Element",
            "from": [ 5.6, 12.96, 8.288 ], 
            "to": [ 5.72, 13.08, 9.056 ], 
            "faces": {
                "north": { "texture": "#2", "uv": [ 1.5625, 0.6875, 1.75, 1.3125 ] },
                "east": { "texture": "#2", "uv": [ 1.625, 0.5, 1.8125, 1.375 ] },
                "south": { "texture": "#2", "uv": [ 1.5625, 0.6875, 1.75, 1.3125 ] },
                "west": { "texture": "#2", "uv": [ 1.625, 0.5, 1.8125, 1.375 ] },
                "up": { "texture": "#2", "uv": [ 1.4375, 0.25, 1.6875, 1.25 ] }
            }
        },
        {
            "name": "Element",
            "from": [ 5.24, 12.96, 8.288 ], 
            "to": [ 5.36, 13.08, 9.056 ], 
            "faces": {
                "north": { "texture": "#2", "uv": [ 1.5625, 0.6875, 1.75, 1.3125 ] },
                "east": { "texture": "#2", "uv": [ 1.625, 0.5, 1.8125, 1.375 ] },
                "south": { "texture": "#2", "uv": [ 1.5625, 0.6875, 1.75, 1.3125 ] },
                "west": { "texture": "#2", "uv": [ 1.625, 0.5, 1.8125, 1.375 ] },
                "up": { "texture": "#2", "uv": [ 1.4375, 0.25, 1.6875, 1.25 ] }
            }
        },
        {
            "name": "Element",
            "from": [ 4.88, 12.96, 8.288 ], 
            "to": [ 5.0, 13.08, 9.056 ], 
            "faces": {
                "north": { "texture": "#2", "uv": [ 1.5625, 0.6875, 1.75, 1.3125 ] },
                "east": { "texture": "#2", "uv": [ 1.625, 0.5, 1.8125, 1.375 ] },
                "south": { "texture": "#2", "uv": [ 1.5625, 0.6875, 1.75, 1.3125 ] },
                "west": { "texture": "#2", "uv": [ 1.625, 0.5, 1.8125, 1.375 ] },
                "up": { "texture": "#2", "uv": [ 1.4375, 0.25, 1.6875, 1.25 ] }
            }
        },
        {
            "name": "Element",
            "from": [ 4.52, 12.96, 8.288 ], 
            "to": [ 4.64, 13.08, 9.056 ], 
            "faces": {
                "north": { "texture": "#2", "uv": [ 1.5625, 0.6875, 1.75, 1.3125 ] },
                "east": { "texture": "#2", "uv": [ 1.625, 0.5, 1.8125, 1.375 ] },
                "south": { "texture": "#2", "uv": [ 1.5625, 0.6875, 1.75, 1.3125 ] },
                "west": { "texture": "#2", "uv": [ 1.625, 0.5, 1.8125, 1.375 ] },
                "up": { "texture": "#2", "uv": [ 1.4375, 0.25, 1.6875, 1.25 ] }
            }
        },
        {
            "name": "Element",
            "from": [ 4.16, 12.96, 8.288 ], 
            "to": [ 4.28, 13.08, 9.056 ], 
            "faces": {
                "north": { "texture": "#2", "uv": [ 1.5625, 0.6875, 1.75, 1.3125 ] },
                "east": { "texture": "#2", "uv": [ 1.625, 0.5, 1.8125, 1.375 ] },
                "south": { "texture": "#2", "uv": [ 1.5625, 0.6875, 1.75, 1.3125 ] },
                "west": { "texture": "#2", "uv": [ 1.625, 0.5, 1.8125, 1.375 ] },
                "up": { "texture": "#2", "uv": [ 1.4375, 0.25, 1.6875, 1.25 ] }
            }
        },
        {
            "name": "Element",
            "from": [ 3.8, 12.96, 8.288 ], 
            "to": [ 3.92, 13.08, 9.056 ], 
            "faces": {
                "north": { "texture": "#2", "uv": [ 1.5625, 0.6875, 1.75, 1.3125 ] },
                "east": { "texture": "#2", "uv": [ 1.625, 0.5, 1.8125, 1.375 ] },
                "south": { "texture": "#2", "uv": [ 1.5625, 0.6875, 1.75, 1.3125 ] },
                "west": { "texture": "#2", "uv": [ 1.625, 0.5, 1.8125, 1.375 ] },
                "up": { "texture": "#2", "uv": [ 1.4375, 0.25, 1.6875, 1.25 ] }
            }
        },
        {
            "name": "Element",
            "from": [ 3.44, 12.96, 8.288 ], 
            "to": [ 3.56, 13.08, 9.056 ], 
            "faces": {
                "north": { "texture": "#2", "uv": [ 1.5625, 0.6875, 1.75, 1.3125 ] },
                "east": { "texture": "#2", "uv": [ 1.625, 0.5, 1.8125, 1.375 ] },
                "south": { "texture": "#2", "uv": [ 1.5625, 0.6875, 1.75, 1.3125 ] },
                "west": { "texture": "#2", "uv": [ 1.625, 0.5, 1.8125, 1.375 ] },
                "up": { "texture": "#2", "uv": [ 1.4375, 0.25, 1.6875, 1.25 ] }
            }
        },
        {
            "name": "Element",
            "from": [ 3.08, 12.96, 8.288 ], 
            "to": [ 3.2, 13.08, 9.056 ], 
            "faces": {
                "north": { "texture": "#2", "uv": [ 1.5625, 0.6875, 1.75, 1.3125 ] },
                "east": { "texture": "#2", "uv": [ 1.625, 0.5, 1.8125, 1.375 ] },
                "south": { "texture": "#2", "uv": [ 1.5625, 0.6875, 1.75, 1.3125 ] },
                "west": { "texture": "#2", "uv": [ 1.625, 0.5, 1.8125, 1.375 ] },
                "up": { "texture": "#2", "uv": [ 1.4375, 0.25, 1.6875, 1.25 ] }
            }
        },
        {
            "name": "Element",
            "from": [ 12.56, 12.6, 7.52 ], 
            "to": [ 13.04, 12.96, 9.8 ], 
            "faces": {
                "north": { "texture": "#2", "uv": [ 0.0, 1.9375, 1.125, 2.6875 ] },
                "east": { "texture": "#2", "uv": [ 0.0, 1.75, 1.0, 2.5 ] },
                "south": { "texture": "#2", "uv": [ 0.0, 1.9375, 1.125, 2.6875 ] },
                "west": { "texture": "#2", "uv": [ 0.0, 1.75, 1.0, 2.5 ] },
                "up": { "texture": "#2", "uv": [ 0.0, 1.75, 1.5, 2.75 ] },
                "down": { "texture": "#2", "uv": [ 0.0, 1.75, 1.5, 2.75 ] }
            }
        },
        {
            "name": "Element",
            "from": [ 5.36, 10.32, 9.32 ], 
            "to": [ 6.92, 10.56, 9.56 ], 
            "faces": {
                "north": { "texture": "#2", "uv": [ 0.0, 2.0, 1.6875, 2.75 ] },
                "east": { "texture": "#2", "uv": [ 0.0, 2.0, 1.0, 2.75 ] },
                "south": { "texture": "#2", "uv": [ 0.0, 2.0, 1.6875, 2.75 ] },
                "west": { "texture": "#2", "uv": [ 0.0, 2.0, 1.0, 2.75 ] },
                "up": { "texture": "#2", "uv": [ 0.0, 1.8125, 1.4375, 2.8125 ] },
                "down": { "texture": "#2", "uv": [ 0.0, 1.8125, 1.4375, 2.8125 ] }
            }
        },
        {
            "name": "Element",
            "from": [ 8.6, 10.44, 9.2 ], 
            "to": [ 9.56, 10.68, 9.56 ], 
            "faces": {
                "north": { "texture": "#2", "uv": [ 0.0, 2.0, 1.375, 2.75 ] },
                "east": { "texture": "#2", "uv": [ 0.0, 1.9375, 1.0, 2.6875 ] },
                "south": { "texture": "#2", "uv": [ 0.0, 2.0, 1.375, 2.75 ] },
                "west": { "texture": "#2", "uv": [ 0.0, 1.9375, 1.0, 2.6875 ] },
                "up": { "texture": "#2", "uv": [ 0.0, 1.8125, 1.4375, 2.8125 ] },
                "down": { "texture": "#2", "uv": [ 0.0, 1.8125, 1.4375, 2.8125 ] }
            }
        },
        {
            "name": "Element",
            "from": [ 9.44, 10.32, 9.32 ], 
            "to": [ 9.92, 10.8, 9.68 ], 
            "faces": {
                "north": { "texture": "#2", "uv": [ 0.0, 1.9375, 1.5, 2.6875 ] },
                "east": { "texture": "#2", "uv": [ 0.3125, 1.9375, 1.3125, 2.6875 ] },
                "south": { "texture": "#2", "uv": [ 0.0, 1.9375, 1.5, 2.6875 ] },
                "west": { "texture": "#2", "uv": [ 0.3125, 1.9375, 1.3125, 2.6875 ] },
                "up": { "texture": "#2", "uv": [ 0.0, 1.875, 1.5625, 2.875 ] },
                "down": { "texture": "#2", "uv": [ 0.0, 1.875, 1.5625, 2.875 ] }
            }
        },
        {
            "name": "Element",
            "from": [ 6.92, 11.16, 9.32 ], 
            "to": [ 7.04, 11.88, 9.56 ], 
            "faces": {
                "north": { "texture": "#2", "uv": [ 11.5, 0.0625, 11.875, 1.0625 ] },
                "east": { "texture": "#2", "uv": [ 11.875, 0.0, 12.0, 1.0625 ] },
                "south": { "texture": "#2", "uv": [ 11.5, 0.0625, 11.875, 1.0625 ] },
                "west": { "texture": "#2", "uv": [ 11.4375, 0.0, 11.0625, 1.0625 ] },
                "up": { "texture": "#2", "uv": [ 0.0, 0.4375, 0.9375, 1.0 ] },
                "down": { "texture": "#2", "uv": [ 1.5, 0.375, 1.8125, 1.375 ] }
            }
        },
        {
            "name": "Element",
            "from": [ 2.96, 12.6, 8.12 ], 
            "to": [ 12.560000000000002, 12.96, 9.2 ], 
            "faces": {
                "north": { "texture": "#0", "uv": [ 15.0625, 3.3125, 7.8125, 3.75 ] },
                "south": { "texture": "#0", "uv": [ 7.8125, 3.3125, 15.0625, 3.75 ] },
                "west": { "texture": "#0", "uv": [ 0.0, 1.75, 1.0, 2.5 ] },
                "up": { "texture": "#0", "uv": [ 1.5, 0.3125, 1.875, 1.1875 ] },
                "down": { "texture": "#0", "uv": [ 0.0, 1.75, 1.8125, 2.75 ] }
            }
        },
        {
            "name": "Element",
            "from": [ -6.64, 12.12, 8.96 ], 
            "to": [ 2.6000000000000005, 12.84, 10.04 ], 
            "rotation": { "origin": [ -6.64, 12.84, 8.96 ], "axis": "x", "angle": 45.0 },
            "faces": {
                "north": { "texture": "#2", "uv": [ 0.0, 0.6875, 5.5, 0.9375 ] },
                "east": { "texture": "#2", "uv": [ 0.0, 0.0, 0.4375, 0.625 ] },
                "south": { "texture": "#2", "uv": [ 0.0, 0.6875, 5.5, 0.9375 ] },
                "west": { "texture": "#2", "uv": [ 0.0, 0.0, 0.4375, 0.625 ] },
                "up": { "texture": "#2", "uv": [ 0.0, 0.9375, 5.5625, 1.625 ] },
                "down": { "texture": "#2", "uv": [ 0.0, 0.9375, 5.5625, 1.625 ] }
            }
        },
        {
            "name": "Element",
            "from": [ -6.64, 11.28, 7.52 ], 
            "to": [ 2.6000000000000005, 12.0, 8.6 ], 
            "rotation": { "origin": [ -6.64, 12.0, 7.52 ], "axis": "x", "angle": -45.0 },
            "faces": {
                "north": { "texture": "#2", "uv": [ 0.0, 0.6875, 5.5, 0.9375 ] },
                "east": { "texture": "#2", "uv": [ 0.0, 0.0, 0.4375, 0.625 ] },
                "south": { "texture": "#2", "uv": [ 0.0, 0.6875, 5.5, 0.9375 ] },
                "west": { "texture": "#2", "uv": [ 0.0, 0.0, 0.4375, 0.625 ] },
                "up": { "texture": "#2", "uv": [ 0.0, 1.0, 5.5625, 1.6875 ] },
                "down": { "texture": "#2", "uv": [ 0.0, 1.0, 5.5625, 1.6875 ] }
            }
        },
        {
            "name": "Element",
            "from": [ -6.64, 10.32, 8.48 ], 
            "to": [ 2.6000000000000005, 11.04, 9.56 ], 
            "rotation": { "origin": [ -6.64, 11.04, 8.48 ], "axis": "x", "angle": -45.0 },
            "faces": {
                "north": { "texture": "#2", "uv": [ 0.0, 0.6875, 5.5, 0.9375 ] },
                "east": { "texture": "#2", "uv": [ 0.0, 0.0, 0.4375, 0.625 ] },
                "south": { "texture": "#2", "uv": [ 0.0, 0.6875, 5.5, 0.9375 ] },
                "west": { "texture": "#2", "uv": [ 0.0, 0.0, 0.4375, 0.625 ] },
                "up": { "texture": "#2", "uv": [ 0.0, 1.0, 5.5625, 1.6875 ] },
                "down": { "texture": "#2", "uv": [ 0.0, 1.0, 5.5625, 1.6875 ] }
            }
        },
        {
            "name": "Element",
            "from": [ -6.64, 11.16, 8.0288 ], 
            "to": [ 2.6000000000000005, 11.88, 9.1088 ], 
            "rotation": { "origin": [ -6.64, 11.88, 8.0288 ], "axis": "x", "angle": 45.0 },
            "faces": {
                "north": { "texture": "#2", "uv": [ 0.0, 0.6875, 5.5, 0.9375 ] },
                "east": { "texture": "#2", "uv": [ 0.0, 0.0, 0.4375, 0.625 ] },
                "south": { "texture": "#2", "uv": [ 0.0, 0.6875, 5.5, 0.9375 ] },
                "west": { "texture": "#2", "uv": [ 0.0, 0.0, 0.4375, 0.625 ] },
                "up": { "texture": "#2", "uv": [ 0.0, 1.0, 5.5625, 1.6875 ] },
                "down": { "texture": "#2", "uv": [ 0.0, 1.0, 5.5625, 1.6875 ] }
            }
        },
        {
            "name": "Cube",
            "from": [ 12.559999991059303, 12.239999994039536, 8.300000004470348 ], 
            "to": [ 23.42000000447035, 12.659999980628491, 9.140000010430812 ], 
            "faces": {
                "north": { "texture": "#2", "uv": [ 11.0625, 11.6875, 0.0625, 13.8125 ] },
                "east": { "texture": "#2", "uv": [ 1.5, 0.5625, 1.875, 1.4375 ] },
                "south": { "texture": "#2", "uv": [ 0.0625, 11.6875, 11.0625, 13.8125 ] },
                "west": { "texture": "#2", "uv": [ 0.0, 0.0, 0.75, 0.875 ] },
                "up": { "texture": "#2", "uv": [ 0.0, 11.75, 11.0625, 11.8125 ] },
                "down": { "texture": "#2", "uv": [ 13.5, 10.5, 14.0, 11.25 ] }
            }
        },
        {
            "name": "Cube",
            "from": [ 3.5400000014901156, 13.05999999254942, 8.240000005960464 ], 
            "to": [ 3.880000002980232, 13.439999991059302, 9.060000001490117 ], 
            "rotation": { "origin": [ 4.799999997019768, 13.600000023841858, 8.0 ], "axis": "z", "angle": -45.0 },
            "faces": {
                "north": { "texture": "#0", "uv": [ 0.0, 0.0, 0.1, 0.1 ] },
                "east": { "texture": "#0", "uv": [ 0.0, 0.0, 0.1, 0.1 ] },
                "south": { "texture": "#0", "uv": [ 0.0, 0.0, 0.1, 0.1 ] },
                "west": { "texture": "#0", "uv": [ 0.0, 0.0, 0.1, 0.1 ] },
                "up": { "texture": "#0", "uv": [ 0.0, 0.0, 0.1, 0.1 ] },
                "down": { "texture": "#0", "uv": [ 0.0, 0.0, 0.34000000149011633, 0.8199999955296526 ] }
            }
        },
        {
            "name": "Cube",
            "from": [ 3.7399999895691867, 14.05999999254942, 8.240000005960464 ], 
            "to": [ 10.279999994039535, 14.340000004470348, 9.060000001490117 ], 
            "faces": {
                "north": { "texture": "#0", "uv": [ 0.0, 0.0, 0.1, 0.1 ] },
                "east": { "texture": "#0", "uv": [ 0.0, 0.0, 0.1, 0.1 ] },
                "south": { "texture": "#0", "uv": [ 0.0, 0.0, 0.1, 0.1 ] },
                "west": { "texture": "#0", "uv": [ 0.0, 0.0, 0.1, 0.1 ] },
                "up": { "texture": "#0", "uv": [ 0.0, 0.0, 0.1, 0.1 ] }
            }
        },
        {
            "name": "Cube",
            "from": [ 10.279999994039535, 13.099999998509883, 8.221920001490115 ], 
            "to": [ 11.42000000745058, 13.900000001490117, 9.041919997019768 ], 
            "rotation": { "origin": [ 10.799999982118607, 12.49999999254942, 8.0 ], "axis": "z", "angle": -45.0 },
            "faces": {
                "north": { "texture": "#0", "uv": [ 0.0, 0.6875, 0.0, 1.4375 ] },
                "east": { "texture": "#0", "uv": [ 0.0, 0.0, 1.0, 0.75 ] },
                "south": { "texture": "#0", "uv": [ 0.0, 0.0, 0.1, 0.1 ] },
                "west": { "texture": "#0", "uv": [ 0.0, 0.0, 0.8199999955296526, 0.8000000029802337 ] },
                "up": { "texture": "#0", "uv": [ 0.0, 0.0, 0.1875, 0.9375 ] },
                "down": { "texture": "#0", "uv": [ 0.0, 0.0, 0.1875, 0.9375 ] }
            }
        },
        {
            "name": "Cube",
            "from": [ 10.279999994039535, 14.400000002980232, 8.221920001490115 ], 
            "to": [ 11.42000000745058, 14.8, 8.341920001490116 ], 
            "faces": {
                "north": { "texture": "#0", "uv": [ 0.0, 0.6875, 0.0, 1.4375 ] },
                "east": { "texture": "#0", "uv": [ 0.0, 0.0, 1.0, 0.75 ] },
                "south": { "texture": "#0", "uv": [ 0.0, 0.0, 0.1, 0.1 ] },
                "west": { "texture": "#0", "uv": [ 0.0, 0.0, 0.120000000000001, 0.3999999970197692 ] },
                "up": { "texture": "#0", "uv": [ 0.0, 0.0, 0.1875, 0.9375 ] },
                "down": { "texture": "#0", "uv": [ 0.0, 0.0, 0.1875, 0.9375 ] }
            }
        },
        {
            "name": "Cube",
            "from": [ 10.279999994039535, 14.400000002980232, 8.921919997019767 ], 
            "to": [ 11.42000000745058, 14.8, 9.041919997019768 ], 
            "faces": {
                "north": { "texture": "#0", "uv": [ 0.0, 0.6875, 0.0, 1.4375 ] },
                "east": { "texture": "#0", "uv": [ 0.0, 0.0, 1.0, 0.75 ] },
                "south": { "texture": "#0", "uv": [ 0.0, 0.0, 0.1, 0.1 ] },
                "west": { "texture": "#0", "uv": [ 0.0, 0.0, 0.120000000000001, 0.3999999970197692 ] },
                "up": { "texture": "#0", "uv": [ 0.0, 0.0, 0.1875, 0.9375 ] },
                "down": { "texture": "#0", "uv": [ 0.0, 0.0, 0.1875, 0.9375 ] }
            }
        },
        {
            "name": "Cube",
            "from": [ 4.939999992549419, 14.259999995529652, 8.240000005960464 ], 
            "to": [ 10.279999994039535, 14.54000000745058, 8.360000005960465 ], 
            "faces": {
                "north": { "texture": "#0", "uv": [ 0.0, 0.0, 0.1, 0.1 ] },
                "east": { "texture": "#0", "uv": [ 0.0, 0.0, 0.1, 0.1 ] },
                "south": { "texture": "#0", "uv": [ 0.0, 0.0, 0.1, 0.1 ] },
                "west": { "texture": "#0", "uv": [ 0.0, 0.0, 0.1, 0.1 ] },
                "up": { "texture": "#0", "uv": [ 0.0, 0.0, 0.1, 0.1 ] }
            }
        },
        {
            "name": "Cube",
            "from": [ 4.939999992549419, 14.259999995529652, 8.940000001490116 ], 
            "to": [ 10.279999994039535, 14.54000000745058, 9.060000001490117 ], 
            "faces": {
                "north": { "texture": "#0", "uv": [ 0.0, 0.0, 0.1, 0.1 ] },
                "east": { "texture": "#0", "uv": [ 0.0, 0.0, 0.1, 0.1 ] },
                "south": { "texture": "#0", "uv": [ 0.0, 0.0, 0.1, 0.1 ] },
                "west": { "texture": "#0", "uv": [ 0.0, 0.0, 0.1, 0.1 ] },
                "up": { "texture": "#0", "uv": [ 0.0, 0.0, 0.1, 0.1 ] }
            }
        },
        {
            "name": "Cube",
            "from": [ 7.039999994039535, 14.459999998509884, 8.940000001490116 ], 
            "to": [ 10.280000008940696, 14.740000010430812, 9.060000001490117 ], 
            "faces": {
                "north": { "texture": "#0", "uv": [ 0.0, 0.0, 0.1, 0.1 ] },
                "east": { "texture": "#0", "uv": [ 0.0, 0.0, 0.1, 0.1 ] },
                "south": { "texture": "#0", "uv": [ 0.0, 0.0, 0.1, 0.1 ] },
                "west": { "texture": "#0", "uv": [ 0.0, 0.0, 0.1, 0.1 ] },
                "up": { "texture": "#0", "uv": [ 0.0, 0.0, 0.1, 0.1 ] }
            }
        },
        {
            "name": "Cube",
            "from": [ 7.039999994039535, 14.459999998509884, 8.240000005960464 ], 
            "to": [ 10.280000008940696, 14.740000010430812, 8.360000005960465 ], 
            "faces": {
                "north": { "texture": "#0", "uv": [ 0.0, 0.0, 0.1, 0.1 ] },
                "east": { "texture": "#0", "uv": [ 0.0, 0.0, 0.1, 0.1 ] },
                "south": { "texture": "#0", "uv": [ 0.0, 0.0, 0.1, 0.1 ] },
                "west": { "texture": "#0", "uv": [ 0.0, 0.0, 0.1, 0.1 ] },
                "up": { "texture": "#0", "uv": [ 0.0, 0.0, 0.1, 0.1 ] }
            }
        }
    ]
}