{
    "__comment": "Model generated using MrCrayfish's Model Creator (http://mrcrayfish.com/modelcreator/)",
    "textures": {
        "0": "blocks/anvil_base",
        "1": "blocks/planks_big_oak",
        "2": "blocks/hardened_clay_stained_gray",
        "3": "blocks/stone",
        "4": "blocks/glass_gray"
    },
    "elements": [
        {
            "name": "Cube",
            "from": [ -15.899999998509884, 4.899999998509884, 6.899999998509884 ], 
            "to": [ -9.299999989569187, 5.5999999940395355, 7.5999999940395355 ], 
            "faces": {
                "north": { "texture": "#0", "uv": [ 0.0, 0.0, 0.1, 0.1 ] },
                "east": { "texture": "#0", "uv": [ 0.0, 0.0, 0.1, 0.1 ] },
                "south": { "texture": "#0", "uv": [ 0.0, 0.0, 0.1, 0.1 ] },
                "west": { "texture": "#0", "uv": [ 0.0, 0.0, 0.1, 0.1 ] },
                "up": { "texture": "#0", "uv": [ 0.0, 0.0, 0.1, 0.1 ] },
                "down": { "texture": "#0", "uv": [ 0.0, 0.0, 0.1, 0.1 ] }
            }
        },
        {
            "name": "Set1",
            "from": [ -9.400000020861626, 4.100000001490116, 6.699999995529652 ], 
            "to": [ 1.099999986588955, 6.235, 7.799999997019768 ], 
            "faces": {
                "north": { "texture": "#1", "uv": [ 0.0, 0.0, 0.1, 0.1 ] },
                "east": { "texture": "#1", "uv": [ 0.0, 0.0, 0.1, 0.1 ] },
                "south": { "texture": "#1", "uv": [ 0.0, 0.0, 0.1, 0.1 ] },
                "west": { "texture": "#1", "uv": [ 0.0, 0.0, 0.1, 0.1 ] },
                "up": { "texture": "#1", "uv": [ 0.0, 0.0, 0.1, 0.1 ] },
                "down": { "texture": "#1", "uv": [ 0.0, 0.0, 0.1, 0.1 ] }
            }
        },
        {
            "name": "Cube",
            "from": [ -9.400000005960464, 4.600000008940697, 6.200000017881393 ], 
            "to": [ 1.099999986588955, 5.699999995529652, 8.30000001937151 ], 
            "faces": {
                "north": { "texture": "#1", "uv": [ 0.0, 0.0, 0.1, 0.1 ] },
                "east": { "texture": "#1", "uv": [ 0.0, 0.0, 0.10000000149011612, 0.09999998658895493 ] },
                "south": { "texture": "#1", "uv": [ 0.0, 0.0, 0.1, 0.1 ] },
                "west": { "texture": "#1", "uv": [ 0.0, 0.0, 0.10000000149011612, 0.09999998658895493 ] },
                "up": { "texture": "#1", "uv": [ 0.0, 0.0, 10.49999999254942, 2.100000001490116 ] },
                "down": { "texture": "#1", "uv": [ 0.0, 0.0, 0.1, 0.1 ] }
            }
        },
        {
            "name": "Cube",
            "from": [ -9.400000005960464, 4.600000008940697, 6.200000017881393 ], 
            "to": [ 1.099999986588955, 5.399999991059303, 7.3000000193715096 ], 
            "rotation": { "origin": [ 8.0, 6.399999991059303, 6.499999992549419 ], "axis": "x", "angle": -45.0 },
            "faces": {
                "north": { "texture": "#1", "uv": [ 0.0, 0.0, 0.1, 0.1 ] },
                "east": { "texture": "#1", "uv": [ 0.0, 0.0, 0.1, 0.1 ] },
                "south": { "texture": "#1", "uv": [ 0.0, 0.0, 0.1, 0.1 ] },
                "west": { "texture": "#1", "uv": [ 0.0, 0.0, 0.1, 0.1 ] },
                "up": { "texture": "#1", "uv": [ 0.0, 0.0, 10.49999999254942, 1.1000000014901161 ] },
                "down": { "texture": "#1", "uv": [ 0.0, 0.0, 0.1, 0.1 ] }
            }
        },
        {
            "name": "Cube",
            "from": [ -9.400000005960464, 4.600000008940697, 6.200000017881393 ], 
            "to": [ 1.099999986588955, 5.399999991059303, 7.3000000193715096 ], 
            "rotation": { "origin": [ 7.0, 5.19999997317791, 7.499999992549419 ], "axis": "x", "angle": 45.0 },
            "faces": {
                "north": { "texture": "#1", "uv": [ 0.0, 0.0, 0.1, 0.1 ] },
                "east": { "texture": "#1", "uv": [ 0.0, 0.0, 0.1, 0.1 ] },
                "south": { "texture": "#1", "uv": [ 0.0, 0.0, 10.49999999254942, 0.7999999821186066 ] },
                "west": { "texture": "#1", "uv": [ 0.0, 0.0, 0.1, 0.1 ] },
                "up": { "texture": "#1", "uv": [ 0.0, 0.0, 10.49999999254942, 1.1000000014901161 ] },
                "down": { "texture": "#1", "uv": [ 0.0, -2.7755575615628914E-17, 0.1, 0.1 ] }
            }
        },
        {
            "name": "Cube",
            "from": [ -9.400000005960464, 4.700000010430813, 6.200000017881393 ], 
            "to": [ 1.099999986588955, 5.399999991059303, 7.3000000193715096 ], 
            "shade": false,
            "rotation": { "origin": [ 7.0, 3.7999999821186066, 6.799999997019768 ], "axis": "x", "angle": 45.0 },
            "faces": {
                "north": { "texture": "#1", "uv": [ 0.0, 0.0, 0.1, 0.1 ] },
                "east": { "texture": "#1", "uv": [ 0.0, 0.0, 1.1000000014901161, 0.6999999806284904 ] },
                "south": { "texture": "#1", "uv": [ 0.0, 0.0, 0.1, 0.1 ] },
                "west": { "texture": "#1", "uv": [ 0.0, 0.0, 0.1, 0.1 ] },
                "up": { "texture": "#1", "uv": [ 0.0, 0.0, 0.1, 0.1 ] },
                "down": { "texture": "#1", "uv": [ 0.0, 0.0, 0.1, 0.1 ] }
            }
        },
        {
            "name": "Cube",
            "from": [ -9.400000005960464, 4.600000008940697, 6.200000017881393 ], 
            "to": [ 1.099999986588955, 5.399999991059303, 7.3000000193715096 ], 
            "shade": false,
            "rotation": { "origin": [ 7.0, 5.0, 7.099999986588955 ], "axis": "x", "angle": -45.0 },
            "faces": {
                "north": { "texture": "#1", "uv": [ 0.0, 0.0, 0.1, 0.1 ] },
                "east": { "texture": "#1", "uv": [ 0.0, 0.0, 0.1, 0.1 ] },
                "south": { "texture": "#1", "uv": [ 0.0, 0.0, 10.49999999254942, 0.7999999821186066 ] },
                "west": { "texture": "#1", "uv": [ 0.0, 0.0, 0.1, 0.1 ] },
                "up": { "texture": "#1", "uv": [ 0.0, 0.0, 10.49999999254942, 1.1000000014901161 ] },
                "down": { "texture": "#1", "uv": [ 0.0, 0.0, 0.1, 0.1 ] }
            }
        },
        {
            "name": "Cube",
            "from": [ -11.399999991059303, 4.5999999940395355, 6.499999992549419 ], 
            "to": [ -10.799999997019768, 6.099999986588955, 8.0 ], 
            "faces": {
                "north": { "texture": "#0", "uv": [ 0.0, 0.0, 0.1, 0.1 ] },
                "east": { "texture": "#0", "uv": [ 0.0, 0.0, 0.1, 0.1 ] },
                "south": { "texture": "#0", "uv": [ 0.0, 0.0, 0.1, 0.1 ] },
                "west": { "texture": "#0", "uv": [ 0.0, 0.0, 0.1, 0.1 ] },
                "up": { "texture": "#0", "uv": [ 0.0, 0.0, 0.1, 0.1 ] },
                "down": { "texture": "#0", "uv": [ 0.0, 0.0, 0.1, 0.1 ] }
            }
        },
        {
            "name": "Cube",
            "from": [ -10.099999986588955, 4.5999999940395355, 6.499999992549419 ], 
            "to": [ -9.49999999254942, 6.099999986588955, 8.0 ], 
            "faces": {
                "north": { "texture": "#0", "uv": [ 0.0, 0.0, 0.1, 0.1 ] },
                "east": { "texture": "#0", "uv": [ 0.0, 0.0, 1.5000000074505806, 1.4999999925494194 ] },
                "south": { "texture": "#0", "uv": [ 0.0, 0.0, 0.1, 0.1 ] },
                "west": { "texture": "#0", "uv": [ 0.0, 0.0, 1.5000000074505806, 1.4999999925494194 ] },
                "up": { "texture": "#0", "uv": [ 0.0, 0.0, 0.1, 0.1 ] },
                "down": { "texture": "#0", "uv": [ 0.0, 0.0, 0.1, 0.1 ] }
            }
        },
        {
            "name": "Cube",
            "from": [ -10.799999982118607, 4.5999999940395355, 6.499999992549419 ], 
            "to": [ -10.099999986588955, 5.399999976158142, 8.0 ], 
            "faces": {
                "north": { "texture": "#0", "uv": [ 0.0, 0.0, 0.6999999955296516, 0.7999999821186066 ] },
                "east": { "texture": "#0", "uv": [ 0.0, 0.0, 1.5000000074505806, 0.7999999821186066 ] },
                "south": { "texture": "#0", "uv": [ 0.0, 0.0, 0.6999999955296516, 0.7999999821186066 ] },
                "west": { "texture": "#0", "uv": [ 0.0, 0.0, 1.5000000074505806, 0.7999999821186066 ] },
                "up": { "texture": "#0", "uv": [ 0.0, 0.0, 0.1, 0.1 ] },
                "down": { "texture": "#0", "uv": [ 0.0, 0.0, 0.1, 0.1 ] }
            }
        },
        {
            "name": "Cube",
            "from": [ -14.100000001490116, 5.8999999687075615, 7.0 ], 
            "to": [ -13.300000004470348, 5.999999940395355, 7.499999992549419 ], 
            "faces": {
                "north": { "texture": "#0", "uv": [ 0.0, 0.0, 0.1, 0.1 ] },
                "east": { "texture": "#0", "uv": [ 0.0, 0.0, 0.1, 0.1 ] },
                "south": { "texture": "#0", "uv": [ 0.0, 0.0, 0.1, 0.1 ] },
                "west": { "texture": "#0", "uv": [ 0.0, 0.0, 0.1, 0.1 ] },
                "up": { "texture": "#0", "uv": [ 0.0, 0.0, 0.1, 0.1 ] },
                "down": { "texture": "#0", "uv": [ 0.0, 0.0, 0.1, 0.1 ] }
            }
        },
        {
            "name": "Cube",
            "from": [ -14.100000001490116, 4.799999982118607, 6.799999997019768 ], 
            "to": [ -13.300000004470348, 5.8999999538064, 7.699999995529652 ], 
            "faces": {
                "north": { "texture": "#0", "uv": [ 0.0, 0.0, 0.1, 0.1 ] },
                "east": { "texture": "#0", "uv": [ 0.0, 0.0, 0.1, 0.1 ] },
                "south": { "texture": "#0", "uv": [ 0.0, 0.0, 0.1, 0.1 ] },
                "west": { "texture": "#0", "uv": [ 0.0, 0.0, 0.1, 0.1 ] },
                "up": { "texture": "#0", "uv": [ 0.0, 0.0, 0.1, 0.1 ] },
                "down": { "texture": "#0", "uv": [ 0.0, 0.0, 0.1, 0.1 ] }
            }
        },
        {
            "name": "Cube",
            "from": [ -13.699999995529652, 5.999999955296516, 7.200000002980232 ], 
            "to": [ -13.299999989569187, 6.599999934434891, 7.299999989569187 ], 
            "faces": {
                "north": { "texture": "#0", "uv": [ 0.0, 0.0, 0.1, 0.1 ] },
                "east": { "texture": "#0", "uv": [ 0.0, 0.0, 0.1, 0.1 ] },
                "south": { "texture": "#0", "uv": [ 0.0, 0.0, 0.1, 0.1 ] },
                "west": { "texture": "#0", "uv": [ 0.0, 0.0, 0.1, 0.1 ] },
                "up": { "texture": "#0", "uv": [ 0.0, 0.0, 0.1, 0.1 ] },
                "down": { "texture": "#0", "uv": [ 0.0, 0.0, 0.1, 0.1 ] }
            }
        },
        {
            "name": "Cube",
            "from": [ -13.799999997019768, 5.8999999538064, 7.200000002980232 ], 
            "to": [ -13.399999991059303, 6.599999934434891, 7.299999989569187 ], 
            "rotation": { "origin": [ -13.699999995529652, 6.500000022351742, 8.200000002980232 ], "axis": "z", "angle": -22.5 },
            "faces": {
                "north": { "texture": "#0", "uv": [ 0.0, 0.0, 0.1, 0.1 ] },
                "east": { "texture": "#0", "uv": [ 0.0, 0.0, 0.1, 0.1 ] },
                "south": { "texture": "#0", "uv": [ 0.0, 0.0, 0.1, 0.1 ] },
                "west": { "texture": "#0", "uv": [ 0.0, 0.0, 0.1, 0.1 ] },
                "up": { "texture": "#0", "uv": [ 0.0, 0.0, 0.1, 0.1 ] },
                "down": { "texture": "#0", "uv": [ 0.0, 0.0, 0.1, 0.1 ] }
            }
        },
        {
            "name": "Cube",
            "from": [ 1.099999986588955, 4.600000008940697, 6.200000017881393 ], 
            "to": [ 1.5999999791383743, 5.699999995529652, 8.30000001937151 ], 
            "faces": {
                "north": { "texture": "#2", "uv": [ 0.0, 0.0, 0.1, 0.1 ] },
                "east": { "texture": "#2", "uv": [ 0.0, 0.0, 0.10000000149011612, 0.09999998658895493 ] },
                "south": { "texture": "#2", "uv": [ 0.0, 0.0, 0.1, 0.1 ] },
                "west": { "texture": "#2", "uv": [ 0.0, 0.0, 0.10000000149011612, 0.09999998658895493 ] },
                "up": { "texture": "#2", "uv": [ 0.0, 0.0, 0.4999999925494194, 2.100000001490116 ] },
                "down": { "texture": "#2", "uv": [ 0.0, 0.0, 0.1, 0.1 ] }
            }
        },
        {
            "name": "Cube",
            "from": [ -9.400000005960464, 4.600000008940697, 6.200000017881393 ], 
            "to": [ 1.099999986588955, 5.399999991059303, 7.3000000193715096 ], 
            "rotation": { "origin": [ 8.0, 6.399999991059303, 6.499999992549419 ], "axis": "x", "angle": -45.0 },
            "faces": {
                "north": { "texture": "#1", "uv": [ 0.0, 0.0, 0.1, 0.1 ] },
                "east": { "texture": "#1", "uv": [ 0.0, 0.0, 0.1, 0.1 ] },
                "south": { "texture": "#1", "uv": [ 0.0, 0.0, 0.1, 0.1 ] },
                "west": { "texture": "#1", "uv": [ 0.0, 0.0, 0.1, 0.1 ] },
                "up": { "texture": "#1", "uv": [ 0.0, 0.0, 10.49999999254942, 1.1000000014901161 ] },
                "down": { "texture": "#1", "uv": [ 0.0, 0.0, 0.1, 0.1 ] }
            }
        },
        {
            "name": "Cube",
            "from": [ 1.099999986588955, 4.600000008940697, 6.200000017881393 ], 
            "to": [ 1.5999999791383743, 5.399999991059303, 7.3000000193715096 ], 
            "rotation": { "origin": [ 8.0, 6.399999991059303, 6.499999992549419 ], "axis": "x", "angle": -45.0 },
            "faces": {
                "north": { "texture": "#2", "uv": [ 0.0, 0.0, 0.1, 0.1 ] },
                "east": { "texture": "#2", "uv": [ 0.0, 0.0, 0.1, 0.1 ] },
                "south": { "texture": "#2", "uv": [ 0.0, 0.0, 0.1, 0.1 ] },
                "west": { "texture": "#2", "uv": [ 0.0, 0.0, 0.1, 0.1 ] },
                "up": { "texture": "#2", "uv": [ 0.0, 0.0, 0.4999999925494194, 1.1000000014901161 ] },
                "down": { "texture": "#2", "uv": [ 0.0, 0.0, 0.1, 0.1 ] }
            }
        },
        {
            "name": "Set2",
            "from": [ 1.0999999716877937, 4.100000001490116, 6.699999995529652 ], 
            "to": [ 1.5999999716877937, 6.235, 7.799999997019768 ], 
            "faces": {
                "north": { "texture": "#2", "uv": [ 0.0, 0.0, 0.1, 0.1 ] },
                "east": { "texture": "#2", "uv": [ 0.0, 0.0, 0.1, 0.1 ] },
                "south": { "texture": "#2", "uv": [ 0.0, 0.0, 0.1, 0.1 ] },
                "west": { "texture": "#2", "uv": [ 0.0, 0.0, 0.1, 0.1 ] },
                "up": { "texture": "#2", "uv": [ 0.0, 0.0, 0.1, 0.1 ] },
                "down": { "texture": "#2", "uv": [ 0.0, 0.0, 0.1, 0.1 ] }
            }
        },
        {
            "name": "Cube",
            "from": [ 1.099999986588955, 4.600000008940697, 6.200000017881393 ], 
            "to": [ 1.5999999791383743, 5.399999991059303, 7.3000000193715096 ], 
            "rotation": { "origin": [ 7.0, 5.19999997317791, 7.499999992549419 ], "axis": "x", "angle": 45.0 },
            "faces": {
                "north": { "texture": "#2", "uv": [ 0.0, 0.0, 0.1, 0.1 ] },
                "east": { "texture": "#2", "uv": [ 0.0, 0.0, 0.1, 0.1 ] },
                "south": { "texture": "#2", "uv": [ 0.0, 0.0, 0.4999999925494194, 0.7999999821186066 ] },
                "west": { "texture": "#2", "uv": [ 0.0, 0.0, 0.1, 0.1 ] },
                "up": { "texture": "#2", "uv": [ 0.0, 0.0, 0.4999999925494194, 1.1000000014901161 ] },
                "down": { "texture": "#2", "uv": [ 0.0, -2.7755575615628914E-17, 0.1, 0.1 ] }
            }
        },
        {
            "name": "Cube",
            "from": [ 1.099999986588955, 4.600000008940697, 6.200000017881393 ], 
            "to": [ 1.5999999791383743, 5.399999991059303, 7.3000000193715096 ], 
            "shade": false,
            "rotation": { "origin": [ 7.0, 5.0, 7.099999986588955 ], "axis": "x", "angle": -45.0 },
            "faces": {
                "north": { "texture": "#2", "uv": [ 0.0, 0.0, 0.1, 0.1 ] },
                "east": { "texture": "#2", "uv": [ 0.0, 0.0, 0.1, 0.1 ] },
                "south": { "texture": "#2", "uv": [ 0.0, 0.0, 0.4999999925494194, 0.7999999821186066 ] },
                "west": { "texture": "#2", "uv": [ 0.0, 0.0, 0.1, 0.1 ] },
                "up": { "texture": "#2", "uv": [ 0.0, 0.0, 10.49999999254942, 1.1000000014901161 ] },
                "down": { "texture": "#2", "uv": [ 0.0, 0.0, 0.1, 0.1 ] }
            }
        },
        {
            "name": "Cube",
            "from": [ 1.099999986588955, 4.700000010430813, 6.200000017881393 ], 
            "to": [ 1.5999999791383743, 5.399999991059303, 7.3000000193715096 ], 
            "shade": false,
            "rotation": { "origin": [ 7.0, 3.7999999821186066, 6.799999997019768 ], "axis": "x", "angle": 45.0 },
            "faces": {
                "north": { "texture": "#2", "uv": [ 0.0, 0.0, 0.1, 0.1 ] },
                "east": { "texture": "#2", "uv": [ 0.0, 0.0, 1.1000000014901161, 0.6999999806284904 ] },
                "south": { "texture": "#2", "uv": [ 0.0, 0.0, 0.1, 0.1 ] },
                "west": { "texture": "#2", "uv": [ 0.0, 0.0, 0.1, 0.1 ] },
                "up": { "texture": "#2", "uv": [ 0.0, 0.0, 0.1, 0.1 ] },
                "down": { "texture": "#2", "uv": [ 0.0, 0.0, 0.1, 0.1 ] }
            }
        },
        {
            "name": "Cube",
            "from": [ 1.5999999940395355, 4.200000002980232, 6.200000017881393 ], 
            "to": [ 19.099999986588955, 4.899999998509884, 8.30000001937151 ], 
            "faces": {
                "north": { "texture": "#1", "uv": [ 0.0, 0.0, 0.1, 0.1 ] },
                "east": { "texture": "#1", "uv": [ 0.0, 0.0, 0.10000000149011612, 0.09999998658895493 ] },
                "south": { "texture": "#1", "uv": [ 0.0, 0.0, 0.1, 0.1 ] },
                "west": { "texture": "#1", "uv": [ 0.0, 0.0, 0.10000000149011612, 0.09999998658895493 ] },
                "up": { "texture": "#1", "uv": [ 0.0, 0.0, 0.1, 0.1 ] },
                "down": { "texture": "#1", "uv": [ 0.0, 0.0, 0.1, 0.1 ] }
            }
        },
        {
            "name": "Cube",
            "from": [ 1.5999999940395355, 4.600000008940697, 6.200000017881393 ], 
            "to": [ 10.099999986588955, 5.399999991059303, 7.3000000193715096 ], 
            "rotation": { "origin": [ 8.0, 6.399999991059303, 6.499999992549419 ], "axis": "x", "angle": -45.0 },
            "faces": {
                "north": { "texture": "#1", "uv": [ 0.0, 0.0, 0.1, 0.1 ] },
                "east": { "texture": "#1", "uv": [ 0.0, 0.0, 0.1, 0.1 ] },
                "south": { "texture": "#1", "uv": [ 0.0, 0.0, 0.1, 0.1 ] },
                "west": { "texture": "#1", "uv": [ 0.0, 0.0, 0.1, 0.1 ] },
                "up": { "texture": "#1", "uv": [ 0.0, 0.0, 8.49999999254942, 1.1000000014901161 ] },
                "down": { "texture": "#1", "uv": [ 0.0, 0.0, 0.1, 0.1 ] }
            }
        },
        {
            "name": "Cube",
            "from": [ 1.5999999940395355, 4.600000008940697, 6.200000017881393 ], 
            "to": [ 10.099999986588955, 5.399999991059303, 7.3000000193715096 ], 
            "rotation": { "origin": [ 7.0, 5.19999997317791, 7.499999992549419 ], "axis": "x", "angle": 45.0 },
            "faces": {
                "north": { "texture": "#1", "uv": [ 0.0, 0.0, 0.1, 0.1 ] },
                "east": { "texture": "#1", "uv": [ 0.0, 0.0, 0.1, 0.1 ] },
                "south": { "texture": "#1", "uv": [ 0.0, 0.0, 8.49999999254942, 0.7999999821186066 ] },
                "west": { "texture": "#1", "uv": [ 0.0, 0.0, 0.1, 0.1 ] },
                "up": { "texture": "#1", "uv": [ 0.0, 0.0, 8.49999999254942, 1.1000000014901161 ] },
                "down": { "texture": "#1", "uv": [ 0.0, -2.7755575615628914E-17, 0.1, 0.1 ] }
            }
        },
        {
            "name": "Set3",
            "from": [ 1.5999999791383743, 4.100000001490116, 6.699999995529652 ], 
            "to": [ 10.099999986588955, 6.235, 7.799999997019768 ], 
            "faces": {
                "north": { "texture": "#1", "uv": [ 0.0, 0.0, 0.1, 0.1 ] },
                "east": { "texture": "#1", "uv": [ 0.0, 0.0, 0.1, 0.1 ] },
                "south": { "texture": "#1", "uv": [ 0.0, 0.0, 0.1, 0.1 ] },
                "west": { "texture": "#1", "uv": [ 0.0, 0.0, 0.1, 0.1 ] },
                "up": { "texture": "#1", "uv": [ 0.0, 0.0, 0.1, 0.1 ] },
                "down": { "texture": "#1", "uv": [ 0.0, 0.0, 0.1, 0.1 ] }
            }
        },
        {
            "name": "Cube",
            "from": [ 1.5999999791383743, 4.100000001490116, 6.200000002980232 ], 
            "to": [ 5.099999986588955, 4.799999982118607, 8.300000004470348 ], 
            "rotation": { "origin": [ 1.6000000089406967, 4.0, 8.0 ], "axis": "z", "angle": -22.5 },
            "faces": {
                "north": { "texture": "#1", "uv": [ 0.0, 0.0, 0.1, 0.1 ] },
                "east": { "texture": "#1", "uv": [ 0.0, 0.0, 0.1, 0.1 ] },
                "south": { "texture": "#1", "uv": [ 0.0, 0.0, 0.1, 0.1 ] },
                "west": { "texture": "#1", "uv": [ 0.0, 0.0, 0.1, 0.1 ] },
                "up": { "texture": "#1", "uv": [ 0.0, 0.0, 0.1, 0.1 ] },
                "down": { "texture": "#1", "uv": [ 0.0, 0.0, 0.1, 0.1 ] }
            }
        },
        {
            "name": "Cube",
            "from": [ 4.799999997019768, 2.700000010430813, 6.200000017881393 ], 
            "to": [ 19.099999986588955, 4.200000002980232, 8.30000001937151 ], 
            "faces": {
                "north": { "texture": "#1", "uv": [ 0.0, 0.0, 0.1, 0.1 ] },
                "east": { "texture": "#1", "uv": [ 0.0, 0.0, 0.10000000149011612, 0.09999998658895493 ] },
                "south": { "texture": "#1", "uv": [ 0.0, 0.0, 0.1, 0.1 ] },
                "west": { "texture": "#1", "uv": [ 0.0, 0.0, 0.10000000149011612, 0.09999998658895493 ] },
                "up": { "texture": "#1", "uv": [ 0.0, 0.0, 0.1, 0.1 ] },
                "down": { "texture": "#1", "uv": [ 0.0, 0.0, 0.1, 0.1 ] }
            }
        },
        {
            "name": "Cube",
            "from": [ 1.5999999940395355, 4.899999998509884, 6.200000017881393 ], 
            "to": [ 10.099999986588955, 5.699999995529652, 8.30000001937151 ], 
            "faces": {
                "north": { "texture": "#1", "uv": [ 0.0, 0.0, 0.1, 0.1 ] },
                "east": { "texture": "#1", "uv": [ 0.0, 0.0, 0.10000000149011612, 0.09999998658895493 ] },
                "south": { "texture": "#1", "uv": [ 0.0, 0.0, 0.1, 0.1 ] },
                "west": { "texture": "#1", "uv": [ 0.0, 0.0, 0.10000000149011612, 0.09999998658895493 ] },
                "up": { "texture": "#1", "uv": [ 0.0, 0.0, 8.49999999254942, 2.100000001490116 ] },
                "down": { "texture": "#1", "uv": [ 0.0, 0.0, 0.1, 0.1 ] }
            }
        },
        {
            "name": "Cube",
            "from": [ 9.299999974668026, 4.900000013411045, 6.400000020861626 ], 
            "to": [ 16.099999971687794, 5.199999988079071, 8.100000016391277 ], 
            "faces": {
                "north": { "texture": "#2", "uv": [ 0.0, 0.0, 0.1, 0.1 ] },
                "east": { "texture": "#2", "uv": [ 0.0, 0.0, 0.10000000149011612, 0.09999998658895493 ] },
                "south": { "texture": "#2", "uv": [ 0.0, 0.0, 0.1, 0.1 ] },
                "west": { "texture": "#2", "uv": [ 0.0, 0.0, 0.10000000149011612, 0.09999998658895493 ] },
                "up": { "texture": "#2", "uv": [ 0.0, 0.0, 0.1, 0.1 ] },
                "down": { "texture": "#2", "uv": [ 0.0, 0.0, 0.1, 0.1 ] }
            }
        },
        {
            "name": "Cube",
            "from": [ 10.099999986588955, 4.800000011920929, 6.000000014901161 ], 
            "to": [ 10.599999979138374, 5.5999999940395355, 7.100000016391277 ], 
            "rotation": { "origin": [ 8.0, 6.499999992549419, 6.499999992549419 ], "axis": "x", "angle": -45.0 },
            "faces": {
                "north": { "texture": "#2", "uv": [ 0.0, 0.0, 0.1, 0.1 ] },
                "east": { "texture": "#2", "uv": [ 0.0, 0.0, 0.1, 0.1 ] },
                "south": { "texture": "#2", "uv": [ 0.0, 0.0, 0.1, 0.1 ] },
                "west": { "texture": "#2", "uv": [ 0.0, 0.0, 0.1, 0.1 ] },
                "up": { "texture": "#2", "uv": [ 0.0, 0.0, 0.4999999925494194, 1.1000000014901161 ] },
                "down": { "texture": "#2", "uv": [ 0.0, 0.0, 0.1, 0.1 ] }
            }
        },
        {
            "name": "Cube",
            "from": [ 10.099999971687794, 4.600000008940697, 6.400000020861626 ], 
            "to": [ 10.599999964237213, 5.699999995529652, 8.100000016391277 ], 
            "faces": {
                "north": { "texture": "#2", "uv": [ 0.0, 0.0, 0.1, 0.1 ] },
                "east": { "texture": "#2", "uv": [ 0.0, 0.0, 0.10000000149011612, 0.09999998658895493 ] },
                "south": { "texture": "#2", "uv": [ 0.0, 0.0, 0.1, 0.1 ] },
                "west": { "texture": "#2", "uv": [ 0.0, 0.0, 0.10000000149011612, 0.09999998658895493 ] },
                "up": { "texture": "#2", "uv": [ 0.0, 0.0, 0.4999999925494194, 1.6999999955296516 ] },
                "down": { "texture": "#2", "uv": [ 0.0, 0.0, 0.1, 0.1 ] }
            }
        },
        {
            "name": "Cube",
            "from": [ 10.099999986588955, 4.800000011920929, 6.000000014901161 ], 
            "to": [ 10.599999979138374, 5.5999999940395355, 7.100000016391277 ], 
            "rotation": { "origin": [ 6.0, 4.799999982118607, 7.299999974668026 ], "axis": "x", "angle": 45.0 },
            "faces": {
                "north": { "texture": "#2", "uv": [ 0.0, 0.0, 0.1, 0.1 ] },
                "east": { "texture": "#2", "uv": [ 0.0, 0.0, 0.1, 0.1 ] },
                "south": { "texture": "#2", "uv": [ 0.0, 0.0, 0.1, 0.1 ] },
                "west": { "texture": "#2", "uv": [ 0.0, 0.0, 0.1, 0.1 ] },
                "up": { "texture": "#2", "uv": [ 0.0, 0.0, 0.4999999925494194, 1.1000000014901161 ] },
                "down": { "texture": "#2", "uv": [ 0.0, 0.0, 0.1, 0.1 ] }
            }
        },
        {
            "name": "Cube",
            "from": [ 10.099999971687794, 4.100000001490116, 6.899999998509884 ], 
            "to": [ 10.599999971687794, 6.299999989569187, 7.5999999940395355 ], 
            "faces": {
                "north": { "texture": "#2", "uv": [ 0.0, 0.0, 0.1, 0.1 ] },
                "east": { "texture": "#2", "uv": [ 0.0, 0.0, 0.1, 0.1 ] },
                "south": { "texture": "#2", "uv": [ 0.0, 0.0, 0.1, 0.1 ] },
                "west": { "texture": "#2", "uv": [ 0.0, 0.0, 0.1, 0.1 ] },
                "up": { "texture": "#2", "uv": [ 0.0, 0.0, 0.1, 0.1 ] },
                "down": { "texture": "#2", "uv": [ 0.0, 0.0, 0.1, 0.1 ] }
            }
        },
        {
            "name": "Cube",
            "from": [ 10.299999959766865, 4.600000008940697, 7.600000023841858 ], 
            "to": [ 15.899999968707561, 5.699999995529652, 8.100000016391277 ], 
            "faces": {
                "north": { "texture": "#2", "uv": [ 0.0, 0.0, 0.1, 0.1 ] },
                "east": { "texture": "#2", "uv": [ 0.0, 0.0, 0.10000000149011612, 0.09999998658895493 ] },
                "south": { "texture": "#2", "uv": [ 0.0, 0.0, 0.1, 0.1 ] },
                "west": { "texture": "#2", "uv": [ 0.0, 0.0, 0.10000000149011612, 0.09999998658895493 ] },
                "up": { "texture": "#2", "uv": [ 0.0, 0.0, 0.1, 0.6999999955296516 ] },
                "down": { "texture": "#2", "uv": [ 0.0, 0.0, 0.1, 0.1 ] }
            }
        },
        {
            "name": "Cube",
            "from": [ 10.599999979138374, 4.600000008940697, 6.400000020861626 ], 
            "to": [ 11.299999974668026, 5.799999997019768, 8.100000016391277 ], 
            "faces": {
                "north": { "texture": "#2", "uv": [ 0.0, 0.0, 0.1, 0.1 ] },
                "east": { "texture": "#2", "uv": [ 0.0, 0.0, 0.10000000149011612, 0.09999998658895493 ] },
                "south": { "texture": "#2", "uv": [ 0.0, 0.0, 0.1, 0.1 ] },
                "west": { "texture": "#2", "uv": [ 0.0, 0.0, 0.10000000149011612, 0.09999998658895493 ] },
                "up": { "texture": "#2", "uv": [ 0.0, 0.0, 0.1, 0.1 ] },
                "down": { "texture": "#2", "uv": [ 0.0, 0.0, 0.1, 0.1 ] }
            }
        },
        {
            "name": "Cube",
            "from": [ 10.19999997317791, 5.899999998509884, 6.600000023841858 ], 
            "to": [ 10.69999996572733, 6.499999977648258, 7.900000013411045 ], 
            "faces": {
                "north": { "texture": "#2", "uv": [ 0.0, 0.0, 0.1, 0.1 ] },
                "east": { "texture": "#2", "uv": [ 0.0, 0.0, 0.10000000149011612, 0.09999998658895493 ] },
                "south": { "texture": "#2", "uv": [ 0.0, 0.0, 0.1, 0.1 ] },
                "west": { "texture": "#2", "uv": [ 0.0, 0.0, 0.10000000149011612, 0.09999998658895493 ] },
                "up": { "texture": "#2", "uv": [ 0.0, 0.0, 0.4999999925494194, 1.2999999895691872 ] },
                "down": { "texture": "#2", "uv": [ 0.0, 0.0, 0.1, 0.1 ] }
            }
        },
        {
            "name": "Cube",
            "from": [ 15.899999968707561, 4.600000008940697, 6.400000020861626 ], 
            "to": [ 16.599999964237213, 6.0, 8.100000016391277 ], 
            "faces": {
                "north": { "texture": "#2", "uv": [ 0.0, 0.0, 0.1, 0.1 ] },
                "east": { "texture": "#2", "uv": [ 0.0, 0.0, 0.10000000149011612, 0.09999998658895493 ] },
                "south": { "texture": "#2", "uv": [ 0.0, 0.0, 0.1, 0.1 ] },
                "west": { "texture": "#2", "uv": [ 0.0, 0.0, 0.10000000149011612, 0.09999998658895493 ] },
                "up": { "texture": "#2", "uv": [ 0.0, 0.0, 0.6999999955296516, 1.6999999955296516 ] },
                "down": { "texture": "#2", "uv": [ 0.0, 0.0, 0.1, 0.1 ] }
            }
        },
        {
            "name": "Cube",
            "from": [ 9.299999974668026, 5.0, 6.700000025331974 ], 
            "to": [ 17.19999997317791, 5.499999977648258, 7.600000008940697 ], 
            "faces": {
                "north": { "texture": "#3", "uv": [ 0.0, 0.0, 0.1, 0.1 ] },
                "east": { "texture": "#3", "uv": [ 0.0, 0.0, 0.10000000149011612, 0.09999998658895493 ] },
                "south": { "texture": "#3", "uv": [ 0.0, 0.0, 0.1, 0.1 ] },
                "west": { "texture": "#3", "uv": [ 0.0, 0.0, 0.10000000149011612, 0.09999998658895493 ] },
                "up": { "texture": "#3", "uv": [ 0.0, 0.0, 0.1, 0.1 ] },
                "down": { "texture": "#3", "uv": [ 0.0, 0.0, 0.1, 0.1 ] }
            }
        },
        {
            "name": "Cube",
            "from": [ 16.89999996870756, 4.800000011920929, 6.600000023841858 ], 
            "to": [ 17.599999964237213, 5.699999995529652, 7.700000010430813 ], 
            "faces": {
                "north": { "texture": "#0", "uv": [ 0.0, 0.0, 0.1, 0.1 ] },
                "east": { "texture": "#0", "uv": [ 0.0, 0.0, 0.10000000149011612, 0.09999998658895493 ] },
                "south": { "texture": "#0", "uv": [ 0.0, 0.0, 0.1, 0.1 ] },
                "west": { "texture": "#0", "uv": [ 0.0, 0.0, 0.10000000149011612, 0.09999998658895493 ] },
                "up": { "texture": "#0", "uv": [ 0.0, 0.0, 0.6999999955296516, 1.099999986588955 ] },
                "down": { "texture": "#0", "uv": [ 0.0, 0.0, 0.1, 0.1 ] }
            }
        },
        {
            "name": "Cube",
            "from": [ 18.799999997019768, 2.700000010430813, 6.200000017881393 ], 
            "to": [ 22.099999986588955, 4.800000011920929, 8.30000001937151 ], 
            "rotation": { "origin": [ 19.100000001490116, 4.399999991059303, 8.0 ], "axis": "z", "angle": -22.5 },
            "faces": {
                "north": { "texture": "#1", "uv": [ 0.0, 0.0, 0.1, 0.1 ] },
                "east": { "texture": "#1", "uv": [ 0.0, 0.0, 0.10000000149011612, 0.09999998658895493 ] },
                "south": { "texture": "#1", "uv": [ 0.0, 0.0, 0.1, 0.1 ] },
                "west": { "texture": "#1", "uv": [ 0.0, 0.0, 0.10000000149011612, 0.09999998658895493 ] },
                "up": { "texture": "#1", "uv": [ 0.0, 0.0, 0.1, 0.1 ] },
                "down": { "texture": "#1", "uv": [ 0.0, 0.0, 0.1, 0.1 ] }
            }
        },
        {
            "name": "Cube",
            "from": [ 18.799999997019768, 2.700000010430813, 6.200000017881393 ], 
            "to": [ 22.099999986588955, 4.800000011920929, 8.30000001937151 ], 
            "rotation": { "origin": [ 19.100000001490116, 4.399999991059303, 8.0 ], "axis": "z", "angle": -22.5 },
            "faces": {
                "north": { "texture": "#1", "uv": [ 0.0, 0.0, 0.1, 0.1 ] },
                "east": { "texture": "#1", "uv": [ 0.0, 0.0, 0.10000000149011612, 0.09999998658895493 ] },
                "south": { "texture": "#1", "uv": [ 0.0, 0.0, 0.1, 0.1 ] },
                "west": { "texture": "#1", "uv": [ 0.0, 0.0, 0.10000000149011612, 0.09999998658895493 ] },
                "up": { "texture": "#1", "uv": [ 0.0, 0.0, 0.1, 0.1 ] },
                "down": { "texture": "#1", "uv": [ 0.0, 0.0, 0.1, 0.1 ] }
            }
        },
        {
            "name": "Cube",
            "from": [ 21.0, 1.7999999970197678, 6.200000017881393 ], 
            "to": [ 30.99999998509884, 3.899999998509884, 8.30000001937151 ], 
            "faces": {
                "north": { "texture": "#1", "uv": [ 0.0, 0.0, 0.1, 0.1 ] },
                "east": { "texture": "#1", "uv": [ 0.0, 0.0, 0.10000000149011612, 0.09999998658895493 ] },
                "south": { "texture": "#1", "uv": [ 0.0, 0.0, 0.1, 0.1 ] },
                "west": { "texture": "#1", "uv": [ 0.0, 0.0, 0.10000000149011612, 0.09999998658895493 ] },
                "up": { "texture": "#1", "uv": [ 0.0, 0.0, 0.1, 0.1 ] },
                "down": { "texture": "#1", "uv": [ 0.0, 0.0, 0.1, 0.1 ] }
            }
        },
        {
            "name": "Cube",
            "from": [ 23.0, 1.7999999970197678, 6.200000017881393 ], 
            "to": [ 31.99999998509884, 3.6999999955296516, 8.30000001937151 ], 
            "rotation": { "origin": [ 22.50000000745058, 4.399999991059303, 8.0 ], "axis": "z", "angle": -22.5 },
            "faces": {
                "north": { "texture": "#1", "uv": [ 0.0, 0.0, 0.1, 0.1 ] },
                "east": { "texture": "#1", "uv": [ 0.0, 0.0, 0.10000000149011612, 0.09999998658895493 ] },
                "south": { "texture": "#1", "uv": [ 0.0, 0.0, 0.1, 0.1 ] },
                "west": { "texture": "#1", "uv": [ 0.0, 0.0, 0.10000000149011612, 0.09999998658895493 ] },
                "up": { "texture": "#1", "uv": [ 0.0, 0.0, 0.1, 0.1 ] },
                "down": { "texture": "#1", "uv": [ 0.0, 0.0, 0.1, 0.1 ] }
            }
        },
        {
            "name": "Cube",
            "from": [ 27.0, -0.20000000298023224, 6.200000017881393 ], 
            "to": [ 30.99999998509884, 1.8999999985098839, 8.30000001937151 ], 
            "faces": {
                "north": { "texture": "#1", "uv": [ 0.0, 0.0, 0.1, 0.1 ] },
                "east": { "texture": "#1", "uv": [ 0.0, 0.0, 0.10000000149011612, 0.09999998658895493 ] },
                "south": { "texture": "#1", "uv": [ 0.0, 0.0, 0.1, 0.1 ] },
                "west": { "texture": "#1", "uv": [ 0.0, 0.0, 0.10000000149011612, 0.09999998658895493 ] },
                "up": { "texture": "#1", "uv": [ 0.0, 0.0, 0.1, 0.1 ] },
                "down": { "texture": "#1", "uv": [ 0.0, 0.0, 0.1, 0.1 ] }
            }
        },
        {
            "name": "Cube",
            "from": [ 15.999999970197678, 5.200000017881393, 5.600000023841858 ], 
            "to": [ 16.39999996125698, 5.600000008940697, 6.400000020861626 ], 
            "faces": {
                "north": { "texture": "#3", "uv": [ 0.0, 0.0, 0.1, 0.1 ] },
                "east": { "texture": "#3", "uv": [ 0.0, 0.0, 0.10000000149011612, 0.09999998658895493 ] },
                "south": { "texture": "#3", "uv": [ 0.0, 0.0, 0.1, 0.1 ] },
                "west": { "texture": "#3", "uv": [ 0.0, 0.0, 0.10000000149011612, 0.09999998658895493 ] },
                "up": { "texture": "#3", "uv": [ 0.0, 0.0, 0.3999999910593033, 0.7999999970197678 ] },
                "down": { "texture": "#3", "uv": [ 0.0, 0.0, 0.1, 0.1 ] }
            }
        },
        {
            "name": "Cube",
            "from": [ 15.999999970197678, 5.200000017881393, 5.700000025331974 ], 
            "to": [ 16.39999996125698, 5.600000008940697, 6.400000020861626 ], 
            "rotation": { "origin": [ 8.0, 3.6000000089406967, 6.0 ], "axis": "x", "angle": -22.5 },
            "faces": {
                "north": { "texture": "#3", "uv": [ 0.0, 0.0, 0.1, 0.1 ] },
                "east": { "texture": "#3", "uv": [ 0.0, 0.0, 0.10000000149011612, 0.09999998658895493 ] },
                "south": { "texture": "#3", "uv": [ 0.0, 0.0, 0.1, 0.1 ] },
                "west": { "texture": "#3", "uv": [ 0.0, 0.0, 0.10000000149011612, 0.09999998658895493 ] },
                "up": { "texture": "#3", "uv": [ 0.0, 0.0, 0.3999999910593033, 0.6999999955296516 ] },
                "down": { "texture": "#3", "uv": [ 0.0, 0.0, 0.1, 0.1 ] }
            }
        },
        {
            "name": "Cube",
            "from": [ 15.899999968707561, 5.100000016391277, 5.1000000312924385 ], 
            "to": [ 16.499999962747097, 5.700000010430813, 5.700000025331974 ], 
            "rotation": { "origin": [ 8.0, 3.6000000089406967, 6.0 ], "axis": "x", "angle": -22.5 },
            "faces": {
                "north": { "texture": "#0", "uv": [ 0.0, 0.0, 0.1, 0.1 ] },
                "east": { "texture": "#0", "uv": [ 0.0, 0.0, 0.10000000149011612, 0.09999998658895493 ] },
                "south": { "texture": "#0", "uv": [ 0.0, 0.0, 0.1, 0.1 ] },
                "west": { "texture": "#0", "uv": [ 0.0, 0.0, 0.10000000149011612, 0.09999998658895493 ] },
                "up": { "texture": "#0", "uv": [ 0.0, 0.0, 0.5999999940395355, 0.5999999940395355 ] },
                "down": { "texture": "#0", "uv": [ 0.0, 0.0, 0.1, 0.1 ] }
            }
        },
        {
            "name": "Cube",
            "from": [ 10.19999997317791, 6.499999992549419, 6.80000002682209 ], 
            "to": [ 10.69999996572733, 6.699999965727329, 7.100000016391277 ], 
            "faces": {
                "north": { "texture": "#0", "uv": [ 0.0, 0.0, 0.1, 0.1 ] },
                "east": { "texture": "#0", "uv": [ 0.0, 0.0, 0.10000000149011612, 0.09999998658895493 ] },
                "south": { "texture": "#0", "uv": [ 0.0, 0.0, 0.1, 0.1 ] },
                "west": { "texture": "#0", "uv": [ 0.0, 0.0, 0.10000000149011612, 0.09999998658895493 ] },
                "up": { "texture": "#0", "uv": [ 0.0, 0.0, 0.4999999925494194, 0.29999998956918716 ] },
                "down": { "texture": "#0", "uv": [ 0.0, 0.0, 0.1, 0.1 ] }
            }
        },
        {
            "name": "Cube",
            "from": [ 10.19999997317791, 6.499999992549419, 7.300000034272671 ], 
            "to": [ 10.69999996572733, 6.699999965727329, 7.600000023841858 ], 
            "faces": {
                "north": { "texture": "#0", "uv": [ 0.0, 0.0, 0.1, 0.1 ] },
                "east": { "texture": "#0", "uv": [ 0.0, 0.0, 0.10000000149011612, 0.09999998658895493 ] },
                "south": { "texture": "#0", "uv": [ 0.0, 0.0, 0.1, 0.1 ] },
                "west": { "texture": "#0", "uv": [ 0.0, 0.0, 0.10000000149011612, 0.09999998658895493 ] },
                "up": { "texture": "#0", "uv": [ 0.0, 0.0, 0.4999999925494194, 0.29999998956918716 ] },
                "down": { "texture": "#0", "uv": [ 0.0, 0.0, 0.1, 0.1 ] }
            }
        },
        {
            "name": "Cube",
            "from": [ -2.4000000208616257, 6.499999992549419, 6.3000000193715096 ], 
            "to": [ 3.499999977648258, 8.499999977648258, 8.30000001937151 ], 
            "faces": {
                "north": { "texture": "#2", "uv": [ 0.0, 0.0, 0.1, 0.1 ] },
                "east": { "texture": "#2", "uv": [ 0.0, 0.0, 0.10000000149011612, 0.09999998658895493 ] },
                "south": { "texture": "#2", "uv": [ 0.0, 0.0, 0.1, 0.1 ] },
                "west": { "texture": "#4", "uv": [ 0.0, 0.0, 0.10000000149011612, 0.09999998658895493 ] },
                "up": { "texture": "#2", "uv": [ 0.0, 0.0, 0.1, 0.1 ] },
                "down": { "texture": "#2", "uv": [ 0.0, 0.0, 0.10000000000000009, 0.1 ] }
            }
        },
        {
            "name": "Cube",
            "from": [ 3.499999977648258, 6.699999995529652, 6.500000022351742 ], 
            "to": [ 4.499999962747097, 8.299999974668026, 8.100000016391277 ], 
            "faces": {
                "north": { "texture": "#2", "uv": [ 0.0, 0.0, 0.1, 0.1 ] },
                "east": { "texture": "#2", "uv": [ 0.0, 0.0, 0.10000000149011612, 0.09999998658895493 ] },
                "south": { "texture": "#2", "uv": [ 0.0, 0.0, 0.1, 0.1 ] },
                "west": { "texture": "#2", "uv": [ 0.0, 0.0, 0.10000000149011612, 0.09999998658895493 ] },
                "up": { "texture": "#2", "uv": [ 0.0, 0.0, 0.1, 0.1 ] },
                "down": { "texture": "#2", "uv": [ 0.0, 0.0, 0.10000000000000009, 0.1 ] }
            }
        },
        {
            "name": "Cube",
            "from": [ 4.499999962747097, 6.899999998509884, 6.600000023841858 ], 
            "to": [ 17.499999947845936, 8.099999971687794, 7.800000011920929 ], 
            "faces": {
                "north": { "texture": "#2", "uv": [ 0.0, 0.0, 0.1, 0.1 ] },
                "east": { "texture": "#4", "uv": [ 0.0, 0.0, 0.10000000149011612, 0.09999998658895493 ] },
                "south": { "texture": "#2", "uv": [ 0.0, 0.0, 0.1, 0.1 ] },
                "west": { "texture": "#2", "uv": [ 0.0, 0.0, 0.10000000149011612, 0.09999998658895493 ] },
                "up": { "texture": "#2", "uv": [ 0.0, 0.0, 0.1, 0.1 ] },
                "down": { "texture": "#2", "uv": [ 0.0, 0.0, 0.10000000000000009, 0.1 ] }
            }
        },
        {
            "name": "Cube",
            "from": [ 9.899999968707561, 6.799999997019768, 6.500000022351742 ], 
            "to": [ 10.8999999538064, 8.19999997317791, 8.000000014901161 ], 
            "faces": {
                "north": { "texture": "#3", "uv": [ 0.0, 0.0, 0.1, 0.1 ] },
                "east": { "texture": "#3", "uv": [ 0.0, 0.0, 0.10000000149011612, 0.09999998658895493 ] },
                "south": { "texture": "#3", "uv": [ 0.0, 0.0, 0.1, 0.1 ] },
                "west": { "texture": "#3", "uv": [ 0.0, 0.0, 0.10000000149011612, 0.09999998658895493 ] },
                "up": { "texture": "#3", "uv": [ 0.0, 0.0, 0.1, 0.1 ] },
                "down": { "texture": "#3", "uv": [ 0.0, 0.0, 0.10000000000000009, 0.1 ] }
            }
        },
        {
            "name": "Cube",
            "from": [ 10.099999971687794, 8.099999986588955, 7.000000014901161 ], 
            "to": [ 10.599999949336052, 8.599999964237213, 7.500000007450581 ], 
            "faces": {
                "north": { "texture": "#0", "uv": [ 0.0, 0.0, 0.1, 0.1 ] },
                "east": { "texture": "#0", "uv": [ 0.0, 0.0, 0.10000000149011612, 0.09999998658895493 ] },
                "south": { "texture": "#0", "uv": [ 0.0, 0.0, 0.1, 0.1 ] },
                "west": { "texture": "#0", "uv": [ 0.0, 0.0, 0.10000000149011612, 0.09999998658895493 ] },
                "up": { "texture": "#0", "uv": [ 0.0, 0.0, 0.1, 0.1 ] },
                "down": { "texture": "#0", "uv": [ 0.0, 0.0, 0.10000000000000009, 0.1 ] }
            }
        },
        {
            "name": "Cube",
            "from": [ 10.099999971687794, 7.299999974668026, 6.200000017881393 ], 
            "to": [ 10.599999949336052, 7.799999952316284, 8.400000005960464 ], 
            "faces": {
                "north": { "texture": "#0", "uv": [ 0.0, 0.0, 0.1, 0.1 ] },
                "east": { "texture": "#0", "uv": [ 0.0, 0.0, 0.10000000149011612, 0.09999998658895493 ] },
                "south": { "texture": "#0", "uv": [ 0.0, 0.0, 0.1, 0.1 ] },
                "west": { "texture": "#0", "uv": [ 0.0, 0.0, 0.10000000149011612, 0.09999998658895493 ] },
                "up": { "texture": "#0", "uv": [ 0.0, 0.0, 0.1, 0.1 ] },
                "down": { "texture": "#0", "uv": [ 0.0, 0.0, 0.10000000000000009, 0.1 ] }
            }
        },
        {
            "name": "Cube",
            "from": [ 9.899999968707561, 6.4000000059604645, 6.700000025331974 ], 
            "to": [ 16.599999964237213, 6.799999982118607, 7.700000010430813 ], 
            "faces": {
                "north": { "texture": "#3", "uv": [ 0.0, 0.0, 0.1, 0.1 ] },
                "east": { "texture": "#3", "uv": [ 0.0, 0.0, 0.10000000149011612, 0.09999998658895493 ] },
                "south": { "texture": "#3", "uv": [ 0.0, 0.0, 0.1, 0.1 ] },
                "west": { "texture": "#3", "uv": [ 0.0, 0.0, 0.10000000149011612, 0.09999998658895493 ] },
                "up": { "texture": "#3", "uv": [ 0.0, 0.0, 0.1, 0.1 ] },
                "down": { "texture": "#3", "uv": [ 0.0, 0.0, 0.10000000000000009, 0.1 ] }
            }
        },
        {
            "name": "Cube",
            "from": [ 15.899999968707561, 6.799999997019768, 6.500000022351742 ], 
            "to": [ 16.599999949336052, 8.19999997317791, 7.900000013411045 ], 
            "faces": {
                "north": { "texture": "#3", "uv": [ 0.0, 0.0, 0.1, 0.1 ] },
                "east": { "texture": "#3", "uv": [ 0.0, 0.0, 0.10000000149011612, 0.09999998658895493 ] },
                "south": { "texture": "#3", "uv": [ 0.0, 0.0, 0.1, 0.1 ] },
                "west": { "texture": "#3", "uv": [ 0.0, 0.0, 0.10000000149011612, 0.09999998658895493 ] },
                "up": { "texture": "#3", "uv": [ 0.0, 0.0, 0.1, 0.1 ] },
                "down": { "texture": "#3", "uv": [ 0.0, 0.0, 0.10000000000000009, 0.1 ] }
            }
        },
        {
            "name": "Cube",
            "from": [ 15.999999970197678, 5.899999998509884, 6.600000023841858 ], 
            "to": [ 16.499999962747097, 6.499999977648258, 7.900000013411045 ], 
            "faces": {
                "north": { "texture": "#3", "uv": [ 0.0, 0.0, 0.1, 0.1 ] },
                "east": { "texture": "#3", "uv": [ 0.0, 0.0, 0.10000000149011612, 0.09999998658895493 ] },
                "south": { "texture": "#3", "uv": [ 0.0, 0.0, 0.1, 0.1 ] },
                "west": { "texture": "#3", "uv": [ 0.0, 0.0, 0.10000000149011612, 0.09999998658895493 ] },
                "up": { "texture": "#3", "uv": [ 0.0, 0.0, 0.4999999925494194, 1.2999999895691872 ] },
                "down": { "texture": "#3", "uv": [ 0.0, 0.0, 0.1, 0.1 ] }
            }
        },
        {
            "name": "Cube",
            "from": [ 15.899999968707561, 6.799999997019768, 6.500000022351742 ], 
            "to": [ 16.599999949336052, 8.19999997317791, 7.900000013411045 ], 
            "faces": {
                "north": { "texture": "#3", "uv": [ 0.0, 0.0, 0.1, 0.1 ] },
                "east": { "texture": "#3", "uv": [ 0.0, 0.0, 0.10000000149011612, 0.09999998658895493 ] },
                "south": { "texture": "#3", "uv": [ 0.0, 0.0, 0.1, 0.1 ] },
                "west": { "texture": "#3", "uv": [ 0.0, 0.0, 0.10000000149011612, 0.09999998658895493 ] },
                "up": { "texture": "#3", "uv": [ 0.0, 0.0, 0.1, 0.1 ] },
                "down": { "texture": "#3", "uv": [ 0.0, 0.0, 0.10000000000000009, 0.1 ] }
            }
        },
        {
            "name": "Cube",
            "from": [ 17.499999962747097, 6.899999998509884, 6.600000023841858 ], 
            "to": [ 17.59999993443489, 7.999999970197678, 6.700000010430813 ], 
            "faces": {
                "north": { "texture": "#3", "uv": [ 0.0, 0.0, 0.1, 0.1 ] },
                "east": { "texture": "#3", "uv": [ 0.0, 0.0, 0.10000000149011612, 0.09999998658895493 ] },
                "south": { "texture": "#3", "uv": [ 0.0, 0.0, 0.1, 0.1 ] },
                "west": { "texture": "#3", "uv": [ 0.0, 0.0, 0.10000000149011612, 0.09999998658895493 ] },
                "up": { "texture": "#3", "uv": [ 0.0, 0.0, 0.1, 0.1 ] },
                "down": { "texture": "#3", "uv": [ 0.0, 0.0, 0.10000000000000009, 0.1 ] }
            }
        },
        {
            "name": "Cube",
            "from": [ 17.499999962747097, 6.899999998509884, 7.700000025331974 ], 
            "to": [ 17.59999993443489, 7.999999970197678, 7.800000011920929 ], 
            "faces": {
                "north": { "texture": "#3", "uv": [ 0.0, 0.0, 0.1, 0.1 ] },
                "east": { "texture": "#3", "uv": [ 0.0, 0.0, 0.10000000149011612, 0.09999998658895493 ] },
                "south": { "texture": "#3", "uv": [ 0.0, 0.0, 0.1, 0.1 ] },
                "west": { "texture": "#3", "uv": [ 0.0, 0.0, 0.10000000149011612, 0.09999998658895493 ] },
                "up": { "texture": "#3", "uv": [ 0.0, 0.0, 0.1, 0.1 ] },
                "down": { "texture": "#3", "uv": [ 0.0, 0.0, 0.10000000000000009, 0.1 ] }
            }
        },
        {
            "name": "Cube",
            "from": [ 17.499999962747097, 7.999999985098839, 6.600000023841858 ], 
            "to": [ 17.59999993443489, 8.099999956786633, 7.800000011920929 ], 
            "faces": {
                "north": { "texture": "#3", "uv": [ 0.0, 0.0, 0.1, 0.1 ] },
                "east": { "texture": "#3", "uv": [ 0.0, 0.0, 0.10000000149011612, 0.09999998658895493 ] },
                "south": { "texture": "#3", "uv": [ 0.0, 0.0, 0.1, 0.1 ] },
                "west": { "texture": "#3", "uv": [ 0.0, 0.0, 0.10000000149011612, 0.09999998658895493 ] },
                "up": { "texture": "#3", "uv": [ 0.0, 0.0, 0.1, 0.1 ] },
                "down": { "texture": "#3", "uv": [ 0.0, 0.0, 0.10000000000000009, 0.1 ] }
            }
        },
        {
            "name": "Cube",
            "from": [ 17.499999962747097, 6.899999983608723, 6.600000023841858 ], 
            "to": [ 17.59999993443489, 6.999999955296516, 7.800000011920929 ], 
            "faces": {
                "north": { "texture": "#3", "uv": [ 0.0, 0.0, 0.1, 0.1 ] },
                "east": { "texture": "#3", "uv": [ 0.0, 0.0, 0.10000000149011612, 0.09999998658895493 ] },
                "south": { "texture": "#3", "uv": [ 0.0, 0.0, 0.1, 0.1 ] },
                "west": { "texture": "#3", "uv": [ 0.0, 0.0, 0.10000000149011612, 0.09999998658895493 ] },
                "up": { "texture": "#3", "uv": [ 0.0, 0.0, 0.1, 0.1 ] },
                "down": { "texture": "#3", "uv": [ 0.0, 0.0, 0.10000000000000009, 0.1 ] }
            }
        },
        {
            "name": "Cube",
            "from": [ -2.500000037252903, 6.499999977648258, 6.3000000193715096 ], 
            "to": [ -2.4000000655651093, 6.599999949336052, 8.300000004470348 ], 
            "faces": {
                "north": { "texture": "#3", "uv": [ 0.0, 0.0, 0.1, 0.1 ] },
                "east": { "texture": "#3", "uv": [ 0.0, 0.0, 0.10000000149011612, 0.09999998658895493 ] },
                "south": { "texture": "#3", "uv": [ 0.0, 0.0, 0.1, 0.1 ] },
                "west": { "texture": "#3", "uv": [ 0.0, 0.0, 0.10000000149011612, 0.09999998658895493 ] },
                "up": { "texture": "#3", "uv": [ 0.0, 0.0, 0.1, 0.1 ] },
                "down": { "texture": "#3", "uv": [ 0.0, 0.0, 0.10000000000000009, 0.1 ] }
            }
        },
        {
            "name": "Cube",
            "from": [ -2.500000037252903, 8.399999991059303, 6.3000000193715096 ], 
            "to": [ -2.4000000655651093, 8.499999962747097, 8.300000004470348 ], 
            "faces": {
                "north": { "texture": "#3", "uv": [ 0.0, 0.0, 0.1, 0.1 ] },
                "east": { "texture": "#3", "uv": [ 0.0, 0.0, 0.10000000149011612, 0.09999998658895493 ] },
                "south": { "texture": "#3", "uv": [ 0.0, 0.0, 0.1, 0.1 ] },
                "west": { "texture": "#3", "uv": [ 0.0, 0.0, 0.10000000149011612, 0.09999998658895493 ] },
                "up": { "texture": "#3", "uv": [ 0.0, 0.0, 0.1, 0.1 ] },
                "down": { "texture": "#3", "uv": [ 0.0, 0.0, 0.10000000000000009, 0.1 ] }
            }
        },
        {
            "name": "Cube",
            "from": [ -2.500000037252903, 6.599999979138374, 6.3000000193715096 ], 
            "to": [ -2.4000000655651093, 8.39999994635582, 6.4000000059604645 ], 
            "faces": {
                "north": { "texture": "#3", "uv": [ 0.0, 0.0, 0.1, 0.1 ] },
                "east": { "texture": "#3", "uv": [ 0.0, 0.0, 0.10000000149011612, 0.09999998658895493 ] },
                "south": { "texture": "#3", "uv": [ 0.0, 0.0, 0.1, 0.1 ] },
                "west": { "texture": "#3", "uv": [ 0.0, 0.0, 0.10000000149011612, 0.09999998658895493 ] },
                "up": { "texture": "#3", "uv": [ 0.0, 0.0, 0.1, 0.1 ] },
                "down": { "texture": "#3", "uv": [ 0.0, 0.0, 0.10000000000000009, 0.1 ] }
            }
        },
        {
            "name": "Cube",
            "from": [ -2.500000037252903, 6.599999979138374, 8.200000017881393 ], 
            "to": [ -2.4000000655651093, 8.39999994635582, 8.300000004470348 ], 
            "faces": {
                "north": { "texture": "#3", "uv": [ 0.0, 0.0, 0.1, 0.1 ] },
                "east": { "texture": "#3", "uv": [ 0.0, 0.0, 0.10000000149011612, 0.09999998658895493 ] },
                "south": { "texture": "#3", "uv": [ 0.0, 0.0, 0.1, 0.1 ] },
                "west": { "texture": "#3", "uv": [ 0.0, 0.0, 0.10000000149011612, 0.09999998658895493 ] },
                "up": { "texture": "#3", "uv": [ 0.0, 0.0, 0.1, 0.1 ] },
                "down": { "texture": "#3", "uv": [ 0.0, 0.0, 0.10000000000000009, 0.1 ] }
            }
        },
        {
            "name": "Cube",
            "from": [ 14.899999968707561, 1.4000000059604645, 6.500000022351742 ], 
            "to": [ 15.199999958276749, 2.6999999806284904, 7.600000008940697 ], 
            "faces": {
                "north": { "texture": "#3", "uv": [ 0.0, 0.0, 0.1, 0.1 ] },
                "east": { "texture": "#3", "uv": [ 0.0, 0.0, 0.10000000149011612, 0.09999998658895493 ] },
                "south": { "texture": "#3", "uv": [ 0.0, 0.0, 0.1, 0.1 ] },
                "west": { "texture": "#3", "uv": [ 0.0, 0.0, 0.10000000149011612, 0.09999998658895493 ] },
                "up": { "texture": "#3", "uv": [ 0.0, 0.0, 0.1, 0.1 ] },
                "down": { "texture": "#3", "uv": [ 0.0, 0.0, 0.10000000000000009, 0.1 ] }
            }
        },
        {
            "name": "Cube",
            "from": [ 17.499999977648258, 1.4000000059604645, 6.600000023841858 ], 
            "to": [ 17.799999967217445, 2.6999999806284904, 7.600000008940697 ], 
            "faces": {
                "north": { "texture": "#3", "uv": [ 0.0, 0.0, 0.1, 0.1 ] },
                "east": { "texture": "#3", "uv": [ 0.0, 0.0, 0.10000000149011612, 0.09999998658895493 ] },
                "south": { "texture": "#3", "uv": [ 0.0, 0.0, 0.1, 0.1 ] },
                "west": { "texture": "#3", "uv": [ 0.0, 0.0, 0.10000000149011612, 0.09999998658895493 ] },
                "up": { "texture": "#3", "uv": [ 0.0, 0.0, 0.1, 0.1 ] },
                "down": { "texture": "#3", "uv": [ 0.0, 0.0, 0.10000000000000009, 0.1 ] }
            }
        },
        {
            "name": "Cube",
            "from": [ 17.499999977648258, 1.0000000149011612, 6.600000038743019 ], 
            "to": [ 17.799999967217445, 1.3999999910593033, 7.600000023841858 ], 
            "rotation": { "origin": [ 17.80000001192093, 1.399999976158142, 8.0 ], "axis": "z", "angle": -45.0 },
            "faces": {
                "north": { "texture": "#3", "uv": [ 0.0, 0.0, 0.1, 0.1 ] },
                "east": { "texture": "#3", "uv": [ 0.0, 0.0, 0.10000000149011612, 0.09999998658895493 ] },
                "south": { "texture": "#3", "uv": [ 0.0, 0.0, 0.1, 0.1 ] },
                "west": { "texture": "#3", "uv": [ 0.0, 0.0, 0.10000000149011612, 0.09999998658895493 ] },
                "up": { "texture": "#3", "uv": [ 0.0, 0.0, 0.1, 0.1 ] },
                "down": { "texture": "#3", "uv": [ 0.0, 0.0, 0.10000000000000009, 0.1 ] }
            }
        },
        {
            "name": "Cube",
            "from": [ 17.499999977648258, 1.0000000149011612, 6.500000022351742 ], 
            "to": [ 17.799999967217445, 1.3999999910593033, 7.600000008940697 ], 
            "rotation": { "origin": [ 16.200000017881393, -1.700000025331974, 8.0 ], "axis": "z", "angle": 45.0 },
            "faces": {
                "north": { "texture": "#3", "uv": [ 0.0, 0.0, 0.1, 0.1 ] },
                "east": { "texture": "#3", "uv": [ 0.0, 0.0, 0.10000000149011612, 0.09999998658895493 ] },
                "south": { "texture": "#3", "uv": [ 0.0, 0.0, 0.1, 0.1 ] },
                "west": { "texture": "#3", "uv": [ 0.0, 0.0, 0.10000000149011612, 0.09999998658895493 ] },
                "up": { "texture": "#3", "uv": [ 0.0, 0.0, 0.1, 0.1 ] },
                "down": { "texture": "#3", "uv": [ 0.0, 0.0, 0.10000000000000009, 0.1 ] }
            }
        },
        {
            "name": "Cube",
            "from": [ 15.19999997317791, 1.1000000163912773, 6.600000023841858 ], 
            "to": [ 17.499999962747097, 1.3999999910593033, 7.600000008940697 ], 
            "faces": {
                "north": { "texture": "#3", "uv": [ 0.0, 0.0, 0.1, 0.1 ] },
                "east": { "texture": "#3", "uv": [ 0.0, 0.0, 0.10000000149011612, 0.09999998658895493 ] },
                "south": { "texture": "#3", "uv": [ 0.0, 0.0, 0.1, 0.1 ] },
                "west": { "texture": "#3", "uv": [ 0.0, 0.0, 0.10000000149011612, 0.09999998658895493 ] },
                "up": { "texture": "#3", "uv": [ 0.0, 0.0, 0.1, 0.1 ] },
                "down": { "texture": "#3", "uv": [ 0.0, 0.0, 0.10000000000000009, 0.1 ] }
            }
        },
        {
            "name": "Cube",
            "from": [ 16.69999998062849, 2.1000000163912773, 6.700000025331974 ], 
            "to": [ 16.89999996870756, 2.7999999821186066, 7.200000002980232 ], 
            "faces": {
                "north": { "texture": "#3", "uv": [ 0.0, 0.0, 0.1, 0.1 ] },
                "east": { "texture": "#3", "uv": [ 0.0, 0.0, 0.10000000149011612, 0.09999998658895493 ] },
                "south": { "texture": "#3", "uv": [ 0.0, 0.0, 0.1, 0.1 ] },
                "west": { "texture": "#3", "uv": [ 0.0, 0.0, 0.10000000149011612, 0.09999998658895493 ] },
                "up": { "texture": "#3", "uv": [ 0.0, 0.0, 0.1, 0.1 ] },
                "down": { "texture": "#3", "uv": [ 0.0, 0.0, 0.10000000000000009, 0.1 ] }
            }
        },
        {
            "name": "Cube",
            "from": [ 16.69999998062849, 2.3000000193715096, 6.700000025331974 ], 
            "to": [ 16.89999996870756, 2.7999999821186066, 7.200000002980232 ], 
            "rotation": { "origin": [ 15.299999989569187, 2.4000000059604645, 8.0 ], "axis": "z", "angle": -22.5 },
            "faces": {
                "north": { "texture": "#3", "uv": [ 0.0, 0.0, 0.1, 0.1 ] },
                "east": { "texture": "#3", "uv": [ 0.0, 0.0, 0.10000000149011612, 0.09999998658895493 ] },
                "south": { "texture": "#3", "uv": [ 0.0, 0.0, 0.1, 0.1 ] },
                "west": { "texture": "#3", "uv": [ 0.0, 0.0, 0.10000000149011612, 0.09999998658895493 ] },
                "up": { "texture": "#3", "uv": [ 0.0, 0.0, 0.1, 0.1 ] },
                "down": { "texture": "#3", "uv": [ 0.0, 0.0, 0.10000000000000009, 0.1 ] }
            }
        },
        {
            "name": "Cube",
            "from": [ 1.5999999791383743, 4.800000011920929, 6.200000002980232 ], 
            "to": [ 5.099999986588955, 5.5999999940395355, 8.300000004470348 ], 
            "rotation": { "origin": [ 1.6000000089406967, 4.0, 8.0 ], "axis": "z", "angle": -22.5 },
            "faces": {
                "north": { "texture": "#1", "uv": [ 0.0, 0.0, 0.1, 0.1 ] },
                "east": { "texture": "#1", "uv": [ 0.0, 0.0, 0.1, 0.1 ] },
                "south": { "texture": "#1", "uv": [ 0.0, 0.0, 0.1, 0.1 ] },
                "west": { "texture": "#1", "uv": [ 0.0, 0.0, 0.1, 0.1 ] },
                "up": { "texture": "#1", "uv": [ 0.0, 0.0, 0.1, 0.1 ] },
                "down": { "texture": "#1", "uv": [ 0.0, 0.0, 0.1, 0.1 ] }
            }
        }
    ]
}