{
    "__comment": "Model generated using MrCrayfish's Model Creator (http://mrcrayfish.com/modelcreator/)",
    "textures": {
        "0": "blocks/wool_colored_green",
        "1": "blocks/hardened_clay_stained_yellow",
        "2": "blocks/anvil_base",
        "3": "blocks/wool_colored_black",
        "4": "blocks/cauldron_bottom",
        "5": "blocks/stone",
        "6": "blocks/glass_gray"
    },
    "elements": [
        {
            "name": "Cube",
            "from": [ -15.499999994039534, 4.500000007450581, 5.0 ], 
            "to": [ 14.500000005960466, 12.0, 12.0 ], 
            "faces": {
                "north": { "texture": "#0", "uv": [ 0.0, 0.0, 0.1, 0.1 ] },
                "east": { "texture": "#0", "uv": [ 0.0, 0.0, 0.1, 0.1 ] },
                "south": { "texture": "#0", "uv": [ 0.0, 0.0, 0.1, 0.1 ] },
                "west": { "texture": "#0", "uv": [ 0.0, 0.0, 0.1, 0.1 ] },
                "up": { "texture": "#0", "uv": [ 0.0, 0.0, 0.1, 0.1 ] },
                "down": { "texture": "#0", "uv": [ 0.0, 0.0, 0.1, 0.1 ] }
            }
        },
        {
            "name": "Cube",
            "from": [ 14.499999991059305, 9.30000001937151, 5.0 ], 
            "to": [ 29.499999991059305, 10.900000013411045, 8.200000002980232 ], 
            "faces": {
                "north": { "texture": "#1", "uv": [ 0.0, 0.0, 0.1, 0.1 ] },
                "east": { "texture": "#1", "uv": [ 0.0, 0.0, 0.1, 0.1 ] },
                "south": { "texture": "#1", "uv": [ 0.0, 0.0, 0.1, 0.1 ] },
                "west": { "texture": "#1", "uv": [ 0.0, 0.0, 0.1, 0.1 ] },
                "up": { "texture": "#1", "uv": [ 0.0, 0.0, 0.1, 0.1 ] },
                "down": { "texture": "#1", "uv": [ 0.0, 0.0, 0.1, 0.1 ] }
            }
        },
        {
            "name": "Cube",
            "from": [ 14.499999991059305, 8.400000005960464, 5.900000013411045 ], 
            "to": [ 29.499999991059305, 11.800000017881393, 7.300000004470348 ], 
            "faces": {
                "north": { "texture": "#1", "uv": [ 0.0, 0.0, 0.1, 0.1 ] },
                "east": { "texture": "#1", "uv": [ 0.0, 0.0, 0.1, 0.1 ] },
                "south": { "texture": "#1", "uv": [ 0.0, 0.0, 0.1, 0.1 ] },
                "west": { "texture": "#1", "uv": [ 0.0, 0.0, 0.1, 0.1 ] },
                "up": { "texture": "#1", "uv": [ 0.0, 0.0, 0.1, 0.1 ] },
                "down": { "texture": "#1", "uv": [ 0.0, 0.0, 0.1, 0.1 ] }
            }
        },
        {
            "name": "Cube",
            "from": [ 14.499999991059305, 8.400000005960464, 9.200000017881393 ], 
            "to": [ 29.499999991059305, 11.800000017881393, 10.800000011920929 ], 
            "faces": {
                "north": { "texture": "#1", "uv": [ 0.0, 0.0, 0.1, 0.1 ] },
                "east": { "texture": "#1", "uv": [ 0.0, 0.0, 0.1, 0.1 ] },
                "south": { "texture": "#1", "uv": [ 0.0, 0.0, 0.1, 0.1 ] },
                "west": { "texture": "#1", "uv": [ 0.0, 0.0, 0.1, 0.1 ] },
                "up": { "texture": "#1", "uv": [ 0.0, 0.0, 0.1, 0.1 ] },
                "down": { "texture": "#1", "uv": [ 0.0, 0.0, 0.1, 0.1 ] }
            }
        },
        {
            "name": "Cube",
            "from": [ 14.499999991059305, 9.30000001937151, 8.300000004470348 ], 
            "to": [ 29.499999991059305, 10.900000013411045, 11.700000010430813 ], 
            "faces": {
                "north": { "texture": "#1", "uv": [ 0.0, 0.0, 0.1, 0.1 ] },
                "east": { "texture": "#1", "uv": [ 0.0, 0.0, 0.1, 0.1 ] },
                "south": { "texture": "#1", "uv": [ 0.0, 0.0, 0.1, 0.1 ] },
                "west": { "texture": "#1", "uv": [ 0.0, 0.0, 0.1, 0.1 ] },
                "up": { "texture": "#1", "uv": [ 0.0, 0.0, 0.1, 0.1 ] },
                "down": { "texture": "#1", "uv": [ 0.0, 0.0, 0.1, 0.1 ] }
            }
        },
        {
            "name": "Cube",
            "from": [ 14.499999991059305, 9.400000020861626, 8.300000004470348 ], 
            "to": [ 29.499999991059305, 10.700000010430813, 9.900000013411045 ], 
            "rotation": { "origin": [ 8.0, 10.200000002980232, 10.100000001490116 ], "axis": "x", "angle": 45.0 },
            "faces": {
                "north": { "texture": "#1", "uv": [ 0.0, 0.0, 0.1, 0.1 ] },
                "east": { "texture": "#1", "uv": [ 0.0, 0.0, 0.1, 0.1 ] },
                "south": { "texture": "#1", "uv": [ 0.0, 0.0, 0.1, 0.1 ] },
                "west": { "texture": "#1", "uv": [ 0.0, 0.0, 0.1, 0.1 ] },
                "up": { "texture": "#1", "uv": [ 0.0, 0.0, 0.1, 0.1 ] },
                "down": { "texture": "#1", "uv": [ 0.0, 0.0, 0.1, 0.1 ] }
            }
        },
        {
            "name": "Cube",
            "from": [ 14.499999991059305, 9.400000020861626, 10.200000002980232 ], 
            "to": [ 29.499999991059305, 10.700000010430813, 11.800000011920929 ], 
            "rotation": { "origin": [ 8.0, 10.100000001490116, 10.100000001490116 ], "axis": "x", "angle": 45.0 },
            "faces": {
                "north": { "texture": "#1", "uv": [ 0.0, 0.0, 0.1, 0.1 ] },
                "east": { "texture": "#1", "uv": [ 0.0, 0.0, 0.1, 0.1 ] },
                "south": { "texture": "#1", "uv": [ 0.0, 0.0, 0.1, 0.1 ] },
                "west": { "texture": "#1", "uv": [ 0.0, 0.0, 0.1, 0.1 ] },
                "up": { "texture": "#1", "uv": [ 0.0, 0.0, 0.1, 0.1 ] },
                "down": { "texture": "#1", "uv": [ 0.0, 0.0, 0.1, 0.1 ] }
            }
        },
        {
            "name": "Cube",
            "from": [ 14.499999991059305, 9.600000023841858, 10.200000002980232 ], 
            "to": [ 29.499999991059305, 10.900000013411045, 11.800000011920929 ], 
            "rotation": { "origin": [ 8.0, 10.100000001490116, 10.200000002980232 ], "axis": "x", "angle": -45.0 },
            "faces": {
                "north": { "texture": "#1", "uv": [ 0.0, 0.0, 0.1, 0.1 ] },
                "east": { "texture": "#1", "uv": [ 0.0, 0.0, 0.1, 0.1 ] },
                "south": { "texture": "#1", "uv": [ 0.0, 0.0, 0.1, 0.1 ] },
                "west": { "texture": "#1", "uv": [ 0.0, 0.0, 0.1, 0.1 ] },
                "up": { "texture": "#1", "uv": [ 0.0, 0.0, 0.1, 0.1 ] },
                "down": { "texture": "#1", "uv": [ 0.0, 0.0, 0.1, 0.1 ] }
            }
        },
        {
            "name": "Cube",
            "from": [ 14.499999991059305, 9.600000023841858, 8.30000001937151 ], 
            "to": [ 29.499999991059305, 10.900000013411045, 9.900000028312206 ], 
            "rotation": { "origin": [ 8.0, 10.100000001490116, 10.200000002980232 ], "axis": "x", "angle": -45.0 },
            "faces": {
                "north": { "texture": "#1", "uv": [ 0.0, 0.0, 0.1, 0.1 ] },
                "east": { "texture": "#1", "uv": [ 0.0, 0.0, 0.1, 0.1 ] },
                "south": { "texture": "#1", "uv": [ 0.0, 0.0, 0.1, 0.1 ] },
                "west": { "texture": "#1", "uv": [ 0.0, 0.0, 0.1, 0.1 ] },
                "up": { "texture": "#1", "uv": [ 0.0, 0.0, 0.1, 0.1 ] },
                "down": { "texture": "#1", "uv": [ 0.0, 0.0, 0.1, 0.1 ] }
            }
        },
        {
            "name": "Cube",
            "from": [ 14.499999991059305, 7.200000017881393, 6.300000004470348 ], 
            "to": [ 29.499999991059305, 8.50000000745058, 7.900000013411045 ], 
            "rotation": { "origin": [ 8.0, 10.599999994039536, 10.100000001490116 ], "axis": "x", "angle": 45.0 },
            "faces": {
                "north": { "texture": "#1", "uv": [ 0.0, 0.0, 0.1, 0.1 ] },
                "east": { "texture": "#1", "uv": [ 0.0, 0.0, 0.1, 0.1 ] },
                "south": { "texture": "#1", "uv": [ 0.0, 0.0, 0.1, 0.1 ] },
                "west": { "texture": "#1", "uv": [ 0.0, 0.0, 0.1, 0.1 ] },
                "up": { "texture": "#1", "uv": [ 0.0, 0.0, 0.1, 0.1 ] },
                "down": { "texture": "#1", "uv": [ 0.0, 0.0, 0.1, 0.1 ] }
            }
        },
        {
            "name": "Cube",
            "from": [ 14.499999991059305, 7.000000014901161, 8.100000001490116 ], 
            "to": [ 29.499999991059305, 8.300000004470348, 9.700000010430813 ], 
            "rotation": { "origin": [ 8.0, 10.599999994039536, 10.200000002980232 ], "axis": "x", "angle": 45.0 },
            "faces": {
                "north": { "texture": "#1", "uv": [ 0.0, 0.0, 0.1, 0.1 ] },
                "east": { "texture": "#1", "uv": [ 0.0, 0.0, 0.1, 0.1 ] },
                "south": { "texture": "#1", "uv": [ 0.0, 0.0, 0.1, 0.1 ] },
                "west": { "texture": "#1", "uv": [ 0.0, 0.0, 0.1, 0.1 ] },
                "up": { "texture": "#1", "uv": [ 0.0, 0.0, 0.1, 0.1 ] },
                "down": { "texture": "#1", "uv": [ 0.0, 0.0, 0.1, 0.1 ] }
            }
        },
        {
            "name": "Cube",
            "from": [ 14.499999991059305, 11.800000011920929, 7.799999997019768 ], 
            "to": [ 29.499999991059305, 13.100000001490116, 9.400000005960464 ], 
            "rotation": { "origin": [ 8.0, 9.899999998509884, 9.899999998509884 ], "axis": "x", "angle": -45.0 },
            "faces": {
                "north": { "texture": "#1", "uv": [ 0.0, 0.0, 0.1, 0.1 ] },
                "east": { "texture": "#1", "uv": [ 0.0, 0.0, 0.1, 0.1 ] },
                "south": { "texture": "#1", "uv": [ 0.0, 0.0, 0.1, 0.1 ] },
                "west": { "texture": "#1", "uv": [ 0.0, 0.0, 0.1, 0.1 ] },
                "up": { "texture": "#1", "uv": [ 0.0, 0.0, 0.1, 0.1 ] },
                "down": { "texture": "#1", "uv": [ 0.0, 0.0, 0.1, 0.1 ] }
            }
        },
        {
            "name": "Cube",
            "from": [ 14.499999991059305, 11.600000008940697, 6.0 ], 
            "to": [ 29.499999991059305, 12.899999998509884, 7.600000008940697 ], 
            "rotation": { "origin": [ 8.0, 9.899999998509884, 9.799999997019768 ], "axis": "x", "angle": -45.0 },
            "faces": {
                "north": { "texture": "#1", "uv": [ 0.0, 0.0, 0.1, 0.1 ] },
                "east": { "texture": "#1", "uv": [ 0.0, 0.0, 0.1, 0.1 ] },
                "south": { "texture": "#1", "uv": [ 0.0, 0.0, 0.1, 0.1 ] },
                "west": { "texture": "#1", "uv": [ 0.0, 0.0, 0.1, 0.1 ] },
                "up": { "texture": "#1", "uv": [ 0.0, 0.0, 0.1, 0.1 ] },
                "down": { "texture": "#1", "uv": [ 0.0, 0.0, 0.1, 0.1 ] }
            }
        },
        {
            "name": "Cube",
            "from": [ 14.499999991059305, 4.799999997019768, 9.200000017881393 ], 
            "to": [ 29.499999991059305, 8.200000008940696, 10.800000011920929 ], 
            "faces": {
                "north": { "texture": "#1", "uv": [ 0.0, 0.0, 0.1, 0.1 ] },
                "east": { "texture": "#1", "uv": [ 0.0, 0.0, 0.1, 0.1 ] },
                "south": { "texture": "#1", "uv": [ 0.0, 0.0, 0.1, 0.1 ] },
                "west": { "texture": "#1", "uv": [ 0.0, 0.0, 0.1, 0.1 ] },
                "up": { "texture": "#1", "uv": [ 0.0, 0.0, 0.1, 0.1 ] },
                "down": { "texture": "#1", "uv": [ 0.0, 0.0, 0.1, 0.1 ] }
            }
        },
        {
            "name": "Cube",
            "from": [ 14.499999991059305, 4.799999997019768, 5.900000013411045 ], 
            "to": [ 29.499999991059305, 8.200000008940696, 7.300000004470348 ], 
            "faces": {
                "north": { "texture": "#1", "uv": [ 0.0, 0.0, 0.1, 0.1 ] },
                "east": { "texture": "#1", "uv": [ 0.0, 0.0, 0.1, 0.1 ] },
                "south": { "texture": "#1", "uv": [ 0.0, 0.0, 0.1, 0.1 ] },
                "west": { "texture": "#1", "uv": [ 0.0, 0.0, 0.1, 0.1 ] },
                "up": { "texture": "#1", "uv": [ 0.0, 0.0, 0.1, 0.1 ] },
                "down": { "texture": "#1", "uv": [ 0.0, 0.0, 0.1, 0.1 ] }
            }
        },
        {
            "name": "Cube",
            "from": [ 14.499999991059305, 5.700000025331974, 8.300000004470348 ], 
            "to": [ 29.499999991059305, 7.3000000193715096, 11.700000010430813 ], 
            "faces": {
                "north": { "texture": "#1", "uv": [ 0.0, 0.0, 0.1, 0.1 ] },
                "east": { "texture": "#1", "uv": [ 0.0, 0.0, 0.1, 0.1 ] },
                "south": { "texture": "#1", "uv": [ 0.0, 0.0, 0.1, 0.1 ] },
                "west": { "texture": "#1", "uv": [ 0.0, 0.0, 0.1, 0.1 ] },
                "up": { "texture": "#1", "uv": [ 0.0, 0.0, 0.1, 0.1 ] },
                "down": { "texture": "#1", "uv": [ 0.0, 0.0, 0.1, 0.1 ] }
            }
        },
        {
            "name": "Cube",
            "from": [ 14.499999991059305, 5.700000025331974, 5.0 ], 
            "to": [ 29.499999991059305, 7.3000000193715096, 8.200000002980232 ], 
            "faces": {
                "north": { "texture": "#1", "uv": [ 0.0, 0.0, 0.1, 0.1 ] },
                "east": { "texture": "#1", "uv": [ 0.0, 0.0, 0.1, 0.1 ] },
                "south": { "texture": "#1", "uv": [ 0.0, 0.0, 0.1, 0.1 ] },
                "west": { "texture": "#1", "uv": [ 0.0, 0.0, 0.1, 0.1 ] },
                "up": { "texture": "#1", "uv": [ 0.0, 0.0, 0.1, 0.1 ] },
                "down": { "texture": "#1", "uv": [ 0.0, 0.0, 0.1, 0.1 ] }
            }
        },
        {
            "name": "Cube",
            "from": [ 14.499999991059305, 7.1000000312924385, 7.600000008940697 ], 
            "to": [ 29.499999991059305, 8.400000020861626, 9.200000017881393 ], 
            "rotation": { "origin": [ 8.0, 10.200000002980232, 10.200000002980232 ], "axis": "x", "angle": -45.0 },
            "faces": {
                "north": { "texture": "#1", "uv": [ 0.0, 0.0, 0.1, 0.1 ] },
                "east": { "texture": "#1", "uv": [ 0.0, 0.0, 0.1, 0.1 ] },
                "south": { "texture": "#1", "uv": [ 0.0, 0.0, 0.1, 0.1 ] },
                "west": { "texture": "#1", "uv": [ 0.0, 0.0, 0.1, 0.1 ] },
                "up": { "texture": "#1", "uv": [ 0.0, 0.0, 0.1, 0.1 ] },
                "down": { "texture": "#1", "uv": [ 0.0, 0.0, 0.1, 0.1 ] }
            }
        },
        {
            "name": "Cube",
            "from": [ 14.499999991059305, 7.1000000312924385, 5.700000010430813 ], 
            "to": [ 29.499999991059305, 8.400000020861626, 7.3000000193715096 ], 
            "rotation": { "origin": [ 8.0, 10.200000002980232, 10.200000002980232 ], "axis": "x", "angle": -45.0 },
            "faces": {
                "north": { "texture": "#1", "uv": [ 0.0, 0.0, 0.1, 0.1 ] },
                "east": { "texture": "#1", "uv": [ 0.0, 0.0, 0.1, 0.1 ] },
                "south": { "texture": "#1", "uv": [ 0.0, 0.0, 0.1, 0.1 ] },
                "west": { "texture": "#1", "uv": [ 0.0, 0.0, 0.1, 0.1 ] },
                "up": { "texture": "#1", "uv": [ 0.0, 0.0, 0.1, 0.1 ] },
                "down": { "texture": "#1", "uv": [ 0.0, 0.0, 0.1, 0.1 ] }
            }
        },
        {
            "name": "Cube",
            "from": [ 14.499999991059305, 6.80000002682209, 12.800000011920929 ], 
            "to": [ 29.499999991059305, 8.100000016391277, 14.400000020861626 ], 
            "rotation": { "origin": [ 8.0, 10.200000002980232, 10.200000002980232 ], "axis": "x", "angle": 45.0 },
            "faces": {
                "north": { "texture": "#1", "uv": [ 0.0, 0.0, 0.1, 0.1 ] },
                "east": { "texture": "#1", "uv": [ 0.0, 0.0, 0.1, 0.1 ] },
                "south": { "texture": "#1", "uv": [ 0.0, 0.0, 0.1, 0.1 ] },
                "west": { "texture": "#1", "uv": [ 0.0, 0.0, 0.1, 0.1 ] },
                "up": { "texture": "#1", "uv": [ 0.0, 0.0, 0.1, 0.1 ] },
                "down": { "texture": "#1", "uv": [ 0.0, 0.0, 0.1, 0.1 ] }
            }
        },
        {
            "name": "Cube",
            "from": [ 14.499999991059305, 6.80000002682209, 10.899999998509884 ], 
            "to": [ 29.499999991059305, 8.100000016391277, 12.50000000745058 ], 
            "rotation": { "origin": [ 8.0, 10.200000002980232, 10.200000002980232 ], "axis": "x", "angle": 45.0 },
            "faces": {
                "north": { "texture": "#1", "uv": [ 0.0, 0.0, 0.1, 0.1 ] },
                "east": { "texture": "#1", "uv": [ 0.0, 0.0, 0.1, 0.1 ] },
                "south": { "texture": "#1", "uv": [ 0.0, 0.0, 0.1, 0.1 ] },
                "west": { "texture": "#1", "uv": [ 0.0, 0.0, 0.1, 0.1 ] },
                "up": { "texture": "#1", "uv": [ 0.0, 0.0, 0.1, 0.1 ] },
                "down": { "texture": "#1", "uv": [ 0.0, 0.0, 0.1, 0.1 ] }
            }
        },
        {
            "name": "Cube",
            "from": [ 14.499999991059305, 4.700000025331974, 8.900000013411045 ], 
            "to": [ 29.499999991059305, 6.000000014901161, 10.500000022351742 ], 
            "rotation": { "origin": [ 8.0, 10.699999995529652, 10.100000001490116 ], "axis": "x", "angle": 45.0 },
            "faces": {
                "north": { "texture": "#1", "uv": [ 0.0, 0.0, 0.1, 0.1 ] },
                "east": { "texture": "#1", "uv": [ 0.0, 0.0, 0.1, 0.1 ] },
                "south": { "texture": "#1", "uv": [ 0.0, 0.0, 0.1, 0.1 ] },
                "west": { "texture": "#1", "uv": [ 0.0, 0.0, 0.1, 0.1 ] },
                "up": { "texture": "#1", "uv": [ 0.0, 0.0, 0.1, 0.1 ] },
                "down": { "texture": "#1", "uv": [ 0.0, 0.0, 0.1, 0.1 ] }
            }
        },
        {
            "name": "Cube",
            "from": [ 14.499999991059305, 4.80000002682209, 10.600000008940697 ], 
            "to": [ 29.499999991059305, 6.000000014901161, 12.200000017881393 ], 
            "rotation": { "origin": [ 8.0, 10.699999995529652, 9.799999997019768 ], "axis": "x", "angle": 45.0 },
            "faces": {
                "north": { "texture": "#1", "uv": [ 0.0, 0.0, 0.1, 0.1 ] },
                "east": { "texture": "#1", "uv": [ 0.0, 0.0, 0.1, 0.1 ] },
                "south": { "texture": "#1", "uv": [ 0.0, 0.0, 0.1, 0.1 ] },
                "west": { "texture": "#1", "uv": [ 0.0, 0.0, 0.1, 0.1 ] },
                "up": { "texture": "#1", "uv": [ 0.0, 0.0, 0.1, 0.1 ] },
                "down": { "texture": "#1", "uv": [ 0.0, 0.0, 0.1, 0.1 ] }
            }
        },
        {
            "name": "Cube",
            "from": [ 14.499999991059305, 9.300000004470348, 5.299999974668026 ], 
            "to": [ 29.499999991059305, 10.599999994039536, 6.899999983608723 ], 
            "rotation": { "origin": [ 8.0, 9.899999998509884, 9.899999998509884 ], "axis": "x", "angle": -45.0 },
            "faces": {
                "north": { "texture": "#1", "uv": [ 0.0, 0.0, 0.1, 0.1 ] },
                "east": { "texture": "#1", "uv": [ 0.0, 0.0, 0.1, 0.1 ] },
                "south": { "texture": "#1", "uv": [ 0.0, 0.0, 0.1, 0.1 ] },
                "west": { "texture": "#1", "uv": [ 0.0, 0.0, 0.1, 0.1 ] },
                "up": { "texture": "#1", "uv": [ 0.0, 0.0, 0.1, 0.1 ] },
                "down": { "texture": "#1", "uv": [ 0.0, 0.0, 0.1, 0.1 ] }
            }
        },
        {
            "name": "Cube",
            "from": [ 14.499999991059305, 9.100000001490116, 3.499999977648258 ], 
            "to": [ 29.499999991059305, 10.399999991059303, 5.099999986588955 ], 
            "rotation": { "origin": [ 8.0, 9.899999998509884, 9.899999998509884 ], "axis": "x", "angle": -45.0 },
            "faces": {
                "north": { "texture": "#1", "uv": [ 0.0, 0.0, 0.1, 0.1 ] },
                "east": { "texture": "#1", "uv": [ 0.0, 0.0, 0.1, 0.1 ] },
                "south": { "texture": "#1", "uv": [ 0.0, 0.0, 0.1, 0.1 ] },
                "west": { "texture": "#1", "uv": [ 0.0, 0.0, 0.1, 0.1 ] },
                "up": { "texture": "#1", "uv": [ 0.0, 0.0, 0.1, 0.1 ] },
                "down": { "texture": "#1", "uv": [ 0.0, 0.0, 0.1, 0.1 ] }
            }
        },
        {
            "name": "Cube",
            "from": [ 2.500000005960466, 8.099999986588955, 10.599999994039536 ], 
            "to": [ 5.500000005960466, 12.599999979138374, 12.599999994039536 ], 
            "faces": {
                "north": { "texture": "#0", "uv": [ 0.0, 0.0, 0.1, 0.1 ] },
                "east": { "texture": "#0", "uv": [ 0.0, 0.0, 0.1, 0.1 ] },
                "south": { "texture": "#0", "uv": [ 0.0, 0.0, 0.1, 0.1 ] },
                "west": { "texture": "#0", "uv": [ 0.0, 0.0, 0.1, 0.1 ] },
                "up": { "texture": "#0", "uv": [ 0.0, 0.0, 0.1, 0.1 ] },
                "down": { "texture": "#0", "uv": [ 0.0, 0.0, 0.1, 0.1 ] }
            }
        },
        {
            "name": "Cube",
            "from": [ 6.500000005960466, 4.099999986588955, 7.299999989569187 ], 
            "to": [ 13.500000005960466, 5.19999997317791, 9.299999989569187 ], 
            "faces": {
                "north": { "texture": "#2", "uv": [ 0.0, 0.0, 0.1, 0.1 ] },
                "east": { "texture": "#2", "uv": [ 0.0, 0.0, 0.1, 0.1 ] },
                "south": { "texture": "#2", "uv": [ 0.0, 0.0, 0.1, 0.1 ] },
                "west": { "texture": "#2", "uv": [ 0.0, 0.0, 0.1, 0.1 ] },
                "up": { "texture": "#2", "uv": [ 0.0, 0.0, 0.1, 0.1 ] },
                "down": { "texture": "#2", "uv": [ 0.0, 0.0, 0.1, 0.1 ] }
            }
        },
        {
            "name": "Cube",
            "from": [ 6.500000005960466, -3.3000000044703484, 4.999999985098839 ], 
            "to": [ 8.200000001490118, 4.099999986588955, 11.999999985098839 ], 
            "faces": {
                "north": { "texture": "#0", "uv": [ 0.0, 0.0, 0.1, 0.1 ] },
                "east": { "texture": "#2", "uv": [ 0.0, 0.0, 0.1, 0.1 ] },
                "south": { "texture": "#0", "uv": [ 0.0, 0.0, 0.1, 0.1 ] },
                "west": { "texture": "#0", "uv": [ 0.0, 0.0, 0.1, 0.1 ] },
                "up": { "texture": "#0", "uv": [ 0.0, 0.0, 0.1, 0.1 ] },
                "down": { "texture": "#0", "uv": [ 0.0, 0.0, 0.1, 0.1 ] }
            }
        },
        {
            "name": "Cube",
            "from": [ -15.499999994039534, -3.3000000044703484, 4.999999985098839 ], 
            "to": [ -13.799999998509882, 4.099999986588955, 11.999999985098839 ], 
            "faces": {
                "north": { "texture": "#0", "uv": [ 0.0, 0.0, 0.1, 0.1 ] },
                "east": { "texture": "#0", "uv": [ 0.0, 0.0, 0.1, 0.1 ] },
                "south": { "texture": "#0", "uv": [ 0.0, 0.0, 0.1, 0.1 ] },
                "west": { "texture": "#2", "uv": [ 0.0, 0.0, 0.1, 0.1 ] },
                "up": { "texture": "#0", "uv": [ 0.0, 0.0, 0.1, 0.1 ] },
                "down": { "texture": "#0", "uv": [ 0.0, 0.0, 0.1, 0.1 ] }
            }
        },
        {
            "name": "Cube",
            "from": [ -15.499999994039534, 4.099999986588955, 7.299999989569187 ], 
            "to": [ -12.499999994039534, 5.19999997317791, 9.299999989569187 ], 
            "faces": {
                "north": { "texture": "#2", "uv": [ 0.0, 0.0, 0.1, 0.1 ] },
                "east": { "texture": "#2", "uv": [ 0.0, 0.0, 0.1, 0.1 ] },
                "south": { "texture": "#2", "uv": [ 0.0, 0.0, 0.1, 0.1 ] },
                "west": { "texture": "#2", "uv": [ 0.0, 0.0, 0.1, 0.1 ] },
                "up": { "texture": "#2", "uv": [ 0.0, 0.0, 0.1, 0.1 ] },
                "down": { "texture": "#2", "uv": [ 0.0, 0.0, 0.1, 0.1 ] }
            }
        },
        {
            "name": "Cube",
            "from": [ -14.499999994039534, 2.5999999940395355, 7.899999998509884 ], 
            "to": [ -11.499999994039534, 3.399999976158142, 8.699999995529652 ], 
            "faces": {
                "north": { "texture": "#0", "uv": [ 0.0, 0.0, 0.1, 0.1 ] },
                "east": { "texture": "#0", "uv": [ 0.0, 0.0, 0.1, 0.1 ] },
                "south": { "texture": "#0", "uv": [ 0.0, 0.0, 0.1, 0.1 ] },
                "west": { "texture": "#0", "uv": [ 0.0, 0.0, 0.1, 0.1 ] },
                "up": { "texture": "#0", "uv": [ 0.0, 0.0, 0.1, 0.1 ] },
                "down": { "texture": "#0", "uv": [ 0.0, 0.0, 0.1, 0.1 ] }
            }
        },
        {
            "name": "Cube",
            "from": [ -14.499999994039534, -2.5000000074505806, 7.899999998509884 ], 
            "to": [ -11.499999994039534, -1.700000025331974, 8.699999995529652 ], 
            "faces": {
                "north": { "texture": "#0", "uv": [ 0.0, 0.0, 0.1, 0.1 ] },
                "east": { "texture": "#0", "uv": [ 0.0, 0.0, 0.1, 0.1 ] },
                "south": { "texture": "#0", "uv": [ 0.0, 0.0, 0.1, 0.1 ] },
                "west": { "texture": "#0", "uv": [ 0.0, 0.0, 0.1, 0.1 ] },
                "up": { "texture": "#0", "uv": [ 0.0, 0.0, 0.1, 0.1 ] },
                "down": { "texture": "#0", "uv": [ 0.0, 0.0, 0.1, 0.1 ] }
            }
        },
        {
            "name": "Cube",
            "from": [ -11.899999999999999, -2.4000000208616257, 8.200000002980232 ], 
            "to": [ -11.200000004470347, 2.8999999687075615, 8.599999994039536 ], 
            "faces": {
                "north": { "texture": "#3", "uv": [ 0.0, 0.0, 0.1, 0.1 ] },
                "east": { "texture": "#3", "uv": [ 0.0, 0.0, 0.1, 0.1 ] },
                "south": { "texture": "#3", "uv": [ 0.0, 0.0, 0.1, 0.1 ] },
                "west": { "texture": "#3", "uv": [ 0.0, 0.0, 0.1, 0.1 ] },
                "up": { "texture": "#3", "uv": [ 0.0, 0.0, 0.1, 0.1 ] },
                "down": { "texture": "#3", "uv": [ 0.0, 0.0, 0.1, 0.1 ] }
            }
        },
        {
            "name": "Cube",
            "from": [ -11.200000004470347, -2.4000000208616257, 8.200000002980232 ], 
            "to": [ -10.90000001490116, 0.8999999687075615, 8.599999994039536 ], 
            "faces": {
                "north": { "texture": "#3", "uv": [ 0.0, 0.0, 0.1, 0.1 ] },
                "east": { "texture": "#3", "uv": [ 0.0, 0.0, 0.1, 0.1 ] },
                "south": { "texture": "#3", "uv": [ 0.0, 0.0, 0.1, 0.1 ] },
                "west": { "texture": "#3", "uv": [ 0.0, 0.0, 0.1, 0.1 ] },
                "up": { "texture": "#3", "uv": [ 0.0, 0.0, 0.1, 0.1 ] },
                "down": { "texture": "#3", "uv": [ 0.0, 0.0, 0.1, 0.1 ] }
            }
        },
        {
            "name": "Cube",
            "from": [ -0.4999999940395341, -1.600000023841858, 7.799999997019768 ], 
            "to": [ 2.500000005960466, 4.499999962747097, 9.099999986588955 ], 
            "faces": {
                "north": { "texture": "#2", "uv": [ 0.0, 0.0, 0.1, 0.1 ] },
                "east": { "texture": "#2", "uv": [ 0.0, 0.0, 0.1, 0.1 ] },
                "south": { "texture": "#2", "uv": [ 0.0, 0.0, 0.1, 0.1 ] },
                "west": { "texture": "#2", "uv": [ 0.0, 0.0, 0.1, 0.1 ] },
                "up": { "texture": "#2", "uv": [ 0.0, 0.0, 0.1, 0.1 ] },
                "down": { "texture": "#2", "uv": [ 0.0, 0.0, 0.1, 0.1 ] }
            }
        },
        {
            "name": "Cube",
            "from": [ -0.19999998956918574, -1.2000000178813934, 7.499999992549419 ], 
            "to": [ 2.2000000014901175, 4.399999961256981, 9.399999991059303 ], 
            "faces": {
                "north": { "texture": "#4", "uv": [ 0.0, 0.0, 0.1, 0.1 ] },
                "east": { "texture": "#4", "uv": [ 0.0, 0.0, 0.1, 0.1 ] },
                "south": { "texture": "#4", "uv": [ 0.0, 0.0, 0.1, 0.1 ] },
                "west": { "texture": "#4", "uv": [ 0.0, 0.0, 0.1, 0.1 ] },
                "up": { "texture": "#4", "uv": [ 0.0, 0.0, 0.1, 0.1 ] },
                "down": { "texture": "#4", "uv": [ 0.0, 0.0, 0.1, 0.1 ] }
            }
        },
        {
            "name": "Cube",
            "from": [ -1.499999994039534, 2.19999997317791, 8.200000002980232 ], 
            "to": [ -0.4999999940395341, 4.6999999806284904, 8.599999979138374 ], 
            "faces": {
                "north": { "texture": "#5", "uv": [ 0.0, 0.0, 0.1, 0.1 ] },
                "east": { "texture": "#5", "uv": [ 0.0, 0.0, 0.1, 0.1 ] },
                "south": { "texture": "#5", "uv": [ 0.0, 0.0, 0.1, 0.1 ] },
                "west": { "texture": "#5", "uv": [ 0.0, 0.0, 0.1, 0.1 ] },
                "up": { "texture": "#5", "uv": [ 0.0, 0.0, 0.1, 0.1 ] },
                "down": { "texture": "#5", "uv": [ 0.0, 0.0, 0.1, 0.1 ] }
            }
        },
        {
            "name": "Cube",
            "from": [ -1.499999994039534, 2.399999976158142, 8.200000002980232 ], 
            "to": [ -0.4999999940395341, 4.599999979138374, 8.599999979138374 ], 
            "rotation": { "origin": [ -1.5000000223517418, 4.600000008940697, 8.0 ], "axis": "z", "angle": -22.5 },
            "faces": {
                "north": { "texture": "#5", "uv": [ 0.0, 0.0, 0.1, 0.1 ] },
                "east": { "texture": "#5", "uv": [ 0.0, 0.0, 0.1, 0.1 ] },
                "south": { "texture": "#5", "uv": [ 0.0, 0.0, 0.1, 0.1 ] },
                "west": { "texture": "#5", "uv": [ 0.0, 0.0, 0.1, 0.1 ] },
                "up": { "texture": "#5", "uv": [ 0.0, 0.0, 0.1, 0.1 ] },
                "down": { "texture": "#5", "uv": [ 0.0, 0.0, 0.1, 0.1 ] }
            }
        },
        {
            "name": "Cube",
            "from": [ 3.1000000149011626, 10.49999999254942, 12.599999979138374 ], 
            "to": [ 4.400000019371511, 11.799999982118607, 15.899999983608723 ], 
            "faces": {
                "north": { "texture": "#0", "uv": [ 0.0, 0.0, 0.1, 0.1 ] },
                "east": { "texture": "#0", "uv": [ 0.0, 0.0, 0.1, 0.1 ] },
                "south": { "texture": "#0", "uv": [ 0.0, 0.0, 0.1, 0.1 ] },
                "west": { "texture": "#0", "uv": [ 0.0, 0.0, 0.1, 0.1 ] },
                "up": { "texture": "#0", "uv": [ 0.0, 0.0, 0.1, 0.1 ] },
                "down": { "texture": "#0", "uv": [ 0.0, 0.0, 0.1, 0.1 ] }
            }
        },
        {
            "name": "Cube",
            "from": [ 3.1000000149011626, 10.49999999254942, 12.599999979138374 ], 
            "to": [ 4.400000019371511, 12.299999989569187, 17.099999971687794 ], 
            "rotation": { "origin": [ 8.0, 8.0, 16.0 ], "axis": "x", "angle": -45.0 },
            "faces": {
                "north": { "texture": "#0", "uv": [ 0.0, 0.0, 0.1, 0.1 ] },
                "east": { "texture": "#0", "uv": [ 0.0, 0.0, 0.1, 0.1 ] },
                "south": { "texture": "#0", "uv": [ 0.0, 0.0, 0.1, 0.1 ] },
                "west": { "texture": "#0", "uv": [ 0.0, 0.0, 0.1, 0.1 ] },
                "up": { "texture": "#0", "uv": [ 0.0, 0.0, 0.1, 0.1 ] },
                "down": { "texture": "#0", "uv": [ 0.0, 0.0, 0.1, 0.1 ] }
            }
        },
        {
            "name": "Cube",
            "from": [ 3.1000000149011626, 10.49999999254942, 12.599999979138374 ], 
            "to": [ 4.400000019371511, 11.799999982118607, 16.19999997317791 ], 
            "rotation": { "origin": [ 8.0, 9.900000028312206, 17.00000001490116 ], "axis": "x", "angle": -22.5 },
            "faces": {
                "north": { "texture": "#0", "uv": [ 0.0, 0.0, 0.1, 0.1 ] },
                "east": { "texture": "#0", "uv": [ 0.0, 0.0, 0.1, 0.1 ] },
                "south": { "texture": "#0", "uv": [ 0.0, 0.0, 0.1, 0.1 ] },
                "west": { "texture": "#0", "uv": [ 0.0, 0.0, 0.1, 0.1 ] },
                "up": { "texture": "#0", "uv": [ 0.0, 0.0, 0.1, 0.1 ] },
                "down": { "texture": "#0", "uv": [ 0.0, 0.0, 0.1, 0.1 ] }
            }
        },
        {
            "name": "Cube",
            "from": [ 2.1000000149011626, 10.099999986588955, 15.899999968707561 ], 
            "to": [ 5.400000019371511, 12.399999976158142, 18.19999997317791 ], 
            "faces": {
                "north": { "texture": "#3", "uv": [ 0.0, 0.0, 0.1, 0.1 ] },
                "east": { "texture": "#6", "uv": [ 0.0, 0.0, 0.1, 0.1 ] },
                "south": { "texture": "#3", "uv": [ 0.0, 0.0, 0.1, 0.1 ] },
                "west": { "texture": "#6", "uv": [ 0.0, 0.0, 0.1, 0.1 ] },
                "up": { "texture": "#3", "uv": [ 0.0, 0.0, 0.1, 0.1 ] },
                "down": { "texture": "#3", "uv": [ 0.0, 0.0, 0.1, 0.1 ] }
            }
        },
        {
            "name": "Cube",
            "from": [ 5.40000000447035, 10.099999998509883, 15.899999968707561 ], 
            "to": [ 5.700000008940698, 10.39999998807907, 18.19999997317791 ], 
            "faces": {
                "north": { "texture": "#3", "uv": [ 0.0, 0.0, 0.1, 0.1 ] },
                "east": { "texture": "#3", "uv": [ 0.0, 0.0, 0.1, 0.1 ] },
                "south": { "texture": "#3", "uv": [ 0.0, 0.0, 0.1, 0.1 ] },
                "west": { "texture": "#3", "uv": [ 0.0, 0.0, 0.1, 0.1 ] },
                "up": { "texture": "#3", "uv": [ 0.0, 0.0, 0.1, 0.1 ] },
                "down": { "texture": "#3", "uv": [ 0.0, 0.0, 0.1, 0.1 ] }
            }
        },
        {
            "name": "Cube",
            "from": [ 5.40000000447035, 12.099999998509883, 15.899999968707561 ], 
            "to": [ 5.700000008940698, 12.39999998807907, 18.19999997317791 ], 
            "faces": {
                "north": { "texture": "#3", "uv": [ 0.0, 0.0, 0.1, 0.1 ] },
                "east": { "texture": "#3", "uv": [ 0.0, 0.0, 0.1, 0.1 ] },
                "south": { "texture": "#3", "uv": [ 0.0, 0.0, 0.1, 0.1 ] },
                "west": { "texture": "#3", "uv": [ 0.0, 0.0, 0.1, 0.1 ] },
                "up": { "texture": "#3", "uv": [ 0.0, 0.0, 0.1, 0.1 ] },
                "down": { "texture": "#3", "uv": [ 0.0, 0.0, 0.1, 0.1 ] }
            }
        },
        {
            "name": "Cube",
            "from": [ 5.40000000447035, 10.39999998807907, 15.899999968707561 ], 
            "to": [ 5.700000008940698, 12.09999996870756, 16.19999997317791 ], 
            "faces": {
                "north": { "texture": "#3", "uv": [ 0.0, 0.0, 0.1, 0.1 ] },
                "east": { "texture": "#3", "uv": [ 0.0, 0.0, 0.1, 0.1 ] },
                "south": { "texture": "#3", "uv": [ 0.0, 0.0, 0.1, 0.1 ] },
                "west": { "texture": "#3", "uv": [ 0.0, 0.0, 0.1, 0.1 ] },
                "up": { "texture": "#3", "uv": [ 0.0, 0.0, 0.1, 0.1 ] },
                "down": { "texture": "#3", "uv": [ 0.0, 0.0, 0.1, 0.1 ] }
            }
        },
        {
            "name": "Cube",
            "from": [ 5.40000000447035, 10.39999998807907, 17.89999996870756 ], 
            "to": [ 5.700000008940698, 12.09999996870756, 18.19999997317791 ], 
            "faces": {
                "north": { "texture": "#3", "uv": [ 0.0, 0.0, 0.1, 0.1 ] },
                "east": { "texture": "#3", "uv": [ 0.0, 0.0, 0.1, 0.1 ] },
                "south": { "texture": "#3", "uv": [ 0.0, 0.0, 0.1, 0.1 ] },
                "west": { "texture": "#3", "uv": [ 0.0, 0.0, 0.1, 0.1 ] },
                "up": { "texture": "#3", "uv": [ 0.0, 0.0, 0.1, 0.1 ] },
                "down": { "texture": "#3", "uv": [ 0.0, 0.0, 0.1, 0.1 ] }
            }
        },
        {
            "name": "Cube",
            "from": [ 1.8000000104308143, 10.39999998807907, 17.89999996870756 ], 
            "to": [ 2.1000000149011626, 12.09999996870756, 18.19999997317791 ], 
            "faces": {
                "north": { "texture": "#3", "uv": [ 0.0, 0.0, 0.1, 0.1 ] },
                "east": { "texture": "#3", "uv": [ 0.0, 0.0, 0.1, 0.1 ] },
                "south": { "texture": "#3", "uv": [ 0.0, 0.0, 0.1, 0.1 ] },
                "west": { "texture": "#3", "uv": [ 0.0, 0.0, 0.1, 0.1 ] },
                "up": { "texture": "#3", "uv": [ 0.0, 0.0, 0.1, 0.1 ] },
                "down": { "texture": "#3", "uv": [ 0.0, 0.0, 0.1, 0.1 ] }
            }
        },
        {
            "name": "Cube",
            "from": [ 1.8000000104308143, 10.39999998807907, 15.899999968707561 ], 
            "to": [ 2.1000000149011626, 12.09999996870756, 16.19999997317791 ], 
            "faces": {
                "north": { "texture": "#3", "uv": [ 0.0, 0.0, 0.1, 0.1 ] },
                "east": { "texture": "#3", "uv": [ 0.0, 0.0, 0.1, 0.1 ] },
                "south": { "texture": "#3", "uv": [ 0.0, 0.0, 0.1, 0.1 ] },
                "west": { "texture": "#3", "uv": [ 0.0, 0.0, 0.1, 0.1 ] },
                "up": { "texture": "#3", "uv": [ 0.0, 0.0, 0.1, 0.1 ] },
                "down": { "texture": "#3", "uv": [ 0.0, 0.0, 0.1, 0.1 ] }
            }
        },
        {
            "name": "Cube",
            "from": [ 1.8000000104308143, 12.099999998509883, 15.899999968707561 ], 
            "to": [ 2.1000000149011626, 12.39999998807907, 18.19999997317791 ], 
            "faces": {
                "north": { "texture": "#3", "uv": [ 0.0, 0.0, 0.1, 0.1 ] },
                "east": { "texture": "#3", "uv": [ 0.0, 0.0, 0.1, 0.1 ] },
                "south": { "texture": "#3", "uv": [ 0.0, 0.0, 0.1, 0.1 ] },
                "west": { "texture": "#3", "uv": [ 0.0, 0.0, 0.1, 0.1 ] },
                "up": { "texture": "#3", "uv": [ 0.0, 0.0, 0.1, 0.1 ] },
                "down": { "texture": "#3", "uv": [ 0.0, 0.0, 0.1, 0.1 ] }
            }
        },
        {
            "name": "Cube",
            "from": [ 1.8000000104308143, 10.099999998509883, 15.899999968707561 ], 
            "to": [ 2.1000000149011626, 10.39999998807907, 18.19999997317791 ], 
            "faces": {
                "north": { "texture": "#3", "uv": [ 0.0, 0.0, 0.1, 0.1 ] },
                "east": { "texture": "#3", "uv": [ 0.0, 0.0, 0.1, 0.1 ] },
                "south": { "texture": "#3", "uv": [ 0.0, 0.0, 0.1, 0.1 ] },
                "west": { "texture": "#3", "uv": [ 0.0, 0.0, 0.1, 0.1 ] },
                "up": { "texture": "#3", "uv": [ 0.0, 0.0, 0.1, 0.1 ] },
                "down": { "texture": "#3", "uv": [ 0.0, 0.0, 0.1, 0.1 ] }
            }
        },
        {
            "name": "Cube",
            "from": [ 1.7000000089406981, 12.300000001490115, 15.899999968707561 ], 
            "to": [ 2.0000000134110465, 12.599999991059303, 18.19999997317791 ], 
            "faces": {
                "north": { "texture": "#3", "uv": [ 0.0, 0.0, 0.1, 0.1 ] },
                "east": { "texture": "#3", "uv": [ 0.0, 0.0, 0.1, 0.1 ] },
                "south": { "texture": "#3", "uv": [ 0.0, 0.0, 0.1, 0.1 ] },
                "west": { "texture": "#3", "uv": [ 0.0, 0.0, 0.1, 0.1 ] },
                "up": { "texture": "#3", "uv": [ 0.0, 0.0, 0.1, 0.1 ] },
                "down": { "texture": "#3", "uv": [ 0.0, 0.0, 0.1, 0.1 ] }
            }
        },
        {
            "name": "Cube",
            "from": [ 1.7000000089406981, 12.800000008940696, 15.899999968707561 ], 
            "to": [ 2.0000000134110465, 15.099999998509883, 18.19999997317791 ], 
            "faces": {
                "north": { "texture": "#3", "uv": [ 0.0, 0.0, 0.1, 0.1 ] },
                "east": { "texture": "#3", "uv": [ 0.0, 0.0, 0.1, 0.1 ] },
                "south": { "texture": "#3", "uv": [ 0.0, 0.0, 0.1, 0.1 ] },
                "west": { "texture": "#3", "uv": [ 0.0, 0.0, 0.1, 0.1 ] },
                "up": { "texture": "#3", "uv": [ 0.0, 0.0, 0.1, 0.1 ] },
                "down": { "texture": "#3", "uv": [ 0.0, 0.0, 0.1, 0.1 ] }
            }
        },
        {
            "name": "Cube",
            "from": [ 1.7000000089406981, 12.600000005960464, 16.499999977648258 ], 
            "to": [ 2.0000000134110465, 12.799999994039535, 17.799999982118607 ], 
            "faces": {
                "north": { "texture": "#2", "uv": [ 0.0, 0.0, 0.1, 0.1 ] },
                "east": { "texture": "#2", "uv": [ 0.0, 0.0, 0.1, 0.1 ] },
                "south": { "texture": "#2", "uv": [ 0.0, 0.0, -0.8999999999999999, 3.1 ] },
                "west": { "texture": "#2", "uv": [ 0.0, 0.0, 0.1, 0.1 ] },
                "up": { "texture": "#2", "uv": [ 0.0, 0.0, 0.1, 0.1 ] },
                "down": { "texture": "#2", "uv": [ 0.0, 0.0, 0.1, 0.1 ] }
            }
        },
        {
            "name": "Cube",
            "from": [ -16.0, 8.700000010430813, 5.800000011920929 ], 
            "to": [ -15.0, 11.300000025331974, 8.400000020861626 ], 
            "faces": {
                "north": { "texture": "#2", "uv": [ 0.0, 0.0, 0.1, 0.1 ] },
                "east": { "texture": "#2", "uv": [ 0.0, 0.0, 0.1, 0.1 ] },
                "south": { "texture": "#2", "uv": [ 0.0, 0.0, 0.1, 0.1 ] },
                "west": { "texture": "#2", "uv": [ 0.0, 0.0, 0.1, 0.1 ] },
                "up": { "texture": "#2", "uv": [ 0.0, 0.0, 0.1, 0.1 ] },
                "down": { "texture": "#2", "uv": [ 0.0, 0.0, 0.1, 0.1 ] }
            }
        },
        {
            "name": "Cube",
            "from": [ -16.0, 5.100000016391277, 5.800000011920929 ], 
            "to": [ -15.0, 7.700000031292438, 8.400000020861626 ], 
            "faces": {
                "north": { "texture": "#2", "uv": [ 0.0, 0.0, 0.1, 0.1 ] },
                "east": { "texture": "#2", "uv": [ 0.0, 0.0, 0.1, 0.1 ] },
                "south": { "texture": "#2", "uv": [ 0.0, 0.0, 0.1, 0.1 ] },
                "west": { "texture": "#2", "uv": [ 0.0, 0.0, 0.1, 0.1 ] },
                "up": { "texture": "#2", "uv": [ 0.0, 0.0, 0.1, 0.1 ] },
                "down": { "texture": "#2", "uv": [ 0.0, 0.0, 0.1, 0.1 ] }
            }
        },
        {
            "name": "Cube",
            "from": [ -16.0, 8.700000010430813, 8.80000002682209 ], 
            "to": [ -15.0, 11.300000025331974, 11.400000035762787 ], 
            "faces": {
                "north": { "texture": "#2", "uv": [ 0.0, 0.0, 0.1, 0.1 ] },
                "east": { "texture": "#2", "uv": [ 0.0, 0.0, 0.1, 0.1 ] },
                "south": { "texture": "#2", "uv": [ 0.0, 0.0, 0.1, 0.1 ] },
                "west": { "texture": "#2", "uv": [ 0.0, 0.0, 0.1, 0.1 ] },
                "up": { "texture": "#2", "uv": [ 0.0, 0.0, 0.1, 0.1 ] },
                "down": { "texture": "#2", "uv": [ 0.0, 0.0, 0.1, 0.1 ] }
            }
        },
        {
            "name": "Cube",
            "from": [ -16.0, 5.100000001490116, 8.80000002682209 ], 
            "to": [ -15.0, 7.700000016391277, 11.400000035762787 ], 
            "faces": {
                "north": { "texture": "#2", "uv": [ 0.0, 0.0, 0.1, 0.1 ] },
                "east": { "texture": "#2", "uv": [ 0.0, 0.0, 0.1, 0.1 ] },
                "south": { "texture": "#2", "uv": [ 0.0, 0.0, 0.1, 0.1 ] },
                "west": { "texture": "#2", "uv": [ 0.0, 0.0, 0.1, 0.1 ] },
                "up": { "texture": "#2", "uv": [ 0.0, 0.0, 0.1, 0.1 ] },
                "down": { "texture": "#2", "uv": [ 0.0, 0.0, 0.1, 0.1 ] }
            }
        },
        {
            "name": "Cube",
            "from": [ -6.499999994039534, 4.399999991059303, 4.899999998509884 ], 
            "to": [ -4.499999994039534, 12.100000001490116, 12.100000001490116 ], 
            "faces": {
                "north": { "texture": "#1", "uv": [ 0.0, 0.0, 0.1, 0.1 ] },
                "east": { "texture": "#1", "uv": [ 0.0, 0.0, 0.1, 0.1 ] },
                "south": { "texture": "#1", "uv": [ 0.0, 0.0, 0.1, 0.1 ] },
                "west": { "texture": "#1", "uv": [ 0.0, 0.0, 0.1, 0.1 ] },
                "up": { "texture": "#1", "uv": [ 0.0, 0.0, 0.1, 0.1 ] },
                "down": { "texture": "#1", "uv": [ 0.0, 0.0, 0.1, 0.1 ] }
            }
        }
    ]
}