{
    "__comment": "Model generated using MrCrayfish's Model Creator (http://mrcrayfish.com/modelcreator/)",
    "textures": {
        "0": "blocks/cauldron_bottom",
        "1": "blocks/wool_colored_black",
        "2": "blocks/anvil_base",
        "3": "blocks/stone_andesite_smooth"
    },
    "elements": [
        {
            "name": "Cube",
            "from": [ -15.0, 6.0, 7.0 ], 
            "to": [ -9.0, 7.0, 8.0 ], 
            "faces": {
                "north": { "texture": "#0", "uv": [ 0.0, 0.0, 0.1, 0.1 ] },
                "east": { "texture": "#0", "uv": [ 0.0, 0.0, 0.1, 0.1 ] },
                "south": { "texture": "#0", "uv": [ 0.0, 0.0, 0.1, 0.1 ] },
                "west": { "texture": "#0", "uv": [ 0.0, 0.0, 0.1, 0.1 ] },
                "up": { "texture": "#0", "uv": [ 0.0, 0.0, 0.1, 0.1 ] },
                "down": { "texture": "#0", "uv": [ 0.0, 0.0, 0.1, 0.1 ] }
            }
        },
        {
            "name": "Cube",
            "from": [ -10.600000008940697, 5.499999992549419, 6.499999992549419 ], 
            "to": [ -9.100000001490116, 7.499999992549419, 8.49999999254942 ], 
            "faces": {
                "north": { "texture": "#1", "uv": [ 0.0, 0.0, 0.1, 0.1 ] },
                "east": { "texture": "#1", "uv": [ 0.0, 0.0, 0.1, 0.1 ] },
                "south": { "texture": "#1", "uv": [ 0.0, 0.0, 0.1, 0.1 ] },
                "west": { "texture": "#1", "uv": [ 0.0, 0.0, 0.1, 0.1 ] },
                "up": { "texture": "#1", "uv": [ 0.0, 0.0, 0.1, 0.1 ] },
                "down": { "texture": "#1", "uv": [ 0.0, 0.0, 0.1, 0.1 ] }
            }
        },
        {
            "name": "Cube",
            "from": [ -9.200000002980232, 5.299999989569187, 6.300000004470348 ], 
            "to": [ -4.000000014901161, 8.199999988079071, 8.69999998062849 ], 
            "faces": {
                "north": { "texture": "#2", "uv": [ 0.0, 0.0, 0.1, 0.1 ] },
                "east": { "texture": "#2", "uv": [ 0.0, 0.0, 0.1, 0.1 ] },
                "south": { "texture": "#2", "uv": [ 0.0, 0.0, 0.1, 0.1 ] },
                "west": { "texture": "#2", "uv": [ 0.0, 0.0, 0.1, 0.1 ] },
                "up": { "texture": "#2", "uv": [ 0.0, 0.0, 0.1, 0.1 ] },
                "down": { "texture": "#2", "uv": [ 0.0, 0.0, 0.1, 0.1 ] }
            }
        },
        {
            "name": "Cube",
            "from": [ -4.0, 4.799999997019768, 6.200000002980232 ], 
            "to": [ 3.0, 6.200000002980232, 8.799999982118607 ], 
            "faces": {
                "north": { "texture": "#2", "uv": [ 0.0, 0.0, 0.1, 0.1 ] },
                "east": { "texture": "#2", "uv": [ 0.0, 0.0, 0.1, 0.1 ] },
                "south": { "texture": "#2", "uv": [ 0.0, 0.0, 0.1, 0.1 ] },
                "west": { "texture": "#2", "uv": [ 0.0, 0.0, 0.1, 0.1 ] },
                "up": { "texture": "#2", "uv": [ 0.0, 0.0, 0.1, 0.1 ] },
                "down": { "texture": "#2", "uv": [ 0.0, 0.0, 0.1, 0.1 ] }
            }
        },
        {
            "name": "Cube",
            "from": [ -0.6000000089406967, -0.20000000298023224, 6.700000010430813 ], 
            "to": [ 2.4999999925494194, 4.800000011920929, 8.299999974668026 ], 
            "faces": {
                "north": { "texture": "#2", "uv": [ 0.0, 0.0, 0.1, 0.1 ] },
                "east": { "texture": "#2", "uv": [ 0.0, 0.0, 0.1, 0.1 ] },
                "south": { "texture": "#2", "uv": [ 0.0, 0.0, 0.1, 0.1 ] },
                "west": { "texture": "#2", "uv": [ 0.0, 0.0, 0.1, 0.1 ] },
                "up": { "texture": "#2", "uv": [ 0.0, 0.0, 0.1, 0.1 ] },
                "down": { "texture": "#2", "uv": [ 0.0, 0.0, 0.1, 0.1 ] }
            }
        },
        {
            "name": "Cube",
            "from": [ -0.20000000298023224, -1.7999999821186066, 6.900000013411045 ], 
            "to": [ 2.099999986588955, -0.09999997168779373, 8.099999971687794 ], 
            "faces": {
                "north": { "texture": "#1", "uv": [ 0.0, 0.0, 0.1, 0.1 ] },
                "east": { "texture": "#1", "uv": [ 0.0, 0.0, 0.1, 0.1 ] },
                "south": { "texture": "#1", "uv": [ 0.0, 0.0, 0.1, 0.1 ] },
                "west": { "texture": "#1", "uv": [ 0.0, 0.0, 0.1, 0.1 ] },
                "up": { "texture": "#1", "uv": [ 0.0, 0.0, 0.1, 0.1 ] },
                "down": { "texture": "#1", "uv": [ 0.0, 0.0, 0.1, 0.1 ] }
            }
        },
        {
            "name": "Cube",
            "from": [ -8.800000011920929, 8.099999986588955, 6.699999995529652 ], 
            "to": [ -7.4000000059604645, 9.399999976158142, 6.999999985098839 ], 
            "faces": {
                "north": { "texture": "#0", "uv": [ 0.0, 0.0, 0.1, 0.1 ] },
                "east": { "texture": "#0", "uv": [ 0.0, 0.0, 0.1, 0.1 ] },
                "south": { "texture": "#0", "uv": [ 0.0, 0.0, 0.1, 0.1 ] },
                "west": { "texture": "#0", "uv": [ 0.0, 0.0, 0.1, 0.1 ] },
                "up": { "texture": "#0", "uv": [ 0.0, 0.0, 0.1, 0.1 ] },
                "down": { "texture": "#0", "uv": [ 0.0, 0.0, 0.1, 0.1 ] }
            }
        },
        {
            "name": "Cube",
            "from": [ -8.800000011920929, 8.099999986588955, 8.0 ], 
            "to": [ -7.4000000059604645, 9.399999976158142, 8.299999989569187 ], 
            "faces": {
                "north": { "texture": "#0", "uv": [ 0.0, 0.0, 0.1, 0.1 ] },
                "east": { "texture": "#0", "uv": [ 0.0, 0.0, 0.1, 0.1 ] },
                "south": { "texture": "#0", "uv": [ 0.0, 0.0, 0.1, 0.1 ] },
                "west": { "texture": "#0", "uv": [ 0.0, 0.0, 0.1, 0.1 ] },
                "up": { "texture": "#0", "uv": [ 0.0, 0.0, 0.1, 0.1 ] },
                "down": { "texture": "#0", "uv": [ 0.0, 0.0, 0.1, 0.1 ] }
            }
        },
        {
            "name": "Cube",
            "from": [ 4.199999988079071, 8.099999986588955, 6.499999992549419 ], 
            "to": [ 6.0, 9.599999979138374, 6.799999982118607 ], 
            "faces": {
                "north": { "texture": "#0", "uv": [ 0.0, 0.0, 0.1, 0.1 ] },
                "east": { "texture": "#0", "uv": [ 0.0, 0.0, 0.1, 0.1 ] },
                "south": { "texture": "#0", "uv": [ 0.0, 0.0, 0.1, 0.1 ] },
                "west": { "texture": "#0", "uv": [ 0.0, 0.0, 0.1, 0.1 ] },
                "up": { "texture": "#0", "uv": [ 0.0, 0.0, 0.1, 0.1 ] },
                "down": { "texture": "#0", "uv": [ 0.0, 0.0, 0.1, 0.1 ] }
            }
        },
        {
            "name": "Cube",
            "from": [ 4.199999988079071, 8.099999986588955, 8.200000002980232 ], 
            "to": [ 6.0, 9.599999979138374, 8.49999999254942 ], 
            "faces": {
                "north": { "texture": "#0", "uv": [ 0.0, 0.0, 0.1, 0.1 ] },
                "east": { "texture": "#0", "uv": [ 0.0, 0.0, 0.1, 0.1 ] },
                "south": { "texture": "#0", "uv": [ 0.0, 0.0, 0.1, 0.1 ] },
                "west": { "texture": "#0", "uv": [ 0.0, 0.0, 0.1, 0.1 ] },
                "up": { "texture": "#0", "uv": [ 0.0, 0.0, 0.1, 0.1 ] },
                "down": { "texture": "#0", "uv": [ 0.0, 0.0, 0.1, 0.1 ] }
            }
        },
        {
            "name": "Cube",
            "from": [ 4.199999988079071, 8.099999986588955, 6.799999982118607 ], 
            "to": [ 6.0, 8.799999967217445, 8.199999988079071 ], 
            "faces": {
                "north": { "texture": "#0", "uv": [ 0.0, 0.0, 0.1, 0.1 ] },
                "east": { "texture": "#0", "uv": [ 0.0, 0.0, 0.1, 0.1 ] },
                "south": { "texture": "#0", "uv": [ 0.0, 0.0, 0.1, 0.1 ] },
                "west": { "texture": "#0", "uv": [ 0.0, 0.0, 0.1, 0.1 ] },
                "up": { "texture": "#0", "uv": [ 0.0, 0.0, 0.1, 0.1 ] },
                "down": { "texture": "#0", "uv": [ 0.0, 0.0, 0.1, 0.1 ] }
            }
        },
        {
            "name": "Cube",
            "from": [ 4.399999991059303, 8.799999997019768, 7.399999991059303 ], 
            "to": [ 5.5999999940395355, 9.299999974668026, 7.599999979138374 ], 
            "faces": {
                "north": { "texture": "#0", "uv": [ 0.0, 0.0, 0.1, 0.1 ] },
                "east": { "texture": "#0", "uv": [ 0.0, 0.0, 0.1, 0.1 ] },
                "south": { "texture": "#0", "uv": [ 0.0, 0.0, 0.1, 0.1 ] },
                "west": { "texture": "#0", "uv": [ 0.0, 0.0, 0.1, 0.1 ] },
                "up": { "texture": "#0", "uv": [ 0.0, 0.0, 0.1, 0.1 ] },
                "down": { "texture": "#0", "uv": [ 0.0, 0.0, 0.1, 0.1 ] }
            }
        },
        {
            "name": "Cube",
            "from": [ -5.999999985098839, 8.099999986588955, 7.100000001490116 ], 
            "to": [ -4.999999985098839, 9.099999971687794, 8.100000001490116 ], 
            "faces": {
                "north": { "texture": "#0", "uv": [ 0.0, 0.0, 0.1, 0.1 ] },
                "east": { "texture": "#0", "uv": [ 0.0, 0.0, 0.1, 0.1 ] },
                "south": { "texture": "#0", "uv": [ 0.0, 0.0, 0.1, 0.1 ] },
                "west": { "texture": "#0", "uv": [ 0.0, 0.0, 0.1, 0.1 ] },
                "up": { "texture": "#0", "uv": [ 0.0, 0.0, 0.1, 0.1 ] },
                "down": { "texture": "#0", "uv": [ 0.0, 0.0, 0.1, 0.1 ] }
            }
        },
        {
            "name": "Cube",
            "from": [ -8.400000005960464, 8.599999994039536, 7.399999991059303 ], 
            "to": [ -7.800000011920929, 9.299999974668026, 7.599999979138374 ], 
            "faces": {
                "north": { "texture": "#0", "uv": [ 0.0, 0.0, 0.1, 0.1 ] },
                "east": { "texture": "#0", "uv": [ 0.0, 0.0, 0.1, 0.1 ] },
                "south": { "texture": "#0", "uv": [ 0.0, 0.0, 0.1, 0.1 ] },
                "west": { "texture": "#0", "uv": [ 0.0, 0.0, 0.1, 0.1 ] },
                "up": { "texture": "#0", "uv": [ 0.0, 0.0, 0.1, 0.1 ] },
                "down": { "texture": "#0", "uv": [ 0.0, 0.0, 0.1, 0.1 ] }
            }
        },
        {
            "name": "Cube",
            "from": [ -8.600000008940697, 8.099999986588955, 7.199999988079071 ], 
            "to": [ -7.700000010430813, 8.599999964237213, 7.799999982118607 ], 
            "faces": {
                "north": { "texture": "#0", "uv": [ 0.0, 0.0, 0.1, 0.1 ] },
                "east": { "texture": "#0", "uv": [ 0.0, 0.0, 0.1, 0.1 ] },
                "south": { "texture": "#0", "uv": [ 0.0, 0.0, 0.1, 0.1 ] },
                "west": { "texture": "#0", "uv": [ 0.0, 0.0, 0.1, 0.1 ] },
                "up": { "texture": "#0", "uv": [ 0.0, 0.0, 0.1, 0.1 ] },
                "down": { "texture": "#0", "uv": [ 0.0, 0.0, 0.1, 0.1 ] }
            }
        },
        {
            "name": "Cube",
            "from": [ -0.30000000447034836, 0.0, 6.500000022351742 ], 
            "to": [ 2.199999988079071, 4.800000011920929, 8.499999977648258 ], 
            "faces": {
                "north": { "texture": "#0", "uv": [ 0.0, 0.0, 0.1, 0.1 ] },
                "east": { "texture": "#0", "uv": [ 0.0, 0.0, 0.1, 0.1 ] },
                "south": { "texture": "#0", "uv": [ 0.0, 0.0, 0.1, 0.1 ] },
                "west": { "texture": "#0", "uv": [ 0.0, 0.0, 0.1, 0.1 ] },
                "up": { "texture": "#0", "uv": [ 0.0, 0.0, 0.1, 0.1 ] },
                "down": { "texture": "#0", "uv": [ 0.0, 0.0, 0.1, 0.1 ] }
            }
        },
        {
            "name": "Cube",
            "from": [ -9.0, 4.699999995529652, 6.700000010430813 ], 
            "to": [ -5.100000001490116, 6.100000001490116, 8.399999976158142 ], 
            "faces": {
                "north": { "texture": "#1", "uv": [ 0.0, 0.0, 0.1, 0.1 ] },
                "east": { "texture": "#1", "uv": [ 0.0, 0.0, 0.1, 0.1 ] },
                "south": { "texture": "#1", "uv": [ 0.0, 0.0, 0.1, 0.1 ] },
                "west": { "texture": "#1", "uv": [ 0.0, 0.0, 0.1, 0.1 ] },
                "up": { "texture": "#1", "uv": [ 0.0, 0.0, 0.1, 0.1 ] },
                "down": { "texture": "#1", "uv": [ 0.0, 0.0, 0.1, 0.1 ] }
            }
        },
        {
            "name": "Cube",
            "from": [ -9.0, 4.699999995529652, 6.700000010430813 ], 
            "to": [ -5.100000001490116, 5.699999995529652, 7.799999967217445 ], 
            "rotation": { "origin": [ 8.100000001490116, 6.799999997019768, 7.499999992549419 ], "axis": "x", "angle": -45.0 },
            "faces": {
                "north": { "texture": "#1", "uv": [ 0.0, 0.0, 0.1, 0.1 ] },
                "east": { "texture": "#1", "uv": [ 0.0, 0.0, 0.1, 0.1 ] },
                "south": { "texture": "#1", "uv": [ 0.0, 0.0, 0.1, 0.1 ] },
                "west": { "texture": "#1", "uv": [ 0.0, 0.0, 0.1, 0.1 ] },
                "up": { "texture": "#1", "uv": [ 0.0, 0.0, 0.1, 0.1 ] },
                "down": { "texture": "#1", "uv": [ 0.0, 0.0, 0.1, 0.1 ] }
            }
        },
        {
            "name": "Cube",
            "from": [ -9.0, 4.699999995529652, 6.700000010430813 ], 
            "to": [ -5.100000001490116, 5.699999995529652, 7.799999967217445 ], 
            "rotation": { "origin": [ 8.0, 5.999999985098839, 7.199999988079071 ], "axis": "x", "angle": 45.0 },
            "faces": {
                "north": { "texture": "#1", "uv": [ 0.0, 0.0, 0.1, 0.1 ] },
                "east": { "texture": "#1", "uv": [ 0.0, 0.0, 0.1, 0.1 ] },
                "south": { "texture": "#1", "uv": [ 0.0, 0.0, 0.1, 0.1 ] },
                "west": { "texture": "#1", "uv": [ 0.0, 0.0, 0.1, 0.1 ] },
                "up": { "texture": "#1", "uv": [ 0.0, 0.0, 0.1, 0.1 ] },
                "down": { "texture": "#1", "uv": [ 0.0, 0.0, 0.1, 0.1 ] }
            }
        },
        {
            "name": "Cube",
            "from": [ -9.0, 6.999999985098839, 7.100000016391277 ], 
            "to": [ -5.100000001490116, 7.999999985098839, 8.19999997317791 ], 
            "rotation": { "origin": [ 8.0, 6.199999988079071, 7.099999986588955 ], "axis": "x", "angle": 45.0 },
            "faces": {
                "north": { "texture": "#1", "uv": [ 0.0, 0.0, 0.1, 0.1 ] },
                "east": { "texture": "#1", "uv": [ 0.0, 0.0, 0.1, 0.1 ] },
                "south": { "texture": "#1", "uv": [ 0.0, 0.0, 0.1, 0.1 ] },
                "west": { "texture": "#1", "uv": [ 0.0, 0.0, 0.1, 0.1 ] },
                "up": { "texture": "#1", "uv": [ 0.0, 0.0, 0.1, 0.1 ] },
                "down": { "texture": "#1", "uv": [ 0.0, 0.0, 0.1, 0.1 ] }
            }
        },
        {
            "name": "Cube",
            "from": [ -9.0, 5.500000007450581, 5.900000013411045 ], 
            "to": [ -5.100000001490116, 6.700000010430813, 9.199999988079071 ], 
            "faces": {
                "north": { "texture": "#1", "uv": [ 0.0, 0.0, 0.1, 0.1 ] },
                "east": { "texture": "#1", "uv": [ 0.0, 0.0, 0.1, 0.1 ] },
                "south": { "texture": "#1", "uv": [ 0.0, 0.0, 0.1, 0.1 ] },
                "west": { "texture": "#1", "uv": [ 0.0, 0.0, 0.1, 0.1 ] },
                "up": { "texture": "#1", "uv": [ 0.0, 0.0, 0.1, 0.1 ] },
                "down": { "texture": "#1", "uv": [ 0.0, 0.0, 0.1, 0.1 ] }
            }
        },
        {
            "name": "Cube",
            "from": [ -9.0, 6.899999983608723, 6.300000004470348 ], 
            "to": [ -5.100000001490116, 7.899999983608723, 7.399999961256981 ], 
            "rotation": { "origin": [ 8.100000001490116, 6.799999997019768, 7.499999992549419 ], "axis": "x", "angle": -45.0 },
            "faces": {
                "north": { "texture": "#1", "uv": [ 0.0, 0.0, 0.1, 0.1 ] },
                "east": { "texture": "#1", "uv": [ 0.0, 0.0, 0.1, 0.1 ] },
                "south": { "texture": "#1", "uv": [ 0.0, 0.0, 0.1, 0.1 ] },
                "west": { "texture": "#1", "uv": [ 0.0, 0.0, 0.1, 0.1 ] },
                "up": { "texture": "#1", "uv": [ 0.0, 0.0, 0.1, 0.1 ] },
                "down": { "texture": "#1", "uv": [ 0.0, 0.0, 0.1, 0.1 ] }
            }
        },
        {
            "name": "Cube",
            "from": [ -4.0, 7.300000004470348, 7.600000008940697 ], 
            "to": [ 3.0, 7.799999997019768, 8.899999983608723 ], 
            "faces": {
                "north": { "texture": "#0", "uv": [ 0.0, 0.0, 0.1, 0.1 ] },
                "east": { "texture": "#0", "uv": [ 0.0, 0.0, 0.1, 0.1 ] },
                "south": { "texture": "#0", "uv": [ 0.0, 0.0, 0.1, 0.1 ] },
                "west": { "texture": "#0", "uv": [ 0.0, 0.0, 0.1, 0.1 ] },
                "up": { "texture": "#0", "uv": [ 0.0, 0.0, 0.1, 0.1 ] },
                "down": { "texture": "#0", "uv": [ 0.0, 0.0, 0.1, 0.1 ] }
            }
        },
        {
            "name": "Cube",
            "from": [ -4.0, 6.399999991059303, 6.100000001490116 ], 
            "to": [ 3.0, 6.899999983608723, 8.899999983608723 ], 
            "faces": {
                "north": { "texture": "#0", "uv": [ 0.0, 0.0, 0.1, 0.1 ] },
                "east": { "texture": "#0", "uv": [ 0.0, 0.0, 0.1, 0.1 ] },
                "south": { "texture": "#0", "uv": [ 0.0, 0.0, 0.1, 0.1 ] },
                "west": { "texture": "#0", "uv": [ 1.0, 0.0, 1.1, 0.1 ] },
                "up": { "texture": "#0", "uv": [ 0.0, 0.0, 0.1, 0.1 ] },
                "down": { "texture": "#0", "uv": [ 0.0, 0.0, 0.1, 0.1 ] }
            }
        },
        {
            "name": "Cube",
            "from": [ 3.5999999940395355, 7.300000004470348, 6.100000001490116 ], 
            "to": [ 6.5999999940395355, 7.799999997019768, 8.899999983608723 ], 
            "faces": {
                "north": { "texture": "#0", "uv": [ 0.0, 0.0, 0.1, 0.1 ] },
                "east": { "texture": "#0", "uv": [ 0.0, 0.0, 0.1, 0.1 ] },
                "south": { "texture": "#0", "uv": [ 0.0, 0.0, 0.1, 0.1 ] },
                "west": { "texture": "#0", "uv": [ 0.0, 0.0, 0.1, 0.1 ] },
                "up": { "texture": "#0", "uv": [ 0.0, 0.0, 0.1, 0.1 ] },
                "down": { "texture": "#0", "uv": [ 0.0, 0.0, 0.1, 0.1 ] }
            }
        },
        {
            "name": "Cube",
            "from": [ -3.5999999940395355, 2.4999999925494194, 6.700000010430813 ], 
            "to": [ -0.6000000089406967, 2.7999999821186066, 8.399999976158142 ], 
            "faces": {
                "north": { "texture": "#2", "uv": [ 0.0, 0.0, 0.1, 0.1 ] },
                "east": { "texture": "#2", "uv": [ 0.0, 0.0, 0.1, 0.1 ] },
                "south": { "texture": "#2", "uv": [ 0.0, 0.0, 0.1, 0.1 ] },
                "west": { "texture": "#2", "uv": [ 0.0, 0.0, 0.1, 0.1 ] },
                "up": { "texture": "#2", "uv": [ 0.0, 0.0, 0.1, 0.1 ] },
                "down": { "texture": "#2", "uv": [ 0.0, 0.0, 0.1, 0.1 ] }
            }
        },
        {
            "name": "Cube",
            "from": [ -3.7999999970197678, 2.7999999970197678, 6.700000010430813 ], 
            "to": [ -3.500000022351742, 4.799999997019768, 8.399999976158142 ], 
            "faces": {
                "north": { "texture": "#2", "uv": [ 0.0, 0.0, 0.1, 0.1 ] },
                "east": { "texture": "#2", "uv": [ 0.0, 0.0, 0.1, 0.1 ] },
                "south": { "texture": "#2", "uv": [ 0.0, 0.0, 0.1, 0.1 ] },
                "west": { "texture": "#2", "uv": [ 0.0, 0.0, 0.1, 0.1 ] },
                "up": { "texture": "#2", "uv": [ 0.0, 0.0, 0.1, 0.1 ] },
                "down": { "texture": "#2", "uv": [ 0.0, 0.0, 0.1, 0.1 ] }
            }
        },
        {
            "name": "Cube",
            "from": [ -1.7999999821186066, 2.3999999910593033, 7.200000017881393 ], 
            "to": [ -1.5000000074505806, 4.199999988079071, 7.999999985098839 ], 
            "rotation": { "origin": [ 0.30000001937150955, 2.4999999925494194, 8.0 ], "axis": "z", "angle": -22.5 },
            "faces": {
                "north": { "texture": "#0", "uv": [ 0.0, 0.0, 0.1, 0.1 ] },
                "east": { "texture": "#0", "uv": [ 0.0, 0.0, 0.1, 0.1 ] },
                "south": { "texture": "#0", "uv": [ 0.0, 0.0, 0.1, 0.1 ] },
                "west": { "texture": "#0", "uv": [ 0.0, 0.0, 0.1, 0.1 ] },
                "up": { "texture": "#0", "uv": [ 0.0, 0.0, 0.1, 0.1 ] },
                "down": { "texture": "#0", "uv": [ 0.0, 0.0, 0.1, 0.1 ] }
            }
        },
        {
            "name": "Cube",
            "from": [ -4.000000014901161, 5.299999989569187, 7.3000000193715096 ], 
            "to": [ -0.1000000461935997, 8.199999988079071, 8.69999998062849 ], 
            "faces": {
                "north": { "texture": "#2", "uv": [ 0.0, 0.0, 0.1, 0.1 ] },
                "east": { "texture": "#2", "uv": [ 0.0, 0.0, 0.1, 0.1 ] },
                "south": { "texture": "#2", "uv": [ 0.0, 0.0, 0.1, 0.1 ] },
                "west": { "texture": "#2", "uv": [ 0.0, 0.0, 0.1, 0.1 ] },
                "up": { "texture": "#2", "uv": [ 0.0, 0.0, 0.1, 0.1 ] },
                "down": { "texture": "#2", "uv": [ 0.0, 0.0, 0.1, 0.1 ] }
            }
        },
        {
            "name": "Cube",
            "from": [ -0.10000000149011612, 5.299999989569187, 6.300000004470348 ], 
            "to": [ 7.100000001490116, 8.199999988079071, 8.69999998062849 ], 
            "faces": {
                "north": { "texture": "#2", "uv": [ 0.0, 0.0, 0.1, 0.1 ] },
                "east": { "texture": "#2", "uv": [ 0.0, 0.0, 0.1, 0.1 ] },
                "south": { "texture": "#2", "uv": [ 0.0, 0.0, 0.1, 0.1 ] },
                "west": { "texture": "#2", "uv": [ 0.0, 0.0, 0.1, 0.1 ] },
                "up": { "texture": "#2", "uv": [ 0.0, 0.0, 0.1, 0.1 ] },
                "down": { "texture": "#2", "uv": [ 0.0, 0.0, 0.1, 0.1 ] }
            }
        },
        {
            "name": "Cube",
            "from": [ -4.000000014901161, 4.899999983608723, 6.3000000193715096 ], 
            "to": [ -0.1000000461935997, 7.099999971687794, 7.199999988079071 ], 
            "faces": {
                "north": { "texture": "#2", "uv": [ 0.0, 0.0, 0.1, 0.1 ] },
                "east": { "texture": "#2", "uv": [ 0.0, 0.0, 0.1, 0.1 ] },
                "south": { "texture": "#2", "uv": [ 0.0, 0.0, 0.1, 0.1 ] },
                "west": { "texture": "#2", "uv": [ 0.0, 0.0, 0.1, 0.1 ] },
                "up": { "texture": "#2", "uv": [ 0.0, 0.0, 0.1, 0.1 ] },
                "down": { "texture": "#2", "uv": [ 0.0, 0.0, 0.1, 0.1 ] }
            }
        },
        {
            "name": "Cube",
            "from": [ -4.000000014901161, 5.799999997019768, 6.500000022351742 ], 
            "to": [ -0.1000000461935997, 7.999999985098839, 7.399999991059303 ], 
            "faces": {
                "north": { "texture": "#3", "uv": [ 14.0, 15.0, 14.1, 15.1 ] },
                "east": { "texture": "#3", "uv": [ 15.0, 15.0, 15.1, 15.1 ] },
                "south": { "texture": "#3", "uv": [ 0.0, 0.0, -11.9, -1.9 ] },
                "west": { "texture": "#3", "uv": [ 0.0, 0.0, -2.9, -0.9 ] },
                "up": { "texture": "#3", "uv": [ 14.0, 15.0, 14.1, 15.1 ] },
                "down": { "texture": "#3", "uv": [ 0.0, 0.0, 0.1, 0.1 ] }
            }
        }
    ]
}