{
    "__comment": "Model generated using MrCrayfish's Model Creator (http://mrcrayfish.com/modelcreator/)",
    "textures": {
        "0": "blocks/grenades/molotov"
    },
    "elements": [
        {
            "name": "Element",
            "from": [ 6.5, 8.5, 6.5 ], 
            "to": [ 9.5, 10.0, 9.5 ], 
            "faces": {
                "north": { "texture": "#0", "uv": [ 6.5, 6.0, 9.5, 7.5 ] },
                "east": { "texture": "#0", "uv": [ 6.5, 6.0, 9.5, 7.5 ] },
                "south": { "texture": "#0", "uv": [ 6.5, 6.0, 9.5, 7.5 ] },
                "west": { "texture": "#0", "uv": [ 6.5, 6.0, 9.5, 7.5 ] },
                "up": { "texture": "#0", "uv": [ 6.5, 6.5, 9.5, 9.5 ] },
                "down": { "texture": "#0", "uv": [ 9.5, 9.5, 6.5, 6.5 ] }
            }
        },
        {
            "name": "Element",
            "from": [ 7.5625, 9.5625, 7.0 ], 
            "to": [ 8.5625, 11.0625, 9.0 ], 
            "rotation": { "origin": [ 7.5625, 11.0625, 7.0 ], "axis": "z", "angle": -45.0 },
            "faces": {
                "north": { "texture": "#0", "uv": [ 1.5, 5.5, 3.5, 7.0 ] },
                "east": { "texture": "#0", "uv": [ 1.5, 6.0, 2.5, 7.5 ] },
                "south": { "texture": "#0", "uv": [ 1.5, 5.5, 3.5, 7.0 ] },
                "west": { "texture": "#0", "uv": [ 1.5, 6.0, 2.5, 7.5 ] },
                "up": { "texture": "#0", "uv": [ 1.5, 5.5, 3.5, 6.5 ] },
                "down": { "texture": "#0", "uv": [ 1.5, 5.5, 3.5, 6.5 ] }
            }
        },
        {
            "name": "Element",
            "from": [ 6.9375, 10.0, 6.9375 ], 
            "to": [ 9.0625, 13.5, 9.125 ], 
            "faces": {
                "north": { "texture": "#0", "uv": [ 6.5, 6.0, 8.5, 9.5 ] },
                "east": { "texture": "#0", "uv": [ 12.0, 6.0, 14.0, 9.5 ] },
                "south": { "texture": "#0", "uv": [ 10.0, 6.0, 12.0, 9.5 ] },
                "west": { "texture": "#0", "uv": [ 8.0, 6.0, 10.0, 9.5 ] },
                "up": { "texture": "#0", "uv": [ 7.0, 7.0, 9.0, 9.0 ] },
                "down": { "texture": "#0", "uv": [ 9.0, 9.0, 7.0, 7.0 ] }
            }
        },
        {
            "name": "Element",
            "from": [ 6.8125, 13.5, 6.8125 ], 
            "to": [ 9.1875, 14.5, 9.1875 ], 
            "faces": {
                "north": { "texture": "#0", "uv": [ 0.0, 5.5, 2.375, 6.5 ] },
                "east": { "texture": "#0", "uv": [ 8.0, 5.5, 10.375, 6.5 ] },
                "south": { "texture": "#0", "uv": [ 6.0, 5.5, 8.375, 6.5 ] },
                "west": { "texture": "#0", "uv": [ 2.5, 5.5, 4.875, 6.5 ] },
                "up": { "texture": "#0", "uv": [ 13.5, 4.5, 15.875, 6.875 ] },
                "down": { "texture": "#0", "uv": [ 13.5, 4.5, 15.875, 6.875 ] }
            }
        },
        {
            "name": "Element",
            "from": [ 7.5, 14.5, 7.5 ], 
            "to": [ 8.5, 15.5, 8.5 ], 
            "faces": {
                "north": { "texture": "#0", "uv": [ 0.0, 0.0, 3.0, 3.0 ] },
                "east": { "texture": "#0", "uv": [ 0.0, 0.0, 3.0, 3.0 ] },
                "south": { "texture": "#0", "uv": [ 0.0, 0.0, 3.0, 3.0 ] },
                "west": { "texture": "#0", "uv": [ 0.0, 0.0, 3.0, 3.0 ] },
                "up": { "texture": "#0", "uv": [ 0.0, 0.0, 2.5, 2.5 ] },
                "down": { "texture": "#0", "uv": [ 0.0, 0.0, 2.5, 2.5 ] }
            }
        },
        {
            "name": "Element",
            "from": [ 8.0, 15.0, 8.0 ], 
            "to": [ 9.0, 16.0, 9.5 ], 
            "faces": {
                "north": { "texture": "#0", "uv": [ 0.0, 0.0, 3.0, 3.0 ] },
                "east": { "texture": "#0", "uv": [ 0.0, 0.0, 3.0, 3.0 ] },
                "south": { "texture": "#0", "uv": [ 0.0, 0.0, 3.0, 3.0 ] },
                "west": { "texture": "#0", "uv": [ 0.0, 0.0, 3.0, 3.0 ] },
                "up": { "texture": "#0", "uv": [ 0.0, 0.0, 2.5, 2.5 ] },
                "down": { "texture": "#0", "uv": [ 0.0, 0.0, 2.5, 2.5 ] }
            }
        },
        {
            "name": "Element",
            "from": [ 7.8125, 15.0, 9.5 ], 
            "to": [ 9.25, 16.0, 11.0 ], 
            "rotation": { "origin": [ 7.8125, 16.0, 9.5 ], "axis": "x", "angle": 22.5 },
            "faces": {
                "north": { "texture": "#0", "uv": [ 0.0, 0.0, 3.0, 3.0 ] },
                "east": { "texture": "#0", "uv": [ 0.0, 0.0, 3.0, 3.0 ] },
                "south": { "texture": "#0", "uv": [ 0.0, 0.0, 3.0, 3.0 ] },
                "west": { "texture": "#0", "uv": [ 0.0, 0.0, 3.0, 3.0 ] },
                "up": { "texture": "#0", "uv": [ 0.0, 0.0, 2.5, 2.5 ] },
                "down": { "texture": "#0", "uv": [ 0.0, 0.0, 2.5, 2.5 ] }
            }
        },
        {
            "name": "Element",
            "from": [ 7.5625, 10.75, 10.0625 ], 
            "to": [ 9.5625, 14.75, 11.5625 ], 
            "faces": {
                "north": { "texture": "#0", "uv": [ 8.0, 0.5, 10.5, 3.0 ] },
                "east": { "texture": "#0", "uv": [ 1.0, 0.0, 12.0, 3.0 ] },
                "south": { "texture": "#0", "uv": [ 8.0, 0.5, 10.5, 3.0 ] },
                "west": { "texture": "#0", "uv": [ 1.0, 0.0, 12.0, 3.0 ] },
                "up": { "texture": "#0", "uv": [ 4.0, 0.0, 13.0, 2.5 ], "rotation": 270 },
                "down": { "texture": "#0", "uv": [ 4.0, 0.0, 13.0, 2.5 ], "rotation": 270 }
            }
        },
        {
            "name": "Element",
            "from": [ 7.75, 14.4375, 10.875 ], 
            "to": [ 9.1875, 15.4375, 11.875 ], 
            "rotation": { "origin": [ 7.75, 15.4375, 10.875 ], "axis": "x", "angle": 45.0 },
            "faces": {
                "north": { "texture": "#0", "uv": [ 0.0, 0.0, 3.0, 3.0 ] },
                "east": { "texture": "#0", "uv": [ 0.0, 0.0, 3.0, 3.0 ] },
                "south": { "texture": "#0", "uv": [ 0.0, 0.0, 3.0, 3.0 ] },
                "west": { "texture": "#0", "uv": [ 0.0, 0.0, 3.0, 3.0 ] },
                "up": { "texture": "#0", "uv": [ 0.0, 0.0, 2.5, 2.5 ] },
                "down": { "texture": "#0", "uv": [ 0.0, 0.0, 2.5, 2.5 ] }
            }
        },
        {
            "name": "Element",
            "from": [ 7.0, 9.5625, 7.5625 ], 
            "to": [ 9.0, 11.0625, 8.5625 ], 
            "rotation": { "origin": [ 7.0, 11.0625, 7.5625 ], "axis": "x", "angle": 45.0 },
            "faces": {
                "north": { "texture": "#0", "uv": [ 1.5, 5.5, 3.5, 7.0 ] },
                "east": { "texture": "#0", "uv": [ 1.5, 6.0, 2.5, 7.5 ] },
                "south": { "texture": "#0", "uv": [ 1.5, 5.5, 3.5, 7.0 ] },
                "west": { "texture": "#0", "uv": [ 1.5, 6.0, 2.5, 7.5 ] },
                "up": { "texture": "#0", "uv": [ 1.5, 5.5, 3.5, 6.5 ] },
                "down": { "texture": "#0", "uv": [ 1.5, 5.5, 3.5, 6.5 ] }
            }
        },
        {
            "name": "Element",
            "from": [ 7.75, 8.875, 7.0 ], 
            "to": [ 8.75, 10.375, 9.0 ], 
            "rotation": { "origin": [ 7.75, 10.375, 7.0 ], "axis": "z", "angle": 45.0 },
            "faces": {
                "north": { "texture": "#0", "uv": [ 1.5, 5.5, 3.5, 7.0 ] },
                "east": { "texture": "#0", "uv": [ 1.5, 6.0, 2.5, 7.5 ] },
                "south": { "texture": "#0", "uv": [ 1.5, 5.5, 3.5, 7.0 ] },
                "west": { "texture": "#0", "uv": [ 1.5, 6.0, 2.5, 7.5 ] },
                "up": { "texture": "#0", "uv": [ 1.5, 5.5, 3.5, 6.5 ] },
                "down": { "texture": "#0", "uv": [ 1.5, 5.5, 3.5, 6.5 ] }
            }
        },
        {
            "name": "Element",
            "from": [ 7.0, 8.875, 7.75 ], 
            "to": [ 9.0, 10.375, 8.75 ], 
            "rotation": { "origin": [ 7.0, 10.375, 7.75 ], "axis": "x", "angle": -45.0 },
            "faces": {
                "north": { "texture": "#0", "uv": [ 1.5, 5.5, 3.5, 7.0 ] },
                "east": { "texture": "#0", "uv": [ 1.5, 6.0, 2.5, 7.5 ] },
                "south": { "texture": "#0", "uv": [ 1.5, 5.5, 3.5, 7.0 ] },
                "west": { "texture": "#0", "uv": [ 1.5, 6.0, 2.5, 7.5 ] },
                "up": { "texture": "#0", "uv": [ 1.5, 5.5, 3.5, 6.5 ] },
                "down": { "texture": "#0", "uv": [ 1.5, 5.5, 3.5, 6.5 ] }
            }
        },
        {
            "name": "Element",
            "from": [ 5.9375, 0.625, 5.875 ], 
            "to": [ 10.0625, 8.6875, 10.0625 ], 
            "faces": {
                "north": { "texture": "#0", "uv": [ 8.5, 6.0, 12.625, 14.0625 ] },
                "east": { "texture": "#0", "uv": [ 4.5, 6.0, 8.625, 14.0625 ] },
                "south": { "texture": "#0", "uv": [ 0.0, 6.0, 4.125, 14.0625 ] },
                "west": { "texture": "#0", "uv": [ 11.875, 6.0, 16.0, 14.0625 ] },
                "up": { "texture": "#0", "uv": [ 11.875, 6.0, 16.0, 10.125 ] },
                "down": { "texture": "#0", "uv": [ 16.0, 9.5, 11.875, 5.375 ] }
            }
        },
        {
            "name": "Element",
            "from": [ 6.5, 8.5, 6.5 ], 
            "to": [ 7.5, 10.0, 9.5 ], 
            "rotation": { "origin": [ 6.5, 10.0, 6.5 ], "axis": "z", "angle": -22.5 },
            "faces": {
                "north": { "texture": "#0", "uv": [ 1.5, 5.5, 3.5, 7.0 ] },
                "east": { "texture": "#0", "uv": [ 1.5, 6.0, 2.5, 7.5 ] },
                "south": { "texture": "#0", "uv": [ 1.5, 5.5, 3.5, 7.0 ] },
                "west": { "texture": "#0", "uv": [ 1.5, 6.0, 2.5, 7.5 ] },
                "up": { "texture": "#0", "uv": [ 1.5, 5.5, 3.5, 6.5 ] },
                "down": { "texture": "#0", "uv": [ 1.5, 5.5, 3.5, 6.5 ] }
            }
        },
        {
            "name": "Element",
            "from": [ 8.5625, 8.125, 6.5 ], 
            "to": [ 9.5625, 9.625, 9.5 ], 
            "rotation": { "origin": [ 8.5625, 9.625, 6.5 ], "axis": "z", "angle": 22.5 },
            "faces": {
                "north": { "texture": "#0", "uv": [ 1.5, 5.5, 3.5, 7.0 ] },
                "east": { "texture": "#0", "uv": [ 1.5, 6.0, 2.5, 7.5 ] },
                "south": { "texture": "#0", "uv": [ 1.5, 5.5, 3.5, 7.0 ] },
                "west": { "texture": "#0", "uv": [ 1.5, 6.0, 2.5, 7.5 ] },
                "up": { "texture": "#0", "uv": [ 1.5, 5.5, 3.5, 6.5 ] },
                "down": { "texture": "#0", "uv": [ 1.5, 5.5, 3.5, 6.5 ] }
            }
        },
        {
            "name": "Element",
            "from": [ 6.5, 8.5, 6.5 ], 
            "to": [ 9.5, 10.0, 7.5 ], 
            "rotation": { "origin": [ 6.5, 10.0, 6.5 ], "axis": "x", "angle": 22.5 },
            "faces": {
                "north": { "texture": "#0", "uv": [ 1.5, 5.5, 3.5, 7.0 ] },
                "east": { "texture": "#0", "uv": [ 1.5, 6.0, 2.5, 7.5 ] },
                "south": { "texture": "#0", "uv": [ 1.5, 5.5, 3.5, 7.0 ] },
                "west": { "texture": "#0", "uv": [ 1.5, 6.0, 2.5, 7.5 ] },
                "up": { "texture": "#0", "uv": [ 1.5, 5.5, 3.5, 6.5 ] },
                "down": { "texture": "#0", "uv": [ 1.5, 5.5, 3.5, 6.5 ] }
            }
        },
        {
            "name": "Element",
            "from": [ 6.5, 8.125, 8.5625 ], 
            "to": [ 9.5, 9.625, 9.5625 ], 
            "rotation": { "origin": [ 6.5, 9.625, 8.5625 ], "axis": "x", "angle": -22.5 },
            "faces": {
                "north": { "texture": "#0", "uv": [ 1.5, 5.5, 3.5, 7.0 ] },
                "east": { "texture": "#0", "uv": [ 1.5, 6.0, 2.5, 7.5 ] },
                "south": { "texture": "#0", "uv": [ 1.5, 5.5, 3.5, 7.0 ] },
                "west": { "texture": "#0", "uv": [ 1.5, 6.0, 2.5, 7.5 ] },
                "up": { "texture": "#0", "uv": [ 1.5, 5.5, 3.5, 6.5 ] },
                "down": { "texture": "#0", "uv": [ 1.5, 5.5, 3.5, 6.5 ] }
            }
        }
    ]
}