{
    "__comment": "Model generated using MrCrayfish's Model Creator (http://mrcrayfish.com/modelcreator/)",
    "textures": {
        "0": "blocks/anvil_base",
        "1": "blocks/cauldron_bottom"
    },
    "elements": [
        {
            "name": "Cube",
            "from": [ 1.0, 6.0, 7.0 ], 
            "to": [ 8.899999998509884, 7.0, 8.0 ], 
            "faces": {
                "north": { "texture": "#0", "uv": [ 0.0, 0.0, 0.1, 0.1 ] },
                "east": { "texture": "#0", "uv": [ 0.0, 0.0, 0.1, 0.1 ] },
                "south": { "texture": "#0", "uv": [ 0.0, 0.0, 0.1, 0.1 ] },
                "west": { "texture": "#0", "uv": [ 0.0, 0.0, 0.1, 0.1 ] },
                "up": { "texture": "#0", "uv": [ 0.0, 0.0, 0.1, 0.1 ] },
                "down": { "texture": "#0", "uv": [ 0.0, 0.0, 0.1, 0.1 ] }
            }
        },
        {
            "name": "Cube",
            "from": [ 1.0, 5.200000017881393, 7.100000001490116 ], 
            "to": [ 4.0, 6.000000014901161, 7.899999998509884 ], 
            "faces": {
                "north": { "texture": "#0", "uv": [ 0.0, 0.0, 0.1, 0.1 ] },
                "east": { "texture": "#0", "uv": [ 0.0, 0.0, 0.1, 0.1 ] },
                "south": { "texture": "#0", "uv": [ 0.0, 0.0, 0.1, 0.1 ] },
                "west": { "texture": "#0", "uv": [ 0.0, 0.0, 0.1, 0.1 ] },
                "up": { "texture": "#0", "uv": [ 0.0, 0.0, 0.1, 0.1 ] },
                "down": { "texture": "#0", "uv": [ 0.0, 0.0, 0.1, 0.1 ] }
            }
        },
        {
            "name": "Cube",
            "from": [ 3.999999985098839, 5.200000002980232, 7.0 ], 
            "to": [ 8.999999985098839, 6.0, 8.0 ], 
            "faces": {
                "north": { "texture": "#0", "uv": [ 0.0, 0.0, 0.1, 0.1 ] },
                "east": { "texture": "#0", "uv": [ 0.0, 0.0, 0.1, 0.1 ] },
                "south": { "texture": "#0", "uv": [ 0.0, 0.0, 0.1, 0.1 ] },
                "west": { "texture": "#0", "uv": [ 0.0, 0.0, 0.1, 0.1 ] },
                "up": { "texture": "#0", "uv": [ 0.0, 0.0, 0.1, 0.1 ] },
                "down": { "texture": "#0", "uv": [ 0.0, 0.0, 0.1, 0.1 ] }
            }
        },
        {
            "name": "Cube",
            "from": [ 6.199999988079071, 4.4000000059604645, 7.200000002980232 ], 
            "to": [ 8.899999983608723, 5.200000002980232, 7.799999997019768 ], 
            "faces": {
                "north": { "texture": "#0", "uv": [ 0.0, 0.0, 0.1, 0.1 ] },
                "east": { "texture": "#0", "uv": [ 0.0, 0.0, 0.1, 0.1 ] },
                "south": { "texture": "#0", "uv": [ 0.0, 0.0, 0.1, 0.1 ] },
                "west": { "texture": "#0", "uv": [ 0.0, 0.0, 0.1, 0.1 ] },
                "up": { "texture": "#0", "uv": [ 0.0, 0.0, 0.1, 0.1 ] },
                "down": { "texture": "#0", "uv": [ 0.0, 0.0, 0.1, 0.1 ] }
            }
        },
        {
            "name": "Cube",
            "from": [ 6.399999991059303, 3.6000000089406967, 7.200000002980232 ], 
            "to": [ 9.099999986588955, 4.4000000059604645, 7.799999997019768 ], 
            "faces": {
                "north": { "texture": "#0", "uv": [ 0.0, 0.0, 0.1, 0.1 ] },
                "east": { "texture": "#0", "uv": [ 0.0, 0.0, 0.1, 0.1 ] },
                "south": { "texture": "#0", "uv": [ 0.0, 0.0, 0.1, 0.1 ] },
                "west": { "texture": "#0", "uv": [ 0.0, 0.0, 0.1, 0.1 ] },
                "up": { "texture": "#0", "uv": [ 0.0, 0.0, 0.1, 0.1 ] },
                "down": { "texture": "#0", "uv": [ 0.0, 0.0, 0.1, 0.1 ] }
            }
        },
        {
            "name": "Cube",
            "from": [ 6.5999999940395355, 2.800000011920929, 7.200000002980232 ], 
            "to": [ 9.299999989569187, 3.6000000089406967, 7.799999997019768 ], 
            "faces": {
                "north": { "texture": "#0", "uv": [ 0.0, 0.0, 0.1, 0.1 ] },
                "east": { "texture": "#0", "uv": [ 0.0, 0.0, 0.1, 0.1 ] },
                "south": { "texture": "#0", "uv": [ 0.0, 0.0, 0.1, 0.1 ] },
                "west": { "texture": "#0", "uv": [ 0.0, 0.0, 0.1, 0.1 ] },
                "up": { "texture": "#0", "uv": [ 0.0, 0.0, 0.1, 0.1 ] },
                "down": { "texture": "#0", "uv": [ 0.0, 0.0, 0.1, 0.1 ] }
            }
        },
        {
            "name": "Cube",
            "from": [ 6.799999997019768, 2.000000014901161, 7.200000002980232 ], 
            "to": [ 9.49999999254942, 2.800000011920929, 7.799999997019768 ], 
            "faces": {
                "north": { "texture": "#0", "uv": [ 0.0, 0.0, 0.1, 0.1 ] },
                "east": { "texture": "#0", "uv": [ 0.0, 0.0, 0.1, 0.1 ] },
                "south": { "texture": "#0", "uv": [ 0.0, 0.0, 0.1, 0.1 ] },
                "west": { "texture": "#0", "uv": [ 0.0, 0.0, 0.1, 0.1 ] },
                "up": { "texture": "#0", "uv": [ 0.0, 0.0, 0.1, 0.1 ] },
                "down": { "texture": "#0", "uv": [ 0.0, 0.0, 0.1, 0.1 ] }
            }
        },
        {
            "name": "Cube",
            "from": [ 6.399999991059303, 4.4000000059604645, 6.999999985098839 ], 
            "to": [ 8.69999998062849, 5.200000002980232, 7.999999985098839 ], 
            "faces": {
                "north": { "texture": "#1", "uv": [ 0.0, 0.0, 0.1, 0.1 ] },
                "east": { "texture": "#1", "uv": [ 0.0, 0.0, 0.1, 0.1 ] },
                "south": { "texture": "#1", "uv": [ 0.0, 0.0, 0.1, 0.1 ] },
                "west": { "texture": "#1", "uv": [ 0.0, 0.0, 0.1, 0.1 ] },
                "up": { "texture": "#1", "uv": [ 0.0, 0.0, 0.1, 0.1 ] },
                "down": { "texture": "#1", "uv": [ 0.0, 0.0, 0.1, 0.1 ] }
            }
        },
        {
            "name": "Cube",
            "from": [ 6.5999999940395355, 3.6000000089406967, 6.999999985098839 ], 
            "to": [ 8.899999983608723, 4.4000000059604645, 7.999999985098839 ], 
            "faces": {
                "north": { "texture": "#1", "uv": [ 0.0, 0.0, 0.1, 0.1 ] },
                "east": { "texture": "#1", "uv": [ 0.0, 0.0, 0.1, 0.1 ] },
                "south": { "texture": "#1", "uv": [ 0.0, 0.0, 0.1, 0.1 ] },
                "west": { "texture": "#1", "uv": [ 0.0, 0.0, 0.1, 0.1 ] },
                "up": { "texture": "#1", "uv": [ 0.0, 0.0, 0.1, 0.1 ] },
                "down": { "texture": "#1", "uv": [ 0.0, 0.0, 0.1, 0.1 ] }
            }
        },
        {
            "name": "Cube",
            "from": [ 6.799999997019768, 2.800000011920929, 6.999999985098839 ], 
            "to": [ 9.099999986588955, 3.6000000089406967, 7.999999985098839 ], 
            "faces": {
                "north": { "texture": "#1", "uv": [ 0.0, 0.0, 0.1, 0.1 ] },
                "east": { "texture": "#1", "uv": [ 0.0, 0.0, 0.1, 0.1 ] },
                "south": { "texture": "#1", "uv": [ 0.0, 0.0, 0.1, 0.1 ] },
                "west": { "texture": "#1", "uv": [ 0.0, 0.0, 0.1, 0.1 ] },
                "up": { "texture": "#1", "uv": [ 0.0, 0.0, 0.1, 0.1 ] },
                "down": { "texture": "#1", "uv": [ 0.0, 0.0, 0.1, 0.1 ] }
            }
        },
        {
            "name": "Cube",
            "from": [ 7.0, 2.1000000163912773, 6.999999985098839 ], 
            "to": [ 9.299999989569187, 2.800000011920929, 7.999999985098839 ], 
            "faces": {
                "north": { "texture": "#1", "uv": [ 0.0, 0.0, 0.1, 0.1 ] },
                "east": { "texture": "#1", "uv": [ 0.0, 0.0, 0.1, 0.1 ] },
                "south": { "texture": "#1", "uv": [ 0.0, 0.0, 0.1, 0.1 ] },
                "west": { "texture": "#1", "uv": [ 0.0, 0.0, 0.1, 0.1 ] },
                "up": { "texture": "#1", "uv": [ 0.0, 0.0, 0.1, 0.1 ] },
                "down": { "texture": "#1", "uv": [ 0.0, 0.0, 0.1, 0.1 ] }
            }
        },
        {
            "name": "Cube",
            "from": [ 0.5999999940395355, 6.200000002980232, 7.200000002980232 ], 
            "to": [ 1.5999999940395355, 6.799999997019768, 7.799999997019768 ], 
            "faces": {
                "north": { "texture": "#1", "uv": [ 0.0, 0.0, 0.1, 0.1 ] },
                "east": { "texture": "#1", "uv": [ 0.0, 0.0, 0.1, 0.1 ] },
                "south": { "texture": "#1", "uv": [ 0.0, 0.0, 0.1, 0.1 ] },
                "west": { "texture": "#1", "uv": [ 0.0, 0.0, 0.1, 0.1 ] },
                "up": { "texture": "#1", "uv": [ 0.0, 0.0, 0.1, 0.1 ] },
                "down": { "texture": "#1", "uv": [ 0.0, 0.0, 0.1, 0.1 ] }
            }
        },
        {
            "name": "Cube",
            "from": [ 0.7999999970197678, 5.399999991059303, 7.300000004470348 ], 
            "to": [ 1.7999999970197678, 5.799999982118607, 7.699999995529652 ], 
            "faces": {
                "north": { "texture": "#1", "uv": [ 0.0, 0.0, 0.1, 0.1 ] },
                "east": { "texture": "#1", "uv": [ 0.0, 0.0, 0.1, 0.1 ] },
                "south": { "texture": "#1", "uv": [ 0.0, 0.0, 0.1, 0.1 ] },
                "west": { "texture": "#1", "uv": [ 0.0, 0.0, 0.1, 0.1 ] },
                "up": { "texture": "#1", "uv": [ 0.0, 0.0, 0.1, 0.1 ] },
                "down": { "texture": "#1", "uv": [ 0.0, 0.0, 0.1, 0.1 ] }
            }
        },
        {
            "name": "Cube",
            "from": [ 1.3000000044703484, 7.0, 7.4000000059604645 ], 
            "to": [ 1.8999999985098839, 7.299999989569187, 7.5999999940395355 ], 
            "faces": {
                "north": { "texture": "#1", "uv": [ 0.0, 0.0, 0.1, 0.1 ] },
                "east": { "texture": "#1", "uv": [ 0.0, 0.0, 0.1, 0.1 ] },
                "south": { "texture": "#1", "uv": [ 0.0, 0.0, 0.1, 0.1 ] },
                "west": { "texture": "#1", "uv": [ 0.0, 0.0, 0.1, 0.1 ] },
                "up": { "texture": "#1", "uv": [ 0.0, 0.0, 0.1, 0.1 ] },
                "down": { "texture": "#1", "uv": [ 0.0, 0.0, 0.1, 0.1 ] }
            }
        },
        {
            "name": "Cube",
            "from": [ 4.200000017881393, 3.6000000089406967, 7.200000002980232 ], 
            "to": [ 6.4000000059604645, 3.7999999970197678, 7.799999997019768 ], 
            "faces": {
                "north": { "texture": "#0", "uv": [ 0.0, 0.0, 0.1, 0.1 ] },
                "east": { "texture": "#0", "uv": [ 0.0, 0.0, 0.1, 0.1 ] },
                "south": { "texture": "#0", "uv": [ 0.0, 0.0, 0.1, 0.1 ] },
                "west": { "texture": "#0", "uv": [ 0.0, 0.0, 0.1, 0.1 ] },
                "up": { "texture": "#0", "uv": [ 0.0, 0.0, 0.1, 0.1 ] },
                "down": { "texture": "#0", "uv": [ 0.0, 0.0, 0.1, 0.1 ] }
            }
        },
        {
            "name": "Cube",
            "from": [ 4.000000014901161, 3.800000011920929, 7.200000002980232 ], 
            "to": [ 4.200000002980232, 4.500000007450581, 7.799999997019768 ], 
            "faces": {
                "north": { "texture": "#0", "uv": [ 0.0, 0.0, 0.1, 0.1 ] },
                "east": { "texture": "#0", "uv": [ 0.0, 0.0, 0.1, 0.1 ] },
                "south": { "texture": "#0", "uv": [ 0.0, 0.0, 0.1, 0.1 ] },
                "west": { "texture": "#0", "uv": [ 0.0, 0.0, 0.1, 0.1 ] },
                "up": { "texture": "#0", "uv": [ 0.0, 0.0, 0.1, 0.1 ] },
                "down": { "texture": "#0", "uv": [ 0.0, 0.0, 0.1, 0.1 ] }
            }
        },
        {
            "name": "Cube",
            "from": [ 3.800000011920929, 4.500000022351742, 7.200000002980232 ], 
            "to": [ 4.0, 5.200000017881393, 7.799999997019768 ], 
            "faces": {
                "north": { "texture": "#0", "uv": [ 0.0, 0.0, 0.1, 0.1 ] },
                "east": { "texture": "#0", "uv": [ 0.0, 0.0, 0.1, 0.1 ] },
                "south": { "texture": "#0", "uv": [ 0.0, 0.0, 0.1, 0.1 ] },
                "west": { "texture": "#0", "uv": [ 0.0, 0.0, 0.1, 0.1 ] },
                "up": { "texture": "#0", "uv": [ 0.0, 0.0, 0.1, 0.1 ] },
                "down": { "texture": "#0", "uv": [ 0.0, 0.0, 0.1, 0.1 ] }
            }
        },
        {
            "name": "Cube",
            "from": [ 5.700000010430813, 4.400000020861626, 7.4000000059604645 ], 
            "to": [ 6.0, 5.400000020861626, 7.5999999940395355 ], 
            "faces": {
                "north": { "texture": "#0", "uv": [ 0.0, 0.0, 0.1, 0.1 ] },
                "east": { "texture": "#0", "uv": [ 0.0, 0.0, 0.1, 0.1 ] },
                "south": { "texture": "#0", "uv": [ 0.0, 0.0, 0.1, 0.1 ] },
                "west": { "texture": "#0", "uv": [ 0.0, 0.0, 0.1, 0.1 ] },
                "up": { "texture": "#0", "uv": [ 0.0, 0.0, 0.1, 0.1 ] },
                "down": { "texture": "#0", "uv": [ 0.0, 0.0, 0.1, 0.1 ] }
            }
        },
        {
            "name": "Cube",
            "from": [ 5.700000010430813, 4.400000020861626, 7.4000000059604645 ], 
            "to": [ 6.0, 4.900000013411045, 7.5999999940395355 ], 
            "rotation": { "origin": [ 4.80000002682209, 4.699999995529652, 8.0 ], "axis": "z", "angle": -22.5 },
            "faces": {
                "north": { "texture": "#0", "uv": [ 0.0, 0.0, 0.1, 0.1 ] },
                "east": { "texture": "#0", "uv": [ 0.0, 0.0, 0.1, 0.1 ] },
                "south": { "texture": "#0", "uv": [ 0.0, 0.0, 0.1, 0.1 ] },
                "west": { "texture": "#0", "uv": [ 0.0, 0.0, 0.1, 0.1 ] },
                "up": { "texture": "#0", "uv": [ 0.0, 0.0, 0.1, 0.1 ] },
                "down": { "texture": "#0", "uv": [ 0.0, 0.0, 0.1, 0.1 ] }
            }
        },
        {
            "name": "Cube",
            "from": [ 11.0, 6.0, 7.0 ], 
            "to": [ 12.300000004470348, 6.799999997019768, 8.0 ], 
            "rotation": { "origin": [ 10.100000001490116, 9.400000005960464, 8.0 ], "axis": "z", "angle": -45.0 },
            "faces": {
                "north": { "texture": "#0", "uv": [ 0.0, 0.0, 0.1, 0.1 ] },
                "east": { "texture": "#0", "uv": [ 0.0, 0.0, 0.1, 0.1 ] },
                "south": { "texture": "#0", "uv": [ 0.0, 0.0, 0.1, 0.1 ] },
                "west": { "texture": "#0", "uv": [ 0.0, 0.0, 0.1, 0.1 ] },
                "up": { "texture": "#0", "uv": [ 0.0, 0.0, 0.1, 0.1 ] },
                "down": { "texture": "#0", "uv": [ 0.0, 0.0, 0.1, 0.1 ] }
            }
        },
        {
            "name": "Cube",
            "from": [ 10.899999998509884, 6.300000004470348, 7.0 ], 
            "to": [ 12.400000005960464, 6.899999998509884, 8.0 ], 
            "rotation": { "origin": [ 8.899999998509884, 12.200000017881393, 8.0 ], "axis": "z", "angle": -22.5 },
            "faces": {
                "north": { "texture": "#0", "uv": [ 0.0, 0.0, 0.1, 0.1 ] },
                "east": { "texture": "#0", "uv": [ 0.0, 0.0, 0.1, 0.1 ] },
                "south": { "texture": "#0", "uv": [ 0.0, 0.0, 0.1, 0.1 ] },
                "west": { "texture": "#0", "uv": [ 0.0, 0.0, 0.1, 0.1 ] },
                "up": { "texture": "#0", "uv": [ 0.0, 0.0, 0.1, 0.1 ] },
                "down": { "texture": "#0", "uv": [ 0.0, 0.0, 0.1, 0.1 ] }
            }
        },
        {
            "name": "Cube",
            "from": [ 9.0, 5.4000000059604645, 7.0 ], 
            "to": [ 9.799999997019768, 5.899999998509884, 8.0 ], 
            "faces": {
                "north": { "texture": "#0", "uv": [ 0.0, 0.0, 0.1, 0.1 ] },
                "east": { "texture": "#0", "uv": [ 0.0, 0.0, 0.1, 0.1 ] },
                "south": { "texture": "#0", "uv": [ 0.0, 0.0, 0.1, 0.1 ] },
                "west": { "texture": "#0", "uv": [ 0.0, 0.0, 0.1, 0.1 ] },
                "up": { "texture": "#0", "uv": [ 0.0, 0.0, 0.1, 0.1 ] },
                "down": { "texture": "#0", "uv": [ 0.0, 0.0, 0.1, 0.1 ] }
            }
        },
        {
            "name": "Cube",
            "from": [ 7.500000007450581, 7.0, 7.300000004470348 ], 
            "to": [ 7.899999998509884, 7.299999989569187, 7.399999991059303 ], 
            "faces": {
                "north": { "texture": "#1", "uv": [ 0.0, 0.0, 0.1, 0.1 ] },
                "east": { "texture": "#1", "uv": [ 0.0, 0.0, 0.1, 0.1 ] },
                "south": { "texture": "#1", "uv": [ 0.0, 0.0, 0.1, 0.1 ] },
                "west": { "texture": "#1", "uv": [ 0.0, 0.0, 0.1, 0.1 ] },
                "up": { "texture": "#1", "uv": [ 0.0, 0.0, 0.1, 0.1 ] },
                "down": { "texture": "#1", "uv": [ 0.0, 0.0, 0.1, 0.1 ] }
            }
        },
        {
            "name": "Cube",
            "from": [ 7.500000007450581, 7.0, 7.600000008940697 ], 
            "to": [ 7.899999998509884, 7.299999989569187, 7.699999995529652 ], 
            "faces": {
                "north": { "texture": "#1", "uv": [ 0.0, 0.0, 0.1, 0.1 ] },
                "east": { "texture": "#1", "uv": [ 0.0, 0.0, 0.1, 0.1 ] },
                "south": { "texture": "#1", "uv": [ 0.0, 0.0, 0.1, 0.1 ] },
                "west": { "texture": "#1", "uv": [ 0.0, 0.0, 0.1, 0.1 ] },
                "up": { "texture": "#1", "uv": [ 0.0, 0.0, 0.1, 0.1 ] },
                "down": { "texture": "#1", "uv": [ 0.0, 0.0, 0.1, 0.1 ] }
            }
        },
        {
            "name": "Cube",
            "from": [ 7.500000007450581, 7.0, 7.200000002980232 ], 
            "to": [ 8.0, 7.099999986588955, 7.799999997019768 ], 
            "faces": {
                "north": { "texture": "#1", "uv": [ 0.0, 0.0, 0.1, 0.1 ] },
                "east": { "texture": "#1", "uv": [ 0.0, 0.0, 0.1, 0.1 ] },
                "south": { "texture": "#1", "uv": [ 0.0, 0.0, 0.1, 0.1 ] },
                "west": { "texture": "#1", "uv": [ 0.0, 0.0, 0.1, 0.1 ] },
                "up": { "texture": "#1", "uv": [ 0.0, 0.0, 0.1, 0.1 ] },
                "down": { "texture": "#1", "uv": [ 0.0, 0.0, 0.1, 0.1 ] }
            }
        },
        {
            "name": "Cube",
            "from": [ 6.299999989569187, 5.300000004470348, 7.899999998509884 ], 
            "to": [ 6.599999979138374, 5.5999999940395355, 8.099999986588955 ], 
            "faces": {
                "north": { "texture": "#1", "uv": [ 0.0, 0.0, 0.1, 0.1 ] },
                "east": { "texture": "#1", "uv": [ 0.0, 0.0, 0.1, 0.1 ] },
                "south": { "texture": "#1", "uv": [ 0.0, 0.0, 0.1, 0.1 ] },
                "west": { "texture": "#1", "uv": [ 0.0, 0.0, 0.1, 0.1 ] },
                "up": { "texture": "#1", "uv": [ 0.0, 0.0, 0.1, 0.1 ] },
                "down": { "texture": "#1", "uv": [ 0.0, 0.0, 0.1, 0.1 ] }
            }
        },
        {
            "name": "Cube",
            "from": [ 4.899999983608723, 5.800000011920929, 8.0 ], 
            "to": [ 5.599999979138374, 6.100000001490116, 8.199999988079071 ], 
            "faces": {
                "north": { "texture": "#1", "uv": [ 0.0, 0.0, 0.1, 0.1 ] },
                "east": { "texture": "#1", "uv": [ 0.0, 0.0, 0.1, 0.1 ] },
                "south": { "texture": "#1", "uv": [ 0.0, 0.0, 0.1, 0.1 ] },
                "west": { "texture": "#1", "uv": [ 0.0, 0.0, 0.1, 0.1 ] },
                "up": { "texture": "#1", "uv": [ 0.0, 0.0, 0.1, 0.1 ] },
                "down": { "texture": "#1", "uv": [ 0.0, 0.0, 0.1, 0.1 ] }
            }
        }
    ]
}