{
    "__comment": "Model generated using MrCrayfish's Model Creator (http://mrcrayfish.com/modelcreator/)",
    "textures": {
        "0": "blocks/wool_colored_green",
        "1": "blocks/hardened_clay_stained_yellow",
        "2": "blocks/cauldron_bottom",
        "3": "blocks/planks_big_oak",
        "4": "blocks/anvil_base"
    },
    "elements": [
        {
            "name": "Cube",
            "from": [ -15.899999998509884, 4.699999995529652, 6.699999995529652 ], 
            "to": [ -13.899999998509884, 6.100000001490116, 8.100000001490116 ], 
            "faces": {
                "north": { "texture": "#0", "uv": [ 0.0, 0.0, 2.0, 0.7999999970197678 ] },
                "east": { "texture": "#0", "uv": [ 0.0, 0.0, 0.7999999970197678, 0.7999999970197678 ] },
                "south": { "texture": "#0", "uv": [ 0.0, 0.0, 2.0, 0.7999999970197678 ] },
                "west": { "texture": "#0", "uv": [ 0.0, 0.0, 0.7999999970197678, 0.7999999970197678 ] },
                "up": { "texture": "#0", "uv": [ 0.0, 0.0, 2.0, 0.7999999970197678 ] },
                "down": { "texture": "#0", "uv": [ 0.0, 0.0, 2.0, 0.7999999970197678 ] }
            }
        },
        {
            "name": "Cube",
            "from": [ -13.900000013411045, 4.0, 6.0 ], 
            "to": [ -10.900000013411045, 6.799999997019768, 8.699999995529652 ], 
            "faces": {
                "north": { "texture": "#0", "uv": [ 0.0, 0.0, 0.1, 0.1 ] },
                "east": { "texture": "#0", "uv": [ 0.0, 0.0, 0.1, 0.1 ] },
                "south": { "texture": "#0", "uv": [ 0.0, 0.0, 0.1, 0.1 ] },
                "west": { "texture": "#0", "uv": [ 0.0, 0.0, 0.1, 0.1 ] },
                "up": { "texture": "#0", "uv": [ 0.0, 0.0, 0.1, 0.1 ] },
                "down": { "texture": "#0", "uv": [ 0.0, 0.0, 0.1, 0.1 ] }
            }
        },
        {
            "name": "Cube",
            "from": [ -10.900000028312206, 3.6999999955296516, 5.699999995529652 ], 
            "to": [ -9.900000028312206, 7.100000001490116, 9.100000001490116 ], 
            "faces": {
                "north": { "texture": "#1", "uv": [ 0.0, 0.0, 0.1, 0.1 ] },
                "east": { "texture": "#1", "uv": [ 0.0, 0.0, 0.1, 0.1 ] },
                "south": { "texture": "#1", "uv": [ 0.0, 0.0, 0.1, 0.1 ] },
                "west": { "texture": "#1", "uv": [ 0.0, 0.0, 0.1, 0.1 ] },
                "up": { "texture": "#1", "uv": [ 0.0, 0.0, 0.1, 0.1 ] },
                "down": { "texture": "#1", "uv": [ 0.0, 0.0, 0.1, 0.1 ] }
            }
        },
        {
            "name": "Cube",
            "from": [ -10.49999999254942, 4.100000001490116, 6.200000002980232 ], 
            "to": [ -7.499999992549419, 6.699999995529652, 8.699999995529652 ], 
            "faces": {
                "north": { "texture": "#0", "uv": [ 0.0, 0.0, 0.1, 0.1 ] },
                "east": { "texture": "#0", "uv": [ 0.0, 0.0, 0.1, 0.1 ] },
                "south": { "texture": "#0", "uv": [ 0.0, 0.0, 0.1, 0.1 ] },
                "west": { "texture": "#0", "uv": [ 0.0, 0.0, 0.1, 0.1 ] },
                "up": { "texture": "#0", "uv": [ 0.0, 0.0, 0.1, 0.1 ] },
                "down": { "texture": "#0", "uv": [ 0.0, 0.0, 0.1, 0.1 ] }
            }
        },
        {
            "name": "Cube",
            "from": [ -7.500000007450581, 4.699999995529652, 6.699999995529652 ], 
            "to": [ -5.4000000059604645, 6.199999988079071, 8.099999986588955 ], 
            "faces": {
                "north": { "texture": "#0", "uv": [ 0.0, 0.0, 0.1, 0.1 ] },
                "east": { "texture": "#0", "uv": [ 0.0, 0.0, 0.1, 0.1 ] },
                "south": { "texture": "#0", "uv": [ 0.0, 0.0, 0.1, 0.1 ] },
                "west": { "texture": "#0", "uv": [ 0.0, 0.0, 0.1, 0.1 ] },
                "up": { "texture": "#0", "uv": [ 0.0, 0.0, 0.1, 0.1 ] },
                "down": { "texture": "#0", "uv": [ 0.0, 0.0, 0.1, 0.1 ] }
            }
        },
        {
            "name": "Cube",
            "from": [ -5.5999999940395355, 4.4000000059604645, 6.4000000059604645 ], 
            "to": [ -4.5999999940395355, 6.499999992549419, 8.399999991059303 ], 
            "faces": {
                "north": { "texture": "#0", "uv": [ 0.0, 0.0, 0.1, 0.1 ] },
                "east": { "texture": "#0", "uv": [ 0.0, 0.0, 0.1, 0.1 ] },
                "south": { "texture": "#0", "uv": [ 0.0, 0.0, 0.1, 0.1 ] },
                "west": { "texture": "#0", "uv": [ 0.0, 0.0, 0.1, 0.1 ] },
                "up": { "texture": "#0", "uv": [ 0.0, 0.0, 0.1, 0.1 ] },
                "down": { "texture": "#0", "uv": [ 0.0, 0.0, 0.1, 0.1 ] }
            }
        },
        {
            "name": "Cube",
            "from": [ -4.600000008940697, 5.000000014901161, 6.500000007450581 ], 
            "to": [ 5.399999991059303, 5.799999982118607, 8.299999989569187 ], 
            "faces": {
                "north": { "texture": "#2", "uv": [ 0.0, 0.0, 0.1, 0.1 ] },
                "east": { "texture": "#2", "uv": [ 0.0, 0.0, 0.1, 0.1 ] },
                "south": { "texture": "#2", "uv": [ 0.0, 0.0, 0.1, 0.1 ] },
                "west": { "texture": "#2", "uv": [ 0.0, 0.0, 0.1, 0.1 ] },
                "up": { "texture": "#2", "uv": [ 0.0, 0.0, 0.1, 0.1 ] },
                "down": { "texture": "#2", "uv": [ 0.0, 0.0, 0.1, 0.1 ] }
            }
        },
        {
            "name": "Cube",
            "from": [ -4.600000008940697, 4.500000007450581, 7.000000014901161 ], 
            "to": [ 5.399999991059303, 6.300000008940697, 7.800000014901161 ], 
            "faces": {
                "north": { "texture": "#2", "uv": [ 0.0, 0.0, 0.1, 0.1 ] },
                "east": { "texture": "#2", "uv": [ 0.0, 0.0, 0.1, 0.1 ] },
                "south": { "texture": "#2", "uv": [ 0.0, 0.0, 0.1, 0.1 ] },
                "west": { "texture": "#2", "uv": [ 0.0, 0.0, 0.1, 0.1 ] },
                "up": { "texture": "#2", "uv": [ 0.0, 0.0, 0.1, 0.1 ] },
                "down": { "texture": "#2", "uv": [ 0.0, 0.0, 0.1, 0.1 ] }
            }
        },
        {
            "name": "Cube",
            "from": [ -4.600000008940697, 5.600000008940697, 7.000000014901161 ], 
            "to": [ 5.399999991059303, 6.300000008940697, 7.800000014901161 ], 
            "rotation": { "origin": [ 8.0, 6.299999989569187, 7.799999997019768 ], "axis": "x", "angle": -45.0 },
            "faces": {
                "north": { "texture": "#2", "uv": [ 0.0, 0.0, 0.1, 0.1 ] },
                "east": { "texture": "#2", "uv": [ 0.0, 0.0, 0.1, 0.1 ] },
                "south": { "texture": "#2", "uv": [ 0.0, 0.0, 0.1, 0.1 ] },
                "west": { "texture": "#2", "uv": [ 0.0, 0.0, 0.1, 0.1 ] },
                "up": { "texture": "#2", "uv": [ 0.0, 0.0, 0.1, 0.1 ] },
                "down": { "texture": "#2", "uv": [ 0.0, 0.0, 0.1, 0.1 ] }
            }
        },
        {
            "name": "Cube",
            "from": [ -4.600000008940697, 5.600000008940697, 7.000000014901161 ], 
            "to": [ 5.399999991059303, 6.300000008940697, 7.800000014901161 ], 
            "rotation": { "origin": [ 8.0, 6.299999974668026, 7.0 ], "axis": "x", "angle": 45.0 },
            "faces": {
                "north": { "texture": "#2", "uv": [ 0.0, 0.0, 0.1, 0.1 ] },
                "east": { "texture": "#2", "uv": [ 0.0, 0.0, 0.1, 0.1 ] },
                "south": { "texture": "#2", "uv": [ 0.0, 0.0, 0.1, 0.1 ] },
                "west": { "texture": "#2", "uv": [ 0.0, 0.0, 0.1, 0.1 ] },
                "up": { "texture": "#2", "uv": [ 0.0, 0.0, 0.1, 0.1 ] },
                "down": { "texture": "#2", "uv": [ 0.0, 0.0, 0.1, 0.1 ] }
            }
        },
        {
            "name": "Cube",
            "from": [ -4.600000008940697, 4.600000008940697, 7.000000014901161 ], 
            "to": [ 5.399999991059303, 5.300000008940697, 7.700000013411045 ], 
            "rotation": { "origin": [ 8.0, 5.499999992549419, 7.499999992549419 ], "axis": "x", "angle": -45.0 },
            "faces": {
                "north": { "texture": "#2", "uv": [ 0.0, 0.0, 0.1, 0.1 ] },
                "east": { "texture": "#2", "uv": [ 0.0, 0.0, 0.1, 0.1 ] },
                "south": { "texture": "#2", "uv": [ 0.0, 0.0, 0.1, 0.1 ] },
                "west": { "texture": "#2", "uv": [ 0.0, 0.0, 0.1, 0.1 ] },
                "up": { "texture": "#2", "uv": [ 0.0, 0.0, 0.1, 0.1 ] },
                "down": { "texture": "#2", "uv": [ 0.0, 0.0, 0.1, 0.1 ] }
            }
        },
        {
            "name": "Cube",
            "from": [ -4.600000008940697, 5.4000000059604645, 6.000000014901161 ], 
            "to": [ 5.399999991059303, 6.100000005960465, 6.800000014901161 ], 
            "rotation": { "origin": [ 8.0, 6.199999988079071, 7.5999999940395355 ], "axis": "x", "angle": -45.0 },
            "faces": {
                "north": { "texture": "#2", "uv": [ 0.0, 0.0, 0.1, 0.1 ] },
                "east": { "texture": "#2", "uv": [ 0.0, 0.0, 0.1, 0.1 ] },
                "south": { "texture": "#2", "uv": [ 0.0, 0.0, 0.1, 0.1 ] },
                "west": { "texture": "#2", "uv": [ 0.0, 0.0, 0.1, 0.1 ] },
                "up": { "texture": "#2", "uv": [ 0.0, 0.0, 0.1, 0.1 ] },
                "down": { "texture": "#2", "uv": [ 0.0, 0.0, 0.1, 0.1 ] }
            }
        },
        {
            "name": "Cube",
            "from": [ 3.399999976158142, 4.100000001490116, 7.000000014901161 ], 
            "to": [ 6.999999970197678, 6.700000014901161, 7.800000014901161 ], 
            "faces": {
                "north": { "texture": "#2", "uv": [ 0.0, 0.0, 0.1, 0.1 ] },
                "east": { "texture": "#2", "uv": [ 0.0, 0.0, 0.1, 0.1 ] },
                "south": { "texture": "#2", "uv": [ 0.0, 0.0, 0.1, 0.1 ] },
                "west": { "texture": "#2", "uv": [ 0.0, 0.0, 0.1, 0.1 ] },
                "up": { "texture": "#2", "uv": [ 0.0, 0.0, 0.1, 0.1 ] },
                "down": { "texture": "#2", "uv": [ 0.0, 0.0, 0.1, 0.1 ] }
            }
        },
        {
            "name": "Cube",
            "from": [ 3.399999976158142, 5.000000014901161, 6.100000016391277 ], 
            "to": [ 6.999999970197678, 5.800000014901161, 8.700000016391277 ], 
            "faces": {
                "north": { "texture": "#2", "uv": [ 0.0, 0.0, 0.1, 0.1 ] },
                "east": { "texture": "#2", "uv": [ 0.0, 0.0, 0.1, 0.1 ] },
                "south": { "texture": "#2", "uv": [ 0.0, 0.0, 0.1, 0.1 ] },
                "west": { "texture": "#2", "uv": [ 0.0, 0.0, 0.1, 0.1 ] },
                "up": { "texture": "#2", "uv": [ 0.0, 0.0, 0.1, 0.1 ] },
                "down": { "texture": "#2", "uv": [ 0.0, 0.0, 0.1, 0.1 ] }
            }
        },
        {
            "name": "Cube",
            "from": [ 3.399999976158142, 5.100000001490116, 7.000000014901161 ], 
            "to": [ 6.999999970197678, 6.700000014901161, 8.300000022351743 ], 
            "rotation": { "origin": [ 8.0, 5.800000011920929, 7.4000000059604645 ], "axis": "x", "angle": 45.0 },
            "faces": {
                "north": { "texture": "#2", "uv": [ 0.0, 0.0, 0.1, 0.1 ] },
                "east": { "texture": "#2", "uv": [ 0.0, 0.0, 0.1, 0.1 ] },
                "south": { "texture": "#2", "uv": [ 0.0, 0.0, 0.1, 0.1 ] },
                "west": { "texture": "#2", "uv": [ 0.0, 0.0, 0.1, 0.1 ] },
                "up": { "texture": "#2", "uv": [ 0.0, 0.0, 0.1, 0.1 ] },
                "down": { "texture": "#2", "uv": [ 0.0, 0.0, 0.1, 0.1 ] }
            }
        },
        {
            "name": "Cube",
            "from": [ 3.399999976158142, 4.100000001490116, 7.000000014901161 ], 
            "to": [ 6.999999970197678, 5.700000014901161, 8.300000022351743 ], 
            "rotation": { "origin": [ 8.0, 5.700000010430813, 7.700000010430813 ], "axis": "x", "angle": 45.0 },
            "faces": {
                "north": { "texture": "#2", "uv": [ 0.0, 0.0, 0.1, 0.1 ] },
                "east": { "texture": "#2", "uv": [ 0.0, 0.0, 0.1, 0.1 ] },
                "south": { "texture": "#2", "uv": [ 0.0, 0.0, 0.1, 0.1 ] },
                "west": { "texture": "#2", "uv": [ 0.0, 0.0, 0.1, 0.1 ] },
                "up": { "texture": "#2", "uv": [ 0.0, 0.0, 0.1, 0.1 ] },
                "down": { "texture": "#2", "uv": [ 0.0, 0.0, 0.1, 0.1 ] }
            }
        },
        {
            "name": "Cube",
            "from": [ 3.399999976158142, 5.100000001490116, 7.000000014901161 ], 
            "to": [ 6.999999970197678, 6.700000014901161, 8.300000022351743 ], 
            "rotation": { "origin": [ 8.100000001490116, 5.100000016391277, 7.700000010430813 ], "axis": "x", "angle": -45.0 },
            "faces": {
                "north": { "texture": "#2", "uv": [ 0.0, 0.0, 0.1, 0.1 ] },
                "east": { "texture": "#2", "uv": [ 0.0, 0.0, 0.1, 0.1 ] },
                "south": { "texture": "#2", "uv": [ 0.0, 0.0, 0.1, 0.1 ] },
                "west": { "texture": "#2", "uv": [ 0.0, 0.0, 0.1, 0.1 ] },
                "up": { "texture": "#2", "uv": [ 0.0, 0.0, 0.1, 0.1 ] },
                "down": { "texture": "#2", "uv": [ 0.0, 0.0, 0.1, 0.1 ] }
            }
        },
        {
            "name": "Cube",
            "from": [ 3.399999976158142, 5.0, 7.000000014901161 ], 
            "to": [ 6.999999970197678, 6.300000008940697, 8.300000022351743 ], 
            "rotation": { "origin": [ 8.100000001490116, 5.200000017881393, 6.900000013411045 ], "axis": "x", "angle": 45.0 },
            "faces": {
                "north": { "texture": "#2", "uv": [ 0.0, 0.0, 0.1, 0.1 ] },
                "east": { "texture": "#2", "uv": [ 0.0, 0.0, 0.1, 0.1 ] },
                "south": { "texture": "#2", "uv": [ 0.0, 0.0, 0.1, 0.1 ] },
                "west": { "texture": "#2", "uv": [ 0.0, 0.0, 0.1, 0.1 ] },
                "up": { "texture": "#2", "uv": [ 0.0, 0.0, 0.1, 0.1 ] },
                "down": { "texture": "#2", "uv": [ 0.0, 0.0, 0.1, 0.1 ] }
            }
        },
        {
            "name": "Cube",
            "from": [ 6.999999955296516, 3.899999998509884, 7.000000014901161 ], 
            "to": [ 14.599999949336052, 6.900000017881394, 7.800000014901161 ], 
            "faces": {
                "north": { "texture": "#3", "uv": [ 0.0, 0.0, 0.1, 0.1 ] },
                "east": { "texture": "#3", "uv": [ 0.0, 0.0, 0.1, 0.1 ] },
                "south": { "texture": "#3", "uv": [ 0.0, 0.0, 0.1, 0.1 ] },
                "west": { "texture": "#3", "uv": [ 0.0, 0.0, 0.1, 0.1 ] },
                "up": { "texture": "#3", "uv": [ 0.0, 0.0, 0.1, 0.1 ] },
                "down": { "texture": "#3", "uv": [ 0.0, 0.0, 0.1, 0.1 ] }
            }
        },
        {
            "name": "Cube",
            "from": [ 6.999999970197678, 5.000000014901161, 5.900000013411045 ], 
            "to": [ 14.599999964237213, 5.800000014901161, 8.90000001937151 ], 
            "faces": {
                "north": { "texture": "#3", "uv": [ 0.0, 0.0, 0.1, 0.1 ] },
                "east": { "texture": "#3", "uv": [ 0.0, 0.0, 0.1, 0.1 ] },
                "south": { "texture": "#3", "uv": [ 0.0, 0.0, 0.1, 0.1 ] },
                "west": { "texture": "#3", "uv": [ 0.0, 0.0, 0.1, 0.1 ] },
                "up": { "texture": "#3", "uv": [ 0.0, 0.0, 0.1, 0.1 ] },
                "down": { "texture": "#3", "uv": [ 0.0, 0.0, 0.1, 0.1 ] }
            }
        },
        {
            "name": "Cube",
            "from": [ 6.999999970197678, 5.100000001490116, 7.5000000014901165 ], 
            "to": [ 14.599999964237213, 6.700000014901161, 9.100000013411046 ], 
            "rotation": { "origin": [ 8.0, 6.500000022351742, 7.900000013411045 ], "axis": "x", "angle": 45.0 },
            "faces": {
                "north": { "texture": "#3", "uv": [ 0.0, 0.0, 0.1, 0.1 ] },
                "east": { "texture": "#3", "uv": [ 0.0, 0.0, 0.1, 0.1 ] },
                "south": { "texture": "#3", "uv": [ 0.0, 0.0, 0.1, 0.1 ] },
                "west": { "texture": "#3", "uv": [ 0.0, 0.0, 0.1, 0.1 ] },
                "up": { "texture": "#3", "uv": [ 0.0, 0.0, 0.1, 0.1 ] },
                "down": { "texture": "#3", "uv": [ 0.0, 0.0, 0.1, 0.1 ] }
            }
        },
        {
            "name": "Cube",
            "from": [ 6.999999970197678, 5.100000001490116, 6.500000007450581 ], 
            "to": [ 14.599999964237213, 6.700000014901161, 8.10000001937151 ], 
            "rotation": { "origin": [ 8.100000001490116, 5.500000022351742, 7.300000004470348 ], "axis": "x", "angle": -45.0 },
            "faces": {
                "north": { "texture": "#3", "uv": [ 0.0, 0.0, 0.1, 0.1 ] },
                "east": { "texture": "#3", "uv": [ 0.0, 0.0, 0.1, 0.1 ] },
                "south": { "texture": "#3", "uv": [ 0.0, 0.0, 0.1, 0.1 ] },
                "west": { "texture": "#3", "uv": [ 0.0, 0.0, 0.1, 0.1 ] },
                "up": { "texture": "#3", "uv": [ 0.0, 0.0, 0.1, 0.1 ] },
                "down": { "texture": "#3", "uv": [ 0.0, 0.0, 0.1, 0.1 ] }
            }
        },
        {
            "name": "Cube",
            "from": [ 6.999999955296516, 4.299999989569187, 7.000000014901161 ], 
            "to": [ 14.599999949336052, 5.800000001490116, 8.300000022351743 ], 
            "rotation": { "origin": [ 8.200000002980232, 4.700000010430813, 7.600000023841858 ], "axis": "x", "angle": 45.0 },
            "faces": {
                "north": { "texture": "#3", "uv": [ 0.0, 0.0, 0.1, 0.1 ] },
                "east": { "texture": "#3", "uv": [ 0.0, 0.0, 0.1, 0.1 ] },
                "south": { "texture": "#3", "uv": [ 0.0, 0.0, 0.1, 0.1 ] },
                "west": { "texture": "#3", "uv": [ 0.0, 0.0, 0.1, 0.1 ] },
                "up": { "texture": "#3", "uv": [ 0.0, 0.0, 0.1, 0.1 ] },
                "down": { "texture": "#3", "uv": [ 0.0, 0.0, 0.1, 0.1 ] }
            }
        },
        {
            "name": "Cube",
            "from": [ 6.999999970197678, 5.100000001490116, 6.500000007450581 ], 
            "to": [ 14.599999964237213, 6.700000014901161, 8.10000001937151 ], 
            "rotation": { "origin": [ 8.200000002980232, 5.80000002682209, 6.1000000312924385 ], "axis": "x", "angle": 45.0 },
            "faces": {
                "north": { "texture": "#3", "uv": [ 0.0, 0.0, 0.1, 0.1 ] },
                "east": { "texture": "#3", "uv": [ 0.0, 0.0, 0.1, 0.1 ] },
                "south": { "texture": "#3", "uv": [ 0.0, 0.0, 0.1, 0.1 ] },
                "west": { "texture": "#3", "uv": [ 0.0, 0.0, 0.1, 0.1 ] },
                "up": { "texture": "#3", "uv": [ 0.0, 0.0, 0.1, 0.1 ] },
                "down": { "texture": "#3", "uv": [ 0.0, 0.0, 0.1, 0.1 ] }
            }
        },
        {
            "name": "Cube",
            "from": [ 14.399999976158142, 5.100000001490116, 7.000000014901161 ], 
            "to": [ 26.999999970197678, 6.700000014901161, 8.300000022351743 ], 
            "rotation": { "origin": [ 8.0, 5.800000011920929, 7.4000000059604645 ], "axis": "x", "angle": 45.0 },
            "faces": {
                "north": { "texture": "#3", "uv": [ 0.0, 0.0, 0.1, 0.1 ] },
                "east": { "texture": "#3", "uv": [ 0.0, 0.0, 0.1, 0.1 ] },
                "south": { "texture": "#3", "uv": [ 0.0, 0.0, 0.1, 0.1 ] },
                "west": { "texture": "#3", "uv": [ 0.0, 0.0, 0.1, 0.1 ] },
                "up": { "texture": "#3", "uv": [ 0.0, 0.0, 0.1, 0.1 ] },
                "down": { "texture": "#3", "uv": [ 0.0, 0.0, 0.1, 0.1 ] }
            }
        },
        {
            "name": "Cube",
            "from": [ 13.399999976158142, 5.000000014901161, 6.100000016391277 ], 
            "to": [ 26.999999970197678, 5.800000014901161, 8.700000016391277 ], 
            "faces": {
                "north": { "texture": "#3", "uv": [ 0.0, 0.0, 0.1, 0.1 ] },
                "east": { "texture": "#3", "uv": [ 0.0, 0.0, 0.1, 0.1 ] },
                "south": { "texture": "#3", "uv": [ 0.0, 0.0, 0.1, 0.1 ] },
                "west": { "texture": "#3", "uv": [ 0.0, 0.0, 0.1, 0.1 ] },
                "up": { "texture": "#3", "uv": [ 0.0, 0.0, 0.1, 0.1 ] },
                "down": { "texture": "#3", "uv": [ 0.0, 0.0, 0.1, 0.1 ] }
            }
        },
        {
            "name": "Cube",
            "from": [ 14.399999976158142, 5.100000001490116, 7.000000014901161 ], 
            "to": [ 26.999999970197678, 6.700000014901161, 8.300000022351743 ], 
            "rotation": { "origin": [ 8.100000001490116, 5.100000016391277, 7.700000010430813 ], "axis": "x", "angle": -45.0 },
            "faces": {
                "north": { "texture": "#3", "uv": [ 0.0, 0.0, 0.1, 0.1 ] },
                "east": { "texture": "#3", "uv": [ 0.0, 0.0, 0.1, 0.1 ] },
                "south": { "texture": "#3", "uv": [ 0.0, 0.0, 0.1, 0.1 ] },
                "west": { "texture": "#3", "uv": [ 0.0, 0.0, 0.1, 0.1 ] },
                "up": { "texture": "#3", "uv": [ 0.0, 0.0, 0.1, 0.1 ] },
                "down": { "texture": "#3", "uv": [ 0.0, 0.0, 0.1, 0.1 ] }
            }
        },
        {
            "name": "Cube",
            "from": [ 3.399999976158142, 4.100000001490116, 7.000000014901161 ], 
            "to": [ 26.999999970197678, 5.700000014901161, 8.300000022351743 ], 
            "rotation": { "origin": [ 8.0, 5.700000010430813, 7.700000010430813 ], "axis": "x", "angle": 45.0 },
            "faces": {
                "north": { "texture": "#3", "uv": [ 0.0, 0.0, 0.1, 0.1 ] },
                "east": { "texture": "#3", "uv": [ 0.0, 0.0, 0.1, 0.1 ] },
                "south": { "texture": "#3", "uv": [ 0.0, 0.0, 0.1, 0.1 ] },
                "west": { "texture": "#3", "uv": [ 0.0, 0.0, 0.1, 0.1 ] },
                "up": { "texture": "#3", "uv": [ 0.0, 0.0, 0.1, 0.1 ] },
                "down": { "texture": "#3", "uv": [ 0.0, 0.0, 0.1, 0.1 ] }
            }
        },
        {
            "name": "Cube",
            "from": [ 14.399999976158142, 4.100000001490116, 7.000000014901161 ], 
            "to": [ 26.999999970197678, 6.700000014901161, 7.800000014901161 ], 
            "faces": {
                "north": { "texture": "#3", "uv": [ 0.0, 0.0, 0.1, 0.1 ] },
                "east": { "texture": "#3", "uv": [ 0.0, 0.0, 0.1, 0.1 ] },
                "south": { "texture": "#3", "uv": [ 0.0, 0.0, 0.1, 0.1 ] },
                "west": { "texture": "#3", "uv": [ 0.0, 0.0, 0.1, 0.1 ] },
                "up": { "texture": "#3", "uv": [ 0.0, 0.0, 0.1, 0.1 ] },
                "down": { "texture": "#3", "uv": [ 0.0, 0.0, 0.1, 0.1 ] }
            }
        },
        {
            "name": "Cube",
            "from": [ 14.399999976158142, 5.0, 7.000000014901161 ], 
            "to": [ 26.999999970197678, 6.300000008940697, 8.300000022351743 ], 
            "rotation": { "origin": [ 8.100000001490116, 5.200000017881393, 6.900000013411045 ], "axis": "x", "angle": 45.0 },
            "faces": {
                "north": { "texture": "#3", "uv": [ 0.0, 0.0, 0.1, 0.1 ] },
                "east": { "texture": "#3", "uv": [ 0.0, 0.0, 0.1, 0.1 ] },
                "south": { "texture": "#3", "uv": [ 0.0, 0.0, 0.1, 0.1 ] },
                "west": { "texture": "#3", "uv": [ 0.0, 0.0, 0.1, 0.1 ] },
                "up": { "texture": "#3", "uv": [ 0.0, 0.0, 0.1, 0.1 ] },
                "down": { "texture": "#3", "uv": [ 0.0, 0.0, 0.1, 0.1 ] }
            }
        },
        {
            "name": "Cube",
            "from": [ 26.99999998509884, 5.100000001490116, 7.000000014901161 ], 
            "to": [ 29.599999979138374, 6.700000014901161, 8.300000022351743 ], 
            "rotation": { "origin": [ 8.0, 5.800000011920929, 7.4000000059604645 ], "axis": "x", "angle": 45.0 },
            "faces": {
                "north": { "texture": "#2", "uv": [ 0.0, 0.0, 0.1, 0.1 ] },
                "east": { "texture": "#2", "uv": [ 0.0, 0.0, 0.1, 0.1 ] },
                "south": { "texture": "#2", "uv": [ 0.0, 0.0, 0.1, 0.1 ] },
                "west": { "texture": "#2", "uv": [ 0.0, 0.0, 0.1, 0.1 ] },
                "up": { "texture": "#2", "uv": [ 0.0, 0.0, 0.1, 0.1 ] },
                "down": { "texture": "#2", "uv": [ 0.0, 0.0, 0.1, 0.1 ] }
            }
        },
        {
            "name": "Cube",
            "from": [ 26.999999970197678, 5.100000001490116, 7.000000014901161 ], 
            "to": [ 29.599999964237213, 6.700000014901161, 8.300000022351743 ], 
            "rotation": { "origin": [ 8.100000001490116, 5.100000016391277, 7.700000010430813 ], "axis": "x", "angle": -45.0 },
            "faces": {
                "north": { "texture": "#2", "uv": [ 0.0, 0.0, 0.1, 0.1 ] },
                "east": { "texture": "#2", "uv": [ 0.0, 0.0, 0.1, 0.1 ] },
                "south": { "texture": "#2", "uv": [ 0.0, 0.0, 0.1, 0.1 ] },
                "west": { "texture": "#2", "uv": [ 0.0, 0.0, 0.1, 0.1 ] },
                "up": { "texture": "#2", "uv": [ 0.0, 0.0, 0.1, 0.1 ] },
                "down": { "texture": "#2", "uv": [ 0.0, 0.0, 0.1, 0.1 ] }
            }
        },
        {
            "name": "Cube",
            "from": [ 26.99999998509884, 4.100000001490116, 7.000000014901161 ], 
            "to": [ 29.599999979138374, 6.700000014901161, 7.800000014901161 ], 
            "faces": {
                "north": { "texture": "#2", "uv": [ 0.0, 0.0, 0.1, 0.1 ] },
                "east": { "texture": "#2", "uv": [ 0.0, 0.0, 0.1, 0.1 ] },
                "south": { "texture": "#2", "uv": [ 0.0, 0.0, -3.9, -2.9 ] },
                "west": { "texture": "#2", "uv": [ 0.0, 0.0, 0.1, 0.1 ] },
                "up": { "texture": "#2", "uv": [ 0.0, 0.0, 0.1, 0.1 ] },
                "down": { "texture": "#2", "uv": [ 0.0, 0.0, 0.1, 0.1 ] }
            }
        },
        {
            "name": "Cube",
            "from": [ 26.999999970197678, 5.000000014901161, 6.100000016391277 ], 
            "to": [ 29.599999964237213, 5.800000014901161, 8.700000016391277 ], 
            "faces": {
                "north": { "texture": "#2", "uv": [ 0.0, 0.0, 0.1, 0.1 ] },
                "east": { "texture": "#2", "uv": [ 0.0, 0.0, 0.1, 0.1 ] },
                "south": { "texture": "#2", "uv": [ 0.0, 0.0, 0.1, 0.1 ] },
                "west": { "texture": "#2", "uv": [ 0.0, 0.0, 0.1, 0.1 ] },
                "up": { "texture": "#2", "uv": [ 0.0, 0.0, 0.1, 0.1 ] },
                "down": { "texture": "#2", "uv": [ 0.0, 0.0, 0.1, 0.1 ] }
            }
        },
        {
            "name": "Cube",
            "from": [ 26.999999970197678, 4.100000001490116, 7.000000014901161 ], 
            "to": [ 29.599999964237213, 5.700000014901161, 8.300000022351743 ], 
            "rotation": { "origin": [ 8.0, 5.700000010430813, 7.700000010430813 ], "axis": "x", "angle": 45.0 },
            "faces": {
                "north": { "texture": "#2", "uv": [ 0.0, 0.0, 0.1, 0.1 ] },
                "east": { "texture": "#2", "uv": [ 0.0, 0.0, 0.1, 0.1 ] },
                "south": { "texture": "#2", "uv": [ 0.0, 0.0, 0.1, 0.1 ] },
                "west": { "texture": "#2", "uv": [ 0.0, 0.0, 0.1, 0.1 ] },
                "up": { "texture": "#2", "uv": [ 0.0, 0.0, 0.1, 0.1 ] },
                "down": { "texture": "#2", "uv": [ 0.0, 0.0, 0.1, 0.1 ] }
            }
        },
        {
            "name": "Cube",
            "from": [ 26.99999998509884, 5.0, 7.000000014901161 ], 
            "to": [ 29.599999979138374, 6.300000008940697, 8.300000022351743 ], 
            "rotation": { "origin": [ 8.100000001490116, 5.200000017881393, 6.900000013411045 ], "axis": "x", "angle": 45.0 },
            "faces": {
                "north": { "texture": "#2", "uv": [ 0.0, 0.0, 0.1, 0.1 ] },
                "east": { "texture": "#2", "uv": [ 0.0, 0.0, 0.1, 0.1 ] },
                "south": { "texture": "#2", "uv": [ 0.0, 0.0, 0.1, 0.1 ] },
                "west": { "texture": "#2", "uv": [ 0.0, 0.0, 0.1, 0.1 ] },
                "up": { "texture": "#2", "uv": [ 0.0, 0.0, 0.1, 0.1 ] },
                "down": { "texture": "#2", "uv": [ 0.0, 0.0, 0.1, 0.1 ] }
            }
        },
        {
            "name": "Cube",
            "from": [ 29.599999979138374, 3.100000001490116, 7.000000014901161 ], 
            "to": [ 30.599999979138374, 7.700000014901161, 7.800000014901161 ], 
            "faces": {
                "north": { "texture": "#2", "uv": [ 0.0, 0.0, 0.1, 0.1 ] },
                "east": { "texture": "#2", "uv": [ 0.0, 0.0, 0.1, 0.1 ] },
                "south": { "texture": "#2", "uv": [ 0.0, 0.0, 0.1, 0.1 ] },
                "west": { "texture": "#2", "uv": [ 0.0, 0.0, 0.1, 0.1 ] },
                "up": { "texture": "#2", "uv": [ 0.0, 0.0, 0.1, 0.1 ] },
                "down": { "texture": "#2", "uv": [ 0.0, 0.0, 0.1, 0.1 ] }
            }
        },
        {
            "name": "Cube",
            "from": [ 29.599999964237213, 5.000000014901161, 5.100000016391277 ], 
            "to": [ 30.599999964237213, 5.800000014901161, 9.700000016391277 ], 
            "faces": {
                "north": { "texture": "#2", "uv": [ 0.0, 0.0, 0.1, 0.1 ] },
                "east": { "texture": "#2", "uv": [ 0.0, 0.0, 0.1, 0.1 ] },
                "south": { "texture": "#2", "uv": [ 0.0, 0.0, 0.1, 0.1 ] },
                "west": { "texture": "#2", "uv": [ 0.0, 0.0, 0.1, 0.1 ] },
                "up": { "texture": "#2", "uv": [ 0.0, 0.0, 0.1, 0.1 ] },
                "down": { "texture": "#2", "uv": [ 0.0, 0.0, 0.1, 0.1 ] }
            }
        },
        {
            "name": "Cube",
            "from": [ 29.599999964237213, 5.000000014901161, 5.100000016391277 ], 
            "to": [ 30.599999964237213, 7.700000013411045, 6.500000028312206 ], 
            "rotation": { "origin": [ 8.0, 5.4000000059604645, 6.100000001490116 ], "axis": "x", "angle": 45.0 },
            "faces": {
                "north": { "texture": "#2", "uv": [ 0.0, 0.0, 0.1, 0.1 ] },
                "east": { "texture": "#2", "uv": [ 0.0, 0.0, 0.1, 0.1 ] },
                "south": { "texture": "#2", "uv": [ 0.0, 0.0, 0.1, 0.1 ] },
                "west": { "texture": "#2", "uv": [ 0.0, 0.0, 0.1, 0.1 ] },
                "up": { "texture": "#2", "uv": [ 0.0, 0.0, 0.1, 0.1 ] },
                "down": { "texture": "#2", "uv": [ 0.0, 0.0, 0.1, 0.1 ] }
            }
        },
        {
            "name": "Cube",
            "from": [ 29.599999964237213, 5.000000014901161, 5.100000016391277 ], 
            "to": [ 30.599999964237213, 7.700000013411045, 6.500000028312206 ], 
            "rotation": { "origin": [ 7.0, 6.300000004470348, 8.300000004470348 ], "axis": "x", "angle": -45.0 },
            "faces": {
                "north": { "texture": "#2", "uv": [ 0.0, 0.0, 0.1, 0.1 ] },
                "east": { "texture": "#2", "uv": [ 0.0, 0.0, 0.1, 0.1 ] },
                "south": { "texture": "#2", "uv": [ 0.0, 0.0, 0.1, 0.1 ] },
                "west": { "texture": "#2", "uv": [ 0.0, 0.0, 0.1, 0.1 ] },
                "up": { "texture": "#2", "uv": [ 0.0, 0.0, 0.1, 0.1 ] },
                "down": { "texture": "#2", "uv": [ 0.0, 0.0, 0.1, 0.1 ] }
            }
        },
        {
            "name": "Cube",
            "from": [ 29.599999964237213, 5.000000014901161, 5.100000016391277 ], 
            "to": [ 30.599999964237213, 7.700000013411045, 6.500000028312206 ], 
            "rotation": { "origin": [ 7.0, 2.500000022351742, 4.900000013411045 ], "axis": "x", "angle": 45.0 },
            "faces": {
                "north": { "texture": "#2", "uv": [ 0.0, 0.0, 0.1, 0.1 ] },
                "east": { "texture": "#2", "uv": [ 0.0, 0.0, 0.1, 0.1 ] },
                "south": { "texture": "#2", "uv": [ 0.0, 0.0, 0.1, 0.1 ] },
                "west": { "texture": "#2", "uv": [ 0.0, 0.0, 0.1, 0.1 ] },
                "up": { "texture": "#2", "uv": [ 0.0, 0.0, 0.1, 0.1 ] },
                "down": { "texture": "#2", "uv": [ 0.0, 0.0, 0.1, 0.1 ] }
            }
        },
        {
            "name": "Cube",
            "from": [ 29.599999964237213, 4.900000013411045, 5.100000016391277 ], 
            "to": [ 30.599999964237213, 7.600000011920929, 6.500000028312206 ], 
            "rotation": { "origin": [ 7.0, 9.199999988079071, 7.0 ], "axis": "x", "angle": -45.0 },
            "faces": {
                "north": { "texture": "#2", "uv": [ 0.0, 0.0, 0.1, 0.1 ] },
                "east": { "texture": "#2", "uv": [ 0.0, 0.0, 0.1, 0.1 ] },
                "south": { "texture": "#2", "uv": [ 0.0, 0.0, 0.1, 0.1 ] },
                "west": { "texture": "#2", "uv": [ 0.0, 0.0, 0.1, 0.1 ] },
                "up": { "texture": "#2", "uv": [ 0.0, 0.0, 0.1, 0.1 ] },
                "down": { "texture": "#2", "uv": [ 0.0, 0.0, 0.1, 0.1 ] }
            }
        },
        {
            "name": "Cube",
            "from": [ 0.3999999910593033, 3.700000010430813, 7.000000014901161 ], 
            "to": [ 3.4000000059604645, 4.500000011920929, 7.800000014901161 ], 
            "faces": {
                "north": { "texture": "#4", "uv": [ 0.0, 0.0, 0.1, 0.1 ] },
                "east": { "texture": "#4", "uv": [ 0.0, 0.0, 0.1, 0.1 ] },
                "south": { "texture": "#4", "uv": [ 0.0, 0.0, 0.1, 0.1 ] },
                "west": { "texture": "#4", "uv": [ 0.0, 0.0, 0.1, 0.1 ] },
                "up": { "texture": "#4", "uv": [ 0.0, 0.0, 0.1, 0.1 ] },
                "down": { "texture": "#4", "uv": [ 0.0, 0.0, 0.1, 0.1 ] }
            }
        },
        {
            "name": "Cube",
            "from": [ 1.7999999970197678, 2.900000013411045, 7.000000014901161 ], 
            "to": [ 3.4000000208616257, 3.7000000149011614, 7.800000014901161 ], 
            "faces": {
                "north": { "texture": "#4", "uv": [ 0.0, 0.0, 0.1, 0.1 ] },
                "east": { "texture": "#4", "uv": [ 0.0, 0.0, 0.1, 0.1 ] },
                "south": { "texture": "#4", "uv": [ 0.0, 0.0, 0.1, 0.1 ] },
                "west": { "texture": "#4", "uv": [ 0.0, 0.0, 0.1, 0.1 ] },
                "up": { "texture": "#4", "uv": [ 0.0, 0.0, 0.1, 0.1 ] },
                "down": { "texture": "#4", "uv": [ 0.0, 0.0, 0.1, 0.1 ] }
            }
        },
        {
            "name": "Cube",
            "from": [ 1.8999999985098839, -0.19999998807907104, 7.100000016391277 ], 
            "to": [ 3.3000000193715096, 2.9000000178813936, 7.700000013411045 ], 
            "faces": {
                "north": { "texture": "#4", "uv": [ 0.0, 0.0, 0.1, 0.1 ] },
                "east": { "texture": "#4", "uv": [ 0.0, 0.0, 0.1, 0.1 ] },
                "south": { "texture": "#4", "uv": [ 0.0, 0.0, 0.1, 0.1 ] },
                "west": { "texture": "#4", "uv": [ 0.0, 0.0, -13.9, -0.9 ] },
                "up": { "texture": "#4", "uv": [ 0.0, 0.0, 0.1, 0.1 ] },
                "down": { "texture": "#4", "uv": [ 0.0, 0.0, 0.1, 0.1 ] }
            }
        },
        {
            "name": "Cube",
            "from": [ 2.100000001490116, 1.4901161193847656E-8, 7.000000014901161 ], 
            "to": [ 3.1000000163912773, 2.9000000178813936, 7.800000014901161 ], 
            "faces": {
                "north": { "texture": "#3", "uv": [ 0.0, 0.0, 0.1, 0.1 ] },
                "east": { "texture": "#3", "uv": [ 0.0, 0.0, 0.1, 0.1 ] },
                "south": { "texture": "#3", "uv": [ 0.0, 0.0, 0.1, 0.1 ] },
                "west": { "texture": "#3", "uv": [ 0.0, 0.0, 0.1, 0.1 ] },
                "up": { "texture": "#3", "uv": [ 0.0, 0.0, 0.1, 0.1 ] },
                "down": { "texture": "#3", "uv": [ 0.0, 0.0, 0.1, 0.1 ] }
            }
        },
        {
            "name": "Cube",
            "from": [ 0.6999999955296516, 1.800000011920929, 7.000000014901161 ], 
            "to": [ 2.1000000163912773, 2.0000000193715097, 7.800000014901161 ], 
            "faces": {
                "north": { "texture": "#4", "uv": [ 0.0, 0.0, 0.1, 0.1 ] },
                "east": { "texture": "#4", "uv": [ 0.0, 0.0, 0.1, 0.1 ] },
                "south": { "texture": "#4", "uv": [ 0.0, 0.0, 0.1, 0.1 ] },
                "west": { "texture": "#4", "uv": [ 0.0, 0.0, 0.1, 0.1 ] },
                "up": { "texture": "#4", "uv": [ 0.0, 0.0, 0.1, 0.1 ] },
                "down": { "texture": "#4", "uv": [ 0.0, 0.0, 0.1, 0.1 ] }
            }
        },
        {
            "name": "Cube",
            "from": [ 0.4999999925494194, 2.000000014901161, 7.000000014901161 ], 
            "to": [ 0.7000000104308128, 3.7000000298023226, 7.800000014901161 ], 
            "faces": {
                "north": { "texture": "#4", "uv": [ 0.0, 0.0, 0.1, 0.1 ] },
                "east": { "texture": "#4", "uv": [ 0.0, 0.0, 0.1, 0.1 ] },
                "south": { "texture": "#4", "uv": [ 0.0, 0.0, 0.1, 0.1 ] },
                "west": { "texture": "#4", "uv": [ 0.0, 0.0, 0.1, 0.1 ] },
                "up": { "texture": "#4", "uv": [ 0.0, 0.0, 0.1, 0.1 ] },
                "down": { "texture": "#4", "uv": [ 0.0, 0.0, 0.1, 0.1 ] }
            }
        },
        {
            "name": "Cube",
            "from": [ 1.4999999925494194, 3.0000000298023224, 7.200000017881393 ], 
            "to": [ 1.7000000104308128, 3.7000000447034838, 7.600000011920929 ], 
            "faces": {
                "north": { "texture": "#4", "uv": [ 0.0, 0.0, 0.1, 0.1 ] },
                "east": { "texture": "#4", "uv": [ 0.0, 0.0, 0.1, 0.1 ] },
                "south": { "texture": "#4", "uv": [ 0.0, 0.0, 0.1, 0.1 ] },
                "west": { "texture": "#4", "uv": [ 0.0, 0.0, 0.1, 0.1 ] },
                "up": { "texture": "#4", "uv": [ 0.0, 0.0, 0.1, 0.1 ] },
                "down": { "texture": "#4", "uv": [ 0.0, 0.0, 0.1, 0.1 ] }
            }
        },
        {
            "name": "Cube",
            "from": [ 1.4999999925494194, 3.0000000298023224, 7.200000017881393 ], 
            "to": [ 1.7000000104308128, 3.7000000447034838, 7.600000011920929 ], 
            "rotation": { "origin": [ 0.0, 3.4000000059604645, 8.0 ], "axis": "z", "angle": -22.5 },
            "faces": {
                "north": { "texture": "#4", "uv": [ 0.0, 0.0, 0.1, 0.1 ] },
                "east": { "texture": "#4", "uv": [ 0.0, 0.0, 0.1, 0.1 ] },
                "south": { "texture": "#4", "uv": [ 0.0, 0.0, 0.1, 0.1 ] },
                "west": { "texture": "#4", "uv": [ 0.0, 0.0, 0.1, 0.1 ] },
                "up": { "texture": "#4", "uv": [ 0.0, 0.0, 0.1, 0.1 ] },
                "down": { "texture": "#4", "uv": [ 0.0, 0.0, 0.1, 0.1 ] }
            }
        },
        {
            "name": "Cube",
            "from": [ 8.100000001490116, 1.0000000149011612, 7.000000014901161 ], 
            "to": [ 9.100000016391277, 3.9000000178813936, 7.800000014901161 ], 
            "faces": {
                "north": { "texture": "#3", "uv": [ 0.0, 0.0, 0.1, 0.1 ] },
                "east": { "texture": "#3", "uv": [ 0.0, 0.0, 0.1, 0.1 ] },
                "south": { "texture": "#3", "uv": [ 0.0, 0.0, 0.1, 0.1 ] },
                "west": { "texture": "#3", "uv": [ 0.0, 0.0, 0.1, 0.1 ] },
                "up": { "texture": "#3", "uv": [ 0.0, 0.0, 0.1, 0.1 ] },
                "down": { "texture": "#3", "uv": [ 0.0, 0.0, 0.1, 0.1 ] }
            }
        },
        {
            "name": "Cube",
            "from": [ 7.899999998509884, 0.800000011920929, 7.100000016391277 ], 
            "to": [ 9.30000001937151, 3.9000000178813936, 7.700000013411045 ], 
            "faces": {
                "north": { "texture": "#4", "uv": [ 0.0, 0.0, 0.1, 0.1 ] },
                "east": { "texture": "#4", "uv": [ 0.0, 0.0, 0.1, 0.1 ] },
                "south": { "texture": "#4", "uv": [ 0.0, 0.0, 0.1, 0.1 ] },
                "west": { "texture": "#4", "uv": [ 0.0, 0.0, 0.1, 0.1 ] },
                "up": { "texture": "#4", "uv": [ 0.0, 0.0, 0.1, 0.1 ] },
                "down": { "texture": "#4", "uv": [ 0.0, 0.0, 0.1, 0.1 ] }
            }
        },
        {
            "name": "Cube",
            "from": [ 4.399999976158142, 6.699999995529652, 6.900000013411045 ], 
            "to": [ 5.999999970197678, 6.900000017881394, 7.900000016391277 ], 
            "faces": {
                "north": { "texture": "#4", "uv": [ 0.0, 0.0, 0.1, 0.1 ] },
                "east": { "texture": "#4", "uv": [ 0.0, 0.0, 0.1, 0.1 ] },
                "south": { "texture": "#4", "uv": [ 0.0, 0.0, 0.1, 0.1 ] },
                "west": { "texture": "#4", "uv": [ 0.0, 0.0, 0.1, 0.1 ] },
                "up": { "texture": "#4", "uv": [ 0.0, 0.0, 0.1, 0.1 ] },
                "down": { "texture": "#4", "uv": [ 0.0, 0.0, 0.1, 0.1 ] }
            }
        },
        {
            "name": "Cube",
            "from": [ 4.399999976158142, 6.899999998509884, 6.900000013411045 ], 
            "to": [ 5.999999970197678, 7.300000023841858, 7.100000019371509 ], 
            "faces": {
                "north": { "texture": "#4", "uv": [ 0.0, 0.0, 0.1, 0.1 ] },
                "east": { "texture": "#4", "uv": [ 0.0, 0.0, 0.1, 0.1 ] },
                "south": { "texture": "#4", "uv": [ 0.0, 0.0, 0.1, 0.1 ] },
                "west": { "texture": "#4", "uv": [ 0.0, 0.0, 0.1, 0.1 ] },
                "up": { "texture": "#4", "uv": [ 0.0, 0.0, 0.1, 0.1 ] },
                "down": { "texture": "#4", "uv": [ 0.0, 0.0, 0.1, 0.1 ] }
            }
        },
        {
            "name": "Cube",
            "from": [ 4.399999976158142, 6.899999998509884, 7.700000010430813 ], 
            "to": [ 5.999999970197678, 7.300000023841858, 7.900000016391277 ], 
            "faces": {
                "north": { "texture": "#4", "uv": [ 0.0, 0.0, 0.1, 0.1 ] },
                "east": { "texture": "#4", "uv": [ 0.0, 0.0, 0.1, 0.1 ] },
                "south": { "texture": "#4", "uv": [ 0.0, 0.0, 0.1, 0.1 ] },
                "west": { "texture": "#4", "uv": [ 0.0, 0.0, 0.1, 0.1 ] },
                "up": { "texture": "#4", "uv": [ 0.0, 0.0, 0.1, 0.1 ] },
                "down": { "texture": "#4", "uv": [ 0.0, 0.0, 0.1, 0.1 ] }
            }
        },
        {
            "name": "Cube",
            "from": [ 4.399999976158142, 6.899999998509884, 7.100000001490116 ], 
            "to": [ 4.599999964237213, 7.300000023841858, 7.700000013411045 ], 
            "faces": {
                "north": { "texture": "#4", "uv": [ 0.0, 0.0, 0.1, 0.1 ] },
                "east": { "texture": "#4", "uv": [ 0.0, 0.0, 0.1, 0.1 ] },
                "south": { "texture": "#4", "uv": [ 0.0, 0.0, 0.1, 0.1 ] },
                "west": { "texture": "#4", "uv": [ 0.0, 0.0, 0.1, 0.1 ] },
                "up": { "texture": "#4", "uv": [ 0.0, 0.0, 0.1, 0.1 ] },
                "down": { "texture": "#4", "uv": [ 0.0, 0.0, 0.1, 0.1 ] }
            }
        },
        {
            "name": "Cube",
            "from": [ 4.499999977648258, 7.200000002980232, 7.100000001490116 ], 
            "to": [ 4.699999965727329, 7.8000000163912775, 7.700000013411045 ], 
            "faces": {
                "north": { "texture": "#4", "uv": [ 0.0, 0.0, 0.1, 0.1 ] },
                "east": { "texture": "#4", "uv": [ 0.0, 0.0, 0.1, 0.1 ] },
                "south": { "texture": "#4", "uv": [ 0.0, 0.0, 0.1, 0.1 ] },
                "west": { "texture": "#4", "uv": [ 0.0, 0.0, 0.1, 0.1 ] },
                "up": { "texture": "#4", "uv": [ 0.0, 0.0, 0.1, 0.1 ] },
                "down": { "texture": "#4", "uv": [ 0.0, 0.0, 0.1, 0.1 ] }
            }
        },
        {
            "name": "Cube",
            "from": [ 4.499999977648258, 8.600000008940697, 7.100000001490116 ], 
            "to": [ 4.699999965727329, 8.70000001490116, 7.700000013411045 ], 
            "faces": {
                "north": { "texture": "#4", "uv": [ 0.0, 0.0, 0.1, 0.1 ] },
                "east": { "texture": "#4", "uv": [ 0.0, 0.0, 0.1, 0.1 ] },
                "south": { "texture": "#4", "uv": [ 0.0, 0.0, 0.1, 0.1 ] },
                "west": { "texture": "#4", "uv": [ 0.0, 0.0, 0.1, 0.1 ] },
                "up": { "texture": "#4", "uv": [ 0.0, 0.0, 0.1, 0.1 ] },
                "down": { "texture": "#4", "uv": [ 0.0, 0.0, 0.1, 0.1 ] }
            }
        },
        {
            "name": "Cube",
            "from": [ 4.499999977648258, 7.799999997019768, 7.100000001490116 ], 
            "to": [ 4.699999965727329, 8.600000013411044, 7.200000005960464 ], 
            "faces": {
                "north": { "texture": "#4", "uv": [ 0.0, 0.0, 0.1, 0.1 ] },
                "east": { "texture": "#4", "uv": [ 0.0, 0.0, 0.1, 0.1 ] },
                "south": { "texture": "#4", "uv": [ 0.0, 0.0, 0.1, 0.1 ] },
                "west": { "texture": "#4", "uv": [ 0.0, 0.0, 0.1, 0.1 ] },
                "up": { "texture": "#4", "uv": [ 0.0, 0.0, 0.1, 0.1 ] },
                "down": { "texture": "#4", "uv": [ 0.0, 0.0, 0.1, 0.1 ] }
            }
        },
        {
            "name": "Cube",
            "from": [ 4.499999977648258, 7.799999997019768, 7.600000008940697 ], 
            "to": [ 4.699999965727329, 8.600000013411044, 7.700000013411045 ], 
            "faces": {
                "north": { "texture": "#4", "uv": [ 0.0, 0.0, 0.1, 0.1 ] },
                "east": { "texture": "#4", "uv": [ 0.0, 0.0, 0.1, 0.1 ] },
                "south": { "texture": "#4", "uv": [ 0.0, 0.0, 0.1, 0.1 ] },
                "west": { "texture": "#4", "uv": [ 0.0, 0.0, 0.1, 0.1 ] },
                "up": { "texture": "#4", "uv": [ 0.0, 0.0, 0.1, 0.1 ] },
                "down": { "texture": "#4", "uv": [ 0.0, 0.0, 0.1, 0.1 ] }
            }
        },
        {
            "name": "Cube",
            "from": [ 4.499999977648258, 7.399999991059303, 7.600000008940697 ], 
            "to": [ 4.799999967217445, 7.7, 7.900000016391277 ], 
            "faces": {
                "north": { "texture": "#4", "uv": [ 0.0, 0.0, 0.1, 0.1 ] },
                "east": { "texture": "#4", "uv": [ 0.0, 0.0, 0.1, 0.1 ] },
                "south": { "texture": "#4", "uv": [ 0.0, 0.0, 0.1, 0.1 ] },
                "west": { "texture": "#4", "uv": [ 0.0, 0.0, 0.1, 0.1 ] },
                "up": { "texture": "#4", "uv": [ 0.0, 0.0, 0.1, 0.1 ] },
                "down": { "texture": "#4", "uv": [ 0.0, 0.0, 0.1, 0.1 ] }
            }
        },
        {
            "name": "Cube",
            "from": [ 4.499999977648258, 7.399999991059303, 6.899999998509884 ], 
            "to": [ 4.799999967217445, 7.7, 7.200000005960464 ], 
            "faces": {
                "north": { "texture": "#4", "uv": [ 0.0, 0.0, 0.1, 0.1 ] },
                "east": { "texture": "#4", "uv": [ 0.0, 0.0, 0.1, 0.1 ] },
                "south": { "texture": "#4", "uv": [ 0.0, 0.0, 0.1, 0.1 ] },
                "west": { "texture": "#4", "uv": [ 0.0, 0.0, 0.1, 0.1 ] },
                "up": { "texture": "#4", "uv": [ 0.0, 0.0, 0.1, 0.1 ] },
                "down": { "texture": "#4", "uv": [ 0.0, 0.0, 0.1, 0.1 ] }
            }
        },
        {
            "name": "Cube",
            "from": [ -3.600000023841858, 6.299999989569187, 6.900000013411045 ], 
            "to": [ -2.0000000298023224, 6.500000011920929, 7.900000016391277 ], 
            "faces": {
                "north": { "texture": "#4", "uv": [ 0.0, 0.0, 0.1, 0.1 ] },
                "east": { "texture": "#4", "uv": [ 0.0, 0.0, 0.1, 0.1 ] },
                "south": { "texture": "#4", "uv": [ 0.0, 0.0, 0.1, 0.1 ] },
                "west": { "texture": "#4", "uv": [ 0.0, 0.0, 0.1, 0.1 ] },
                "up": { "texture": "#4", "uv": [ 0.0, 0.0, 0.1, 0.1 ] },
                "down": { "texture": "#4", "uv": [ 0.0, 0.0, 0.1, 0.1 ] }
            }
        },
        {
            "name": "Cube",
            "from": [ -3.600000023841858, 6.499999992549419, 6.900000013411045 ], 
            "to": [ -2.0000000298023224, 6.8000000163912775, 7.100000019371509 ], 
            "faces": {
                "north": { "texture": "#4", "uv": [ 0.0, 0.0, 0.1, 0.1 ] },
                "east": { "texture": "#4", "uv": [ 0.0, 0.0, 0.1, 0.1 ] },
                "south": { "texture": "#4", "uv": [ 0.0, 0.0, 0.1, 0.1 ] },
                "west": { "texture": "#4", "uv": [ 0.0, 0.0, 0.1, 0.1 ] },
                "up": { "texture": "#4", "uv": [ 0.0, 0.0, 0.1, 0.1 ] },
                "down": { "texture": "#4", "uv": [ 0.0, 0.0, 0.1, 0.1 ] }
            }
        },
        {
            "name": "Cube",
            "from": [ -3.600000023841858, 6.499999992549419, 7.700000010430813 ], 
            "to": [ -2.0000000298023224, 6.8000000163912775, 7.900000016391277 ], 
            "faces": {
                "north": { "texture": "#4", "uv": [ 0.0, 0.0, 0.1, 0.1 ] },
                "east": { "texture": "#4", "uv": [ 0.0, 0.0, 0.1, 0.1 ] },
                "south": { "texture": "#4", "uv": [ 0.0, 0.0, 0.1, 0.1 ] },
                "west": { "texture": "#4", "uv": [ 0.0, 0.0, 0.1, 0.1 ] },
                "up": { "texture": "#4", "uv": [ 0.0, 0.0, 0.1, 0.1 ] },
                "down": { "texture": "#4", "uv": [ 0.0, 0.0, 0.1, 0.1 ] }
            }
        },
        {
            "name": "Cube",
            "from": [ -3.600000023841858, 6.499999992549419, 7.100000001490116 ], 
            "to": [ -3.400000035762787, 6.8000000163912775, 7.700000013411045 ], 
            "faces": {
                "north": { "texture": "#4", "uv": [ 0.0, 0.0, 0.1, 0.1 ] },
                "east": { "texture": "#4", "uv": [ 0.0, 0.0, 0.1, 0.1 ] },
                "south": { "texture": "#4", "uv": [ 0.0, 0.0, 0.1, 0.1 ] },
                "west": { "texture": "#4", "uv": [ 0.0, 0.0, 0.1, 0.1 ] },
                "up": { "texture": "#4", "uv": [ 0.0, 0.0, 0.1, 0.1 ] },
                "down": { "texture": "#4", "uv": [ 0.0, 0.0, 0.1, 0.1 ] }
            }
        },
        {
            "name": "Cube",
            "from": [ -3.500000022351742, 6.699999995529652, 7.100000001490116 ], 
            "to": [ -3.3000000342726707, 8.000000019371509, 7.700000013411045 ], 
            "faces": {
                "north": { "texture": "#4", "uv": [ 0.0, 0.0, 0.1, 0.1 ] },
                "east": { "texture": "#4", "uv": [ 0.0, 0.0, 0.1, 0.1 ] },
                "south": { "texture": "#4", "uv": [ 0.0, 0.0, 0.1, 0.1 ] },
                "west": { "texture": "#4", "uv": [ 0.0, 0.0, 0.1, 0.1 ] },
                "up": { "texture": "#4", "uv": [ 0.0, 0.0, 0.1, 0.1 ] },
                "down": { "texture": "#4", "uv": [ 0.0, 0.0, 0.1, 0.1 ] }
            }
        },
        {
            "name": "Cube",
            "from": [ -3.500000022351742, 8.49999999254942, 7.100000001490116 ], 
            "to": [ -3.3000000342726707, 8.600000013411044, 7.700000013411045 ], 
            "faces": {
                "north": { "texture": "#4", "uv": [ 0.0, 0.0, 0.1, 0.1 ] },
                "east": { "texture": "#4", "uv": [ 0.0, 0.0, 0.1, 0.1 ] },
                "south": { "texture": "#4", "uv": [ 0.0, 0.0, 0.1, 0.1 ] },
                "west": { "texture": "#4", "uv": [ 0.0, 0.0, 0.1, 0.1 ] },
                "up": { "texture": "#4", "uv": [ 0.0, 0.0, 0.1, 0.1 ] },
                "down": { "texture": "#4", "uv": [ 0.0, 0.0, 0.1, 0.1 ] }
            }
        },
        {
            "name": "Cube",
            "from": [ -3.500000022351742, 7.999999985098839, 7.100000001490116 ], 
            "to": [ -3.3000000342726707, 8.500000011920928, 7.200000005960464 ], 
            "faces": {
                "north": { "texture": "#4", "uv": [ 0.0, 0.0, 0.1, 0.1 ] },
                "east": { "texture": "#4", "uv": [ 0.0, 0.0, 0.1, 0.1 ] },
                "south": { "texture": "#4", "uv": [ 0.0, 0.0, 0.1, 0.1 ] },
                "west": { "texture": "#4", "uv": [ 0.0, 0.0, 0.1, 0.1 ] },
                "up": { "texture": "#4", "uv": [ 0.0, 0.0, 0.1, 0.1 ] },
                "down": { "texture": "#4", "uv": [ 0.0, 0.0, 0.1, 0.1 ] }
            }
        },
        {
            "name": "Cube",
            "from": [ -3.500000022351742, 7.999999985098839, 7.600000008940697 ], 
            "to": [ -3.3000000342726707, 8.500000011920928, 7.700000013411045 ], 
            "faces": {
                "north": { "texture": "#4", "uv": [ 0.0, 0.0, 0.1, 0.1 ] },
                "east": { "texture": "#4", "uv": [ 0.0, 0.0, 0.1, 0.1 ] },
                "south": { "texture": "#4", "uv": [ 0.0, 0.0, 0.1, 0.1 ] },
                "west": { "texture": "#4", "uv": [ 0.0, 0.0, 0.1, 0.1 ] },
                "up": { "texture": "#4", "uv": [ 0.0, 0.0, 0.1, 0.1 ] },
                "down": { "texture": "#4", "uv": [ 0.0, 0.0, 0.1, 0.1 ] }
            }
        },
        {
            "name": "Cube",
            "from": [ -3.500000022351742, 7.999999985098839, 7.4000000059604645 ], 
            "to": [ -3.3000000342726707, 8.300000008940696, 7.4000000089406965 ], 
            "faces": {
                "north": { "texture": "#4", "uv": [ 0.0, 0.0, 0.1, 0.1 ] },
                "east": { "texture": "#4", "uv": [ 0.0, 0.0, 0.1, 0.1 ] },
                "south": { "texture": "#4", "uv": [ 0.0, 0.0, 0.1, 0.1 ] },
                "west": { "texture": "#4", "uv": [ 0.0, 0.0, 0.1, 0.1 ] },
                "up": { "texture": "#4", "uv": [ 0.0, 0.0, 0.1, 0.1 ] },
                "down": { "texture": "#4", "uv": [ 0.0, 0.0, 0.1, 0.1 ] }
            }
        }
    ]
}