{
    "__comment": "Model generated using MrCrayfish's Model Creator (https://mrcrayfish.com/tools?id=mc)",
    "textures": {
        "0": "blocks/missiles/missile_chemical"
    },
    "elements": [
        {
            "name": "set2",
            "from": [ 6, -15.7, 6.2 ], 
            "to": [ 11.5, -10.8, 11.7 ], 
            "faces": {
                "north": { "texture": "#0", "uv": [ 5, 2.4, 7.5, 3.7 ] },
                "east": { "texture": "#0", "uv": [ 5, 2.4, 7.5, 3.7 ] },
                "south": { "texture": "#0", "uv": [ 5, 2.4, 7.5, 3.7 ] },
                "west": { "texture": "#0", "uv": [ 5, 2.4, 7.5, 3.7 ] },
                "up": { "texture": "#0", "uv": [ 1, 0, 2.9, 0.8 ] },
                "down": { "texture": "#0", "uv": [ 0, 2, 2.5, 3.6 ] }
            }
        },
        {
            "name": "set1",
            "from": [ 6.9, -11.2, 7.1 ], 
            "to": [ 10.6, 8.7, 10.8 ], 
            "faces": {
                "north": { "texture": "#0", "uv": [ 0, 1, 1, 7.6 ] },
                "east": { "texture": "#0", "uv": [ 0, 1, 1, 7.6 ] },
                "south": { "texture": "#0", "uv": [ 0, 1, 1, 7.6 ] },
                "west": { "texture": "#0", "uv": [ 0, 1, 1, 7.6 ] },
                "up": { "texture": "#0", "uv": [ 0, 0, 2.1, 2.1 ] },
                "down": { "texture": "#0", "uv": [ 0, 0, 2.1, 2.1 ] }
            }
        },
        {
            "name": "Cube",
            "from": [ 7.8, 10.6, 7.9 ], 
            "to": [ 9.5, 15.2, 9.6 ], 
            "faces": {
                "north": { "texture": "#0", "uv": [ 10.5, 14.2, 11, 15.3 ] },
                "east": { "texture": "#0", "uv": [ 10.5, 14.2, 11, 15.3 ] },
                "south": { "texture": "#0", "uv": [ 10.5, 14.2, 11, 15.3 ] },
                "west": { "texture": "#0", "uv": [ 11.5, 14.2, 11.8, 15.3 ] },
                "up": { "texture": "#0", "uv": [ 1, 6, 2, 7 ] },
                "down": { "texture": "#0", "uv": [ 0, 0, 0, 0 ] }
            }
        },
        {
            "name": "set-6",
            "from": [ 8.3, -15.6, 4.9 ], 
            "to": [ 9, -10.8, 13.2 ], 
            "faces": {
                "north": { "texture": "#0", "uv": [ 7, 0.1, 7.2, 2.1 ] },
                "east": { "texture": "#0", "uv": [ 7, 0.1, 7.2, 2.1 ] },
                "south": { "texture": "#0", "uv": [ 7, 0.1, 7.2, 2.1 ] },
                "west": { "texture": "#0", "uv": [ 7, 0.1, 7.2, 2.1 ] },
                "up": { "texture": "#0", "uv": [ 7, 0.1, 7.2, 2.1 ] },
                "down": { "texture": "#0", "uv": [ 7, 0.1, 7.2, 2.1 ] }
            }
        },
        {
            "name": "set-7",
            "from": [ 4.1, -15.6, 8.5 ], 
            "to": [ 13.4, -10.8, 9.2 ], 
            "faces": {
                "north": { "texture": "#0", "uv": [ 7, 0.1, 7.2, 2.1 ] },
                "east": { "texture": "#0", "uv": [ 7, 0.1, 7.2, 2.1 ] },
                "south": { "texture": "#0", "uv": [ 7, 0.1, 7.2, 2.1 ] },
                "west": { "texture": "#0", "uv": [ 7, 0.1, 7.2, 2.1 ] },
                "up": { "texture": "#0", "uv": [ 7, 0.1, 7.2, 2.1 ] },
                "down": { "texture": "#0", "uv": [ 7, 0.1, 7.2, 2.1 ] }
            }
        },
        {
            "name": "set-2",
            "from": [ 8.4, 0.9, 5.5 ], 
            "to": [ 9.1, 5.7, 12.4 ], 
            "faces": {
                "north": { "texture": "#0", "uv": [ 7, 0.1, 7.2, 2.1 ] },
                "east": { "texture": "#0", "uv": [ 7, 0.1, 7.2, 2.1 ] },
                "south": { "texture": "#0", "uv": [ 7, 0.1, 7.2, 2.1 ] },
                "west": { "texture": "#0", "uv": [ 7, 0.1, 7.2, 2.1 ] },
                "up": { "texture": "#0", "uv": [ 7, 0.1, 7.2, 2.1 ] },
                "down": { "texture": "#0", "uv": [ 7, 0.1, 7.2, 2.1 ] }
            }
        },
        {
            "name": "set-4",
            "from": [ 5.3, 0.9, 8.6 ], 
            "to": [ 12.2, 5.7, 9.3 ], 
            "faces": {
                "north": { "texture": "#0", "uv": [ 7, 0.1, 7.2, 2.1 ] },
                "east": { "texture": "#0", "uv": [ 7, 0.1, 7.2, 2.1 ] },
                "south": { "texture": "#0", "uv": [ 7, 0.1, 7.2, 2.1 ] },
                "west": { "texture": "#0", "uv": [ 7, 0.1, 7.2, 2.1 ] },
                "up": { "texture": "#0", "uv": [ 7, 0.1, 7.2, 2.1 ] },
                "down": { "texture": "#0", "uv": [ 7, 0.1, 7.2, 2.1 ] }
            }
        },
        {
            "name": "set-10",
            "from": [ 8.2, -6.6, 7.7 ], 
            "to": [ 10.5, -3.8, 8.2 ], 
            "rotation": { "origin": [ 10.49999999254942, -3.7999999970197678, 8.0 ], "axis": "z", "angle": -45.0 },
            "faces": {
                "north": { "texture": "#0", "uv": [ 7, 0.1, 7.2, 2.1 ] },
                "east": { "texture": "#0", "uv": [ 7, 0.1, 7.2, 2.1 ] },
                "south": { "texture": "#0", "uv": [ 7, 0.1, 7.2, 2.1 ] },
                "west": { "texture": "#0", "uv": [ 7, 0.1, 7.2, 2.1 ] },
                "up": { "texture": "#0", "uv": [ 7, 0.1, 7.2, 2.1 ] },
                "down": { "texture": "#0", "uv": [ 7, 0.1, 7.2, 2.1 ] }
            }
        },
        {
            "name": "set-8",
            "from": [ 12.4, -12.3, 8.5 ], 
            "to": [ 18.9, -5.7, 9.2 ], 
            "rotation": { "origin": [ 10.099999986588955, -1.6000000089406967, 8.0 ], "axis": "z", "angle": -45.0 },
            "faces": {
                "north": { "texture": "#0", "uv": [ 7, 0.1, 7.2, 2.1 ] },
                "east": { "texture": "#0", "uv": [ 7, 0.1, 7.2, 2.1 ] },
                "south": { "texture": "#0", "uv": [ 7, 0.1, 7.2, 2.1 ] },
                "west": { "texture": "#0", "uv": [ 7, 0.1, 7.2, 2.1 ] },
                "up": { "texture": "#0", "uv": [ 7, 0.1, 7.2, 2.1 ] },
                "down": { "texture": "#0", "uv": [ 7, 0.1, 7.2, 2.1 ] }
            }
        },
        {
            "name": "set-12",
            "from": [ 8.3, -11.7, 10 ], 
            "to": [ 9, -5.9, 15.8 ], 
            "rotation": { "origin": [ 8.0, -5.200000002980232, 8.600000008940697 ], "axis": "x", "angle": 45.0 },
            "faces": {
                "north": { "texture": "#0", "uv": [ 7, 0.1, 7.2, 2.1 ] },
                "east": { "texture": "#0", "uv": [ 7, 0.1, 7.2, 2.1 ] },
                "south": { "texture": "#0", "uv": [ 7, 0.1, 7.2, 2.1 ] },
                "west": { "texture": "#0", "uv": [ 7, 0.1, 7.2, 2.1 ] },
                "up": { "texture": "#0", "uv": [ 7, 0.1, 7.2, 2.1 ] },
                "down": { "texture": "#0", "uv": [ 7, 0.1, 7.2, 2.1 ] }
            }
        },
        {
            "name": "set-9",
            "from": [ 7.6, -6.6, 5.2 ], 
            "to": [ 8.1, -3.8, 7.5 ], 
            "rotation": { "origin": [ 8.0, -7.399999991059303, 9.0 ], "axis": "x", "angle": 45.0 },
            "faces": {
                "north": { "texture": "#0", "uv": [ 7, 0.1, 7.2, 2.1 ] },
                "east": { "texture": "#0", "uv": [ 7, 0.1, 7.2, 2.1 ] },
                "south": { "texture": "#0", "uv": [ 7, 0.1, 7.2, 2.1 ] },
                "west": { "texture": "#0", "uv": [ 7, 0.1, 7.2, 2.1 ] },
                "up": { "texture": "#0", "uv": [ 7, 0.1, 7.2, 2.1 ] },
                "down": { "texture": "#0", "uv": [ 7, 0.1, 7.2, 2.1 ] }
            }
        },
        {
            "name": "set-1",
            "from": [ 8.4, 2.8, 5.6 ], 
            "to": [ 9.1, 6.9, 9.9 ], 
            "rotation": { "origin": [ 8.0, 3.7999999970197678, 9.399999991059303 ], "axis": "x", "angle": 45.0 },
            "faces": {
                "north": { "texture": "#0", "uv": [ 7, 0.1, 7.2, 2.1 ] },
                "east": { "texture": "#0", "uv": [ 7, 0.1, 7.2, 2.1 ] },
                "south": { "texture": "#0", "uv": [ 7, 0.1, 7.2, 2.1 ] },
                "west": { "texture": "#0", "uv": [ 7, 0.1, 7.2, 2.1 ] },
                "up": { "texture": "#0", "uv": [ 7, 0.1, 7.2, 2.1 ] },
                "down": { "texture": "#0", "uv": [ 7, 0.1, 7.2, 2.1 ] }
            }
        },
        {
            "name": "set-3",
            "from": [ 8.4, -0.1, 5 ], 
            "to": [ 9.1, 4.1, 9.2 ], 
            "rotation": { "origin": [ 8.0, 3.6999999955296516, 9.299999989569187 ], "axis": "x", "angle": -45.0 },
            "faces": {
                "north": { "texture": "#0", "uv": [ 7, 0.1, 7.2, 2.1 ] },
                "east": { "texture": "#0", "uv": [ 7, 0.1, 7.2, 2.1 ] },
                "south": { "texture": "#0", "uv": [ 7, 0.1, 7.2, 2.1 ] },
                "west": { "texture": "#0", "uv": [ 7, 0.1, 7.2, 2.1 ] },
                "up": { "texture": "#0", "uv": [ 7, 0.1, 7.2, 2.1 ] },
                "down": { "texture": "#0", "uv": [ 7, 0.1, 7.2, 2.1 ] }
            }
        },
        {
            "name": "set-11",
            "from": [ 6.5, 3.2, 8.6 ], 
            "to": [ 10.7, 7.3, 9.3 ], 
            "rotation": { "origin": [ 9.199999992549419, 5.300000004470348, 8.0 ], "axis": "z", "angle": -45.0 },
            "faces": {
                "north": { "texture": "#0", "uv": [ 7, 0.1, 7.2, 2.1 ] },
                "east": { "texture": "#0", "uv": [ 7, 0.1, 7.2, 2.1 ] },
                "south": { "texture": "#0", "uv": [ 7, 0.1, 7.2, 2.1 ] },
                "west": { "texture": "#0", "uv": [ 7, 0.1, 7.2, 2.1 ] },
                "up": { "texture": "#0", "uv": [ 7, 0.1, 7.2, 2.1 ] },
                "down": { "texture": "#0", "uv": [ 7, 0.1, 7.2, 2.1 ] }
            }
        },
        {
            "name": "set-5",
            "from": [ 3.7, 0.4, 8.6 ], 
            "to": [ 7.9, 4.6, 9.3 ], 
            "rotation": { "origin": [ 9.199999992549419, 5.300000004470348, 8.0 ], "axis": "z", "angle": 45.0 },
            "faces": {
                "north": { "texture": "#0", "uv": [ 7, 0.1, 7.2, 2.1 ] },
                "east": { "texture": "#0", "uv": [ 7, 0.1, 7.2, 2.1 ] },
                "south": { "texture": "#0", "uv": [ 7, 0.1, 7.2, 2.1 ] },
                "west": { "texture": "#0", "uv": [ 7, 0.1, 7.2, 2.1 ] },
                "up": { "texture": "#0", "uv": [ 7, 0.1, 7.2, 2.1 ] },
                "down": { "texture": "#0", "uv": [ 7, 0.1, 7.2, 2.1 ] }
            }
        },
        {
            "name": "set3",
            "from": [ 6.9, 8.7, 7.1 ], 
            "to": [ 10.6, 10.5, 10.8 ], 
            "faces": {
                "north": { "texture": "#0", "uv": [ 12.8, 15.4, 14, 15.9 ] },
                "east": { "texture": "#0", "uv": [ 12.8, 15.4, 14, 15.9 ] },
                "south": { "texture": "#0", "uv": [ 13, 15.4, 14.1, 15.9 ] },
                "west": { "texture": "#0", "uv": [ 12.8, 15.4, 14, 15.9 ] },
                "up": { "texture": "#0", "uv": [ 13, 14.4, 14, 15.4 ] },
                "down": { "texture": "#0", "uv": [ 0, 0, 2.1, 2.1 ] }
            }
        },
        {
            "name": "set1323",
            "from": [ 6.5, 8.7, 6.7 ], 
            "to": [ 11, 9.3, 11.2 ], 
            "faces": {
                "north": { "texture": "#0", "uv": [ 10.8, 2.4, 12, 2.9 ] },
                "east": { "texture": "#0", "uv": [ 10.8, 2.4, 12, 2.9 ] },
                "south": { "texture": "#0", "uv": [ 10.8, 2.4, 12, 2.9 ] },
                "west": { "texture": "#0", "uv": [ 10.8, 2.4, 12, 2.9 ] },
                "up": { "texture": "#0", "uv": [ 10.8, 2.4, 12, 2.9 ] },
                "down": { "texture": "#0", "uv": [ 10.8, 2.4, 12, 2.9 ] }
            }
        },
        {
            "name": "Cube",
            "from": [ 6.5, 7, 6.7 ], 
            "to": [ 11, 7.6, 11.2 ], 
            "faces": {
                "north": { "texture": "#0", "uv": [ 10.8, 2.4, 12, 2.9 ] },
                "east": { "texture": "#0", "uv": [ 10.8, 2.4, 12, 2.9 ] },
                "south": { "texture": "#0", "uv": [ 10.8, 2.4, 12, 2.9 ] },
                "west": { "texture": "#0", "uv": [ 10.8, 2.4, 12, 2.9 ] },
                "up": { "texture": "#0", "uv": [ 10.8, 2.4, 12, 2.9 ] },
                "down": { "texture": "#0", "uv": [ 10.8, 2.4, 12, 2.9 ] }
            }
        }
    ]
}